-418.8790204786391,15.0,0.0,0.0,15,0.0
-418.03902047863915,15.0,0.056,0.0,15,0.0
-417.3790204786968,14.999999998688699,0.1,2.6226018690067576e-08,15.0,0.8399999737739563
-416.5990204786967,15.000000000002885,0.152,-5.7696070143720135e-11,15.0,1.5
-415.8790204787652,14.999999998572367,0.2,2.855267666745931e-08,15.0,2.2799999713897705
-415.0990204787649,15.000000000006304,0.252,-1.2607870303327218e-10,15.0,3.7799999713897705
-414.37902047883324,14.999999998575777,0.3,2.848446456482634e-08,15.0,3.7799999713897705
-413.59902047883276,15.000000000009706,0.352,-1.9412027540965937e-10,15.0,4.5
-412.87902047832875,15.000000010500099,0.4,-2.1000198557885597e-07,15.0,6.0
-412.0969965805871,15.038921110416894,0.452,-0.7800002094979845,15.0,6.78000020980835
-411.3770014374388,14.999898815589196,0.5,0.0020236882436961423,15.0,6.78000020980835
-410.59700668694586,14.999899047941357,0.552,0.0020190412002989433,15.0,7.5
-409.87528647495225,15.035837749867344,0.6,-0.7179862083067405,15.0,9.0
-409.09529618336137,14.999813299824334,0.652,0.003734003686872711,15.0,9.0
-408.3753051223105,14.999813771893283,0.7,0.0037245623065587097,15.0,9.779999732971191
-407.5953147822365,14.999814232192119,0.752,0.003715356328598318,15.0,11.279999732971191
-406.87532367654836,14.999814701836913,0.8,0.003705963431400505,15.0,11.279999732971191
-406.09533328823335,14.999815159903882,0.852,0.0036968020907579557,15.0,12.779999732971191
-405.3753421381308,14.999815627136627,0.9,0.0036874574345802102,15.0,12.779999732971191
-404.5953517018157,14.999816082982878,0.952,0.003678340508315614,15.0,13.5
-403.8753605075205,14.99981654781562,1.0,0.003669043852255527,15.0,14.279999732971191
-403.09537002344496,14.99981700145224,1.052,0.003659971118622707,15.0,15.779999732971191
-402.37537878517793,14.99981746389696,1.1,0.0036507222229715808,15.0,15.779999732971191
-401.5953882535805,14.99981791533499,1.152,0.003641693461190698,15.0,16.5
-400.8753969692723,14.999818423087326,1.2,0.0036315384131171413,15.0,17.280000686645508
-400.0933824345991,15.03874105140782,1.252,-0.7763771772786754,15.0,18.780000686645508
-399.3733959642554,14.999718132160133,1.3,0.005637357394505216,15.0,18.780000686645508
-398.59341058799123,14.99971877431047,1.3519999999999999,0.005624514383725909,15.0,19.5
-397.87342405007945,14.999719539829295,1.4,0.005609204002382739,15.0,20.280000686645508
-397.0934386007922,14.99972017860123,1.452,0.00559642855967013,15.0,21.0
-396.3734519956497,14.999720940468904,1.5,0.005581191201429192,15.0,21.780000686645508
-395.593466473704,14.999721575879308,1.552,0.005568482989417589,15.0,22.5
-394.8734798016665,14.999722334114063,1.6,0.005553318289628351,15.0,23.280000686645508
-394.0934942074252,14.99972296617972,1.6520000000000001,0.005540676972600522,15.0,24.0
-393.3735074688268,14.999723720799697,1.7,0.005525584568431441,15.0,24.780000686645508
-392.59352180265086,14.99972434953731,1.752,0.005513009812318614,15.0,25.5
-391.8735349978239,14.99972510056056,1.8,0.005497989342757137,15.0,26.280000686645508
-391.0935492600726,14.99972572598675,1.8519999999999999,0.005485480815195842,15.0,27.0
-390.3735623893479,14.999726473431236,1.9,0.0054705319209915615,15.0,28.5
-389.5935765803787,14.99972709556254,1.952,0.005458089291209944,15.0,29.280000686645508
-388.87358964408526,14.999727839446132,2.0,0.0054432116149314425,15.0,29.280000686645508
-388.0936037642537,14.999728458299003,2.052,0.005430834553862951,15.0,30.0
-387.373616762719,14.999729198639484,2.1,0.0054160277398978,15.0,30.780000686645508
-386.59363081237905,14.999729814230292,2.152,0.005403715920124341,15.0,31.5
-385.8736437505065,14.999730455677952,2.2,0.005390886963198227,15.0,32.279998779296875
-385.0936577299983,14.999731163619275,2.252,0.005376728132603148,15.0,33.779998779296875
-384.3736706035235,14.999731801558525,2.3,0.00536396934393224,15.0,33.779998779296875
-383.5936845131975,14.99973250626974,2.352,0.005349875115598479,15.0,34.5
-382.87369732244304,14.999733140718101,2.4,0.0053371861447431,15.0,35.279998779296875
-382.0937111626478,14.999733842215335,2.452,0.0053231561960842555,15.0,36.779998779296875
-381.3737239079347,14.99973447319024,2.5,0.0053105366944237176,15.0,36.779998779296875
-380.59373767901724,14.999735171489542,2.552,0.005296570704445003,15.0,38.279998779296875
-379.8737503606648,14.999735799008338,2.6,0.005284020325007077,15.0,38.279998779296875
-379.09376406297025,14.99973649412568,2.652,0.005270117974305322,15.0,39.0
-378.37377668129636,14.999737118205623,2.7,0.0052576363719936126,15.0,40.5
-377.59379031516823,14.999737810156894,2.752,0.0052437973427572615,15.0,40.5
-376.8738028704891,14.99973843081516,2.8,0.005231384174010145,15.0,41.279998779296875
-376.0917924605707,15.038661729200236,2.852,-0.7747811711468557,15.0,42.779998779296875
-375.37180981074073,14.99963853812439,2.9,0.007229238771572,15.0,42.779998779296875
-374.591828558474,14.999639466667565,2.952,0.007210667898391421,15.0,43.5
-373.8718458220091,14.999640343018617,3.0,0.007193140868253067,15.0,44.279998779296875
-373.09186447611313,14.999641267230052,3.052,0.007174656630013487,15.0,45.0
-372.37188165344594,14.99964213889965,3.1,0.0071572232291146065,15.0,45.779998779296875
-371.59190021438826,14.999643058800977,3.152,0.0071388251931807645,15.0,46.5
-370.87191730594924,14.999643925812496,3.2,0.007121484953984236,15.0,47.279998779296875
-370.0919357741951,14.999644841425237,3.252,0.007103172689880921,15.0,48.0
-369.3702276703083,15.035585497642657,3.3,-0.7129152955560016,15.0,49.5
-368.59025053160406,14.999560359696758,3.352,0.008792808330838398,15.0,49.5
-367.87027158240124,14.999561441725556,3.4,0.008771167738188979,15.0,50.279998779296875
-367.09029432952565,14.999562555299718,3.452,0.00874889623787567,15.0,51.0
-366.3703152752079,14.99956363161996,3.5,0.008727369816597275,15.0,52.5
-365.5903379087311,14.999564739938386,3.552,0.00870520343124781,15.0,52.5
-364.8703587498233,14.99956581057858,3.6,0.008683790611144104,15.0,53.279998779296875
-364.0903812703126,14.999566913667518,3.652,0.00866172881580951,15.0,54.0
-363.37040200733713,14.99956797865603,3.7,0.008640429029640018,15.0,55.5
-362.59042441535695,14.999569076541594,3.752,0.00861847130198612,15.0,55.5
-361.8704450488334,14.999570135906644,3.8,0.00859728398529569,15.0,56.279998779296875
-361.0904673449454,14.999571228614817,3.852,0.008575429805716794,15.0,57.0
-360.3687627474741,15.03551244731976,3.9,-0.7114468663062894,15.0,58.5
-359.58878941756575,14.999487113621637,3.952,0.010257731165040695,15.0,58.5
-358.8670888268534,15.035428973174987,4.0,-0.7097689389266293,15.0,60.0
-358.08711984913333,14.99940341769382,4.052,0.01193165178574418,15.0,60.779998779296875
-357.36714841356036,14.999404907770545,4.1,0.011901850208914766,15.0,60.779998779296875
-356.58717928091505,14.999406397024948,4.152,0.011872065078762262,15.0,61.5
-355.86720770270597,14.999407879355443,4.2,0.011842418427193024,15.0,62.279998779296875
-355.0872384159091,14.99940936147807,4.252,0.011812775933151443,15.0,63.0
-354.36726669577627,14.999410836101019,4.3,0.011783283433146607,15.0,63.779998779296875
-353.5872972555976,14.999412311127491,4.352,0.011753782862854223,15.0,64.5
-352.8673253942497,14.99941377808138,4.4,0.011724443744640212,15.0,65.27999877929688
-352.08735580145526,14.999415246047128,4.452,0.011695084389430122,15.0,66.77999877929688
-351.36738379959746,14.999416705370258,4.5,0.011665897886985022,15.0,66.77999877929688
-350.5874140549493,14.999418166310543,4.552,0.011636679041657771,15.0,67.5
-349.86744191328336,14.999419618041017,4.6,0.01160764439293871,15.0,68.27999877929688
-349.0874720175398,14.999421071990922,4.652,0.011578565355762294,15.0,69.0
-348.3674997367638,14.999422516166657,4.7,0.011549681802421219,15.0,69.77999877929688
-347.58752969067945,14.999423963161089,4.752,0.01152074187530161,15.0,70.5
-346.86755727148807,14.999425399819811,4.8,0.01149200866279898,15.0,71.27999877929688
-346.0875870758136,14.999426839893502,4.852,0.011463207151052757,15.0,72.0
-345.3676145188981,14.999428269072748,4.9,0.01143462352865754,15.0,73.5
-344.58764417438056,14.999429702260262,4.952,0.011405959741011884,15.0,73.5
-343.86767148042867,14.999431123997383,5.0,0.011377524961687868,15.0,74.27999877929688
-343.08770098781133,14.999432550333102,5.052,0.0113489982104511,15.0,75.77999877929688
-342.3677281575074,14.999433964665261,5.1,0.01132071153091374,15.0,75.77999877929688
-341.58775751752984,14.999435384183405,5.152,0.01129232113174794,15.0,76.5
-340.86778455155473,14.999436791147582,5.2,0.011264181812407514,15.0,78.0
-340.08781376495284,14.999438203882196,5.252,0.011235927084385366,15.0,78.77999877929688
-339.3678406639841,14.999439603515182,5.3,0.011207934389403817,15.0,78.77999877929688
-338.5878697314901,14.99944100950014,5.352,0.011179814655008613,15.0,79.5
-337.86789649620187,14.999442401838548,5.4,0.011151967852129019,15.0,80.27999877929688
-337.0879254185443,14.999443801107557,5.452,0.011123982437254654,15.0,81.0
-336.36795204960725,14.999445186187812,5.5,0.011096280797971758,15.0,81.77999877929688
-335.587980827511,14.999446578774405,5.552,0.01106842903186589,15.0,82.5
-334.8680073255926,14.999447956632752,5.6,0.011040871831255572,15.0,83.27999877929688
-334.08803595977895,14.999449342570305,5.652,0.01101315304651962,15.0,84.0
-333.3680623255433,14.999450713242807,5.7,0.010985739563295738,15.0,85.5
-332.58606675246085,15.03837640543152,5.752,-0.769040626201047,15.0,86.27999877929688
-331.86609784431596,14.999352253018303,5.8,0.012954946881393425,15.0,86.27999877929688
-331.0861314431465,14.99935386864351,5.852,0.012922634323160764,15.0,87.0
-330.3661623797442,14.999355487547183,5.9,0.01289025619576023,15.0,87.77999877929688
-329.5861958107829,14.99935709540956,5.952,0.012858098894923842,15.0,88.5
-328.86622659289856,14.999358705923683,6.0,0.012825888559348186,15.0,89.27999877929688
-328.08625985698336,14.999360306061996,6.052,0.012793885740563837,15.0,90.0
-327.3662904853884,14.999361908228463,6.1,0.012761842358884223,15.0,90.77999877929688
-326.58632358335296,14.999363500681286,6.152,0.012729993250729876,15.0,92.27999877929688
-325.866354058815,14.999365094541782,6.2,0.012698115989280723,15.0,93.0
-325.0863869914889,14.999366679347489,6.252,0.01266641982414285,15.0,93.0
-324.3664173147716,14.999368264943492,6.3,0.012634707853351301,15.0,93.77999877929688
-323.58645008298026,14.99936984214027,6.352,0.01260316386753857,15.0,94.5
-322.8664802548436,14.999371419513048,6.4,0.012571616361981341,15.0,95.27999877929688
-322.0865128594084,14.999372989138898,6.452,0.01254022379549724,15.0,96.0
-321.36654288060856,14.999374558329519,6.5,0.012508839933843774,15.0,96.77999877929688
-320.5865753223466,14.999376120422246,6.552,0.012477598030557147,15.0,97.5
-319.86660519363596,14.999377681471568,6.6,0.012446376995626451,15.0,98.27999877929688
-319.0866374733604,14.999379236068789,6.652,0.012415285003157805,15.0,99.0
-318.36494202146133,15.035321914563214,6.7,-0.7076169947212634,15.0,100.5
-317.58497862542583,14.999296077606175,6.752,0.01407845717778855,15.0,101.27999877929688
-316.86501232878106,14.999297846765746,6.8,0.014043073916411686,15.0,101.27999877929688
-316.08504874994685,14.99929959296523,6.852,0.014008149858057095,15.0,102.0
-315.36508228500355,14.999301352984917,6.9,0.013972949395395062,15.0,103.5
-314.58511852428353,14.999303090769525,6.952,0.013938193635567586,15.0,103.5
-313.8651518918822,14.999304841694974,7.0,0.013903175058715078,15.0,104.27999877929688
-313.08518795018466,14.999306571106729,7.052,0.013868586756927925,15.0,105.0
-312.36522115116145,14.999308312983354,7.1,0.013833749157583952,15.0,105.77999877929688
-311.5852570293901,14.999310034064065,7.152,0.013799327477670431,15.0,107.27999877929688
-310.86529006457715,14.99931176693705,7.2,0.01376466995213832,15.0,107.27999877929688
-310.08532576363126,14.99931347972832,7.252,0.013730414061967622,15.0,108.0
-309.36535863385643,14.999315203642627,7.3,0.013695935710984486,15.0,108.77999877929688
-308.58539415463076,14.999316908185854,7.352,0.013661844782689059,15.0,109.5
-307.8637016718311,15.035260058326003,7.4,-0.7063736759916424,15.0,111.0
-307.08374150069767,14.999234060258733,7.452,0.015318806808011232,15.0,111.0
-306.3637781731459,14.999235990662385,7.5,0.015280198644575194,15.0,111.77999877929688
-305.58381780310947,14.999237885315539,7.552,0.015242305493245567,15.0,113.27999877929688
-304.86385429243234,14.999239805774112,7.6,0.015203896232776515,15.0,113.27999877929688
-304.08389372448624,14.999241691271065,7.652,0.015166186206784005,15.0,114.0
-303.3639300315982,14.99924360183422,7.7,0.015127974856000037,15.0,114.77999877929688
-302.5839692667307,14.999245478220692,7.752,0.015090447040904564,15.0,115.5
-301.8640053925417,14.999247378937843,7.8,0.015052432611526001,15.0,116.27999877929688
-301.0840444317362,14.999249246259327,7.852,0.01501508609743496,15.0,117.0
-300.36408037715154,14.999251137179643,7.9,0.014977267606070654,15.0,117.77999877929688
-299.5841192213865,14.99925299548141,7.952,0.01494010148758207,15.0,118.5
-298.86415498730713,14.999254876653813,8.0,0.01490247795572941,15.0,119.27999877929688
-298.08419363755615,14.999256725980903,8.052,0.014865491331988778,15.0,120.0
-297.3642292248784,14.999258597454073,8.1,0.01482806178609053,15.0,120.77999877929688
-296.5842676821101,14.999260437851305,8.152,0.01479125376073398,15.0,122.27999877929688
-295.8643030917258,14.999262299673672,8.2,0.014754017232121441,15.0,122.27999877929688
-295.08434135690413,14.999264131185635,8.252,0.014717386913332575,15.0,123.0
-294.36437658970067,14.999265983405394,8.3,0.014680342438111893,15.0,123.77999877929688
-293.5844146637847,14.999267806076459,8.352,0.014643888938451255,15.0,124.5
-292.8644497206451,14.999269648741562,8.4,0.014607035557560266,15.0,125.27999877929688
-292.08448760458907,14.999271462615878,8.452,0.014570757994022188,15.0,126.0
-291.36452248639193,14.999273295774037,8.5,0.014534094753173576,15.0,126.77999877929688
-290.5845601811454,14.999275100895533,8.552,0.014497992247186176,15.0,127.5
-289.8645948887648,14.999276924594225,8.6,0.014461518196867473,15.0,128.27999877929688
-289.0846323952725,14.999278721006608,8.652,0.014425589874292655,15.0,129.0
-288.3646669295784,14.999280535293067,8.7,0.01438930406976624,15.0,129.77999877929688
-287.5847042487803,14.999282323039827,8.752,0.014353549060729165,15.0,130.5
-286.8647386106382,14.999284127961058,8.8,0.014317450561918577,15.0,131.27999877929688
-286.0847757434698,14.99928590708547,8.852,0.01428186800092135,15.0,132.0
-285.36480993374073,14.999287702688239,8.9,0.01424595587246813,15.0,132.77999877929688
-284.5848468811326,14.99928947323336,8.952,0.014210544898389799,15.0,134.27999877929688
-283.8648809006735,14.999291259564197,9.0,0.014174818209653495,15.0,134.27999877929688
-283.08289355076766,15.038218267419637,9.052,-0.7658592013312386,15.0,135.77999877929688
-282.3629322582907,14.999193593270471,9.1,0.016128148574580337,15.0,135.77999877929688
-281.5829740876275,14.9991955896766,9.152,0.016088220348422055,15.0,136.5
-280.8630126018626,14.999197620103041,9.2,0.016047611714725463,15.0,137.27999877929688
-280.0830542223066,14.999199606844847,9.252,0.016007876776541252,15.0,138.77999877929688
-279.36309254421894,14.999201626826729,9.3,0.015967477035644606,15.0,138.77999877929688
-278.5831339568134,14.999203603952473,9.352,0.01592793442017637,15.0,139.5
-277.8631720873634,14.999205613541957,9.4,0.015887742528832405,15.0,141.0
-277.08321329314623,14.999207581099657,9.452,0.015848391275710583,15.0,141.77999877929688
-276.3632512332895,14.999209580348634,9.5,0.015808406196015312,15.0,141.77999877929688
-275.5832922332934,14.99921153838607,9.552,0.01576924534964519,15.0,143.27999877929688
-274.86332998398075,14.999213527346177,9.6,0.01572946604886738,15.0,143.27999877929688
-274.0833707792334,14.999215475910892,9.652,0.015690494658372245,15.0,144.0
-273.363408341411,14.99921745463351,9.7,0.015650920108839728,15.0,145.5
-272.581424797833,15.038145068807742,9.752,-0.7643866420687573,15.0,146.27999877929688
-271.861467030353,14.999120155832685,9.8,0.01759690150925053,15.0,146.27999877929688
-271.0815126692717,14.999122328487132,9.852,0.017553448286093953,15.0,147.0
-270.36155469090096,14.999124549391086,9.9,0.017509030070527842,15.0,147.77999877929688
-269.5816001019029,14.999126711501091,9.952,0.017465787738160543,15.0,149.27999877929688
-268.8616419136944,14.999128921009309,10.0,0.0174215974393519,15.0,149.27999877929688
-268.0816870979178,14.999131072627527,10.052,0.017378564944692698,15.0,150.0
-267.3617287009195,14.999133270796916,10.1,0.017334601424465745,15.0,150.77999877929688
-266.5817736594968,14.999135411975741,10.152,0.017291777719606216,15.0,151.5
-265.86181505475133,14.999137598862927,10.2,0.01724803984546952,15.0,153.0
-265.08185978880925,14.999139729654487,10.252,0.017205423887787674,15.0,153.0
-264.3619009773541,14.999141905315803,10.3,0.017161910532990987,15.0,154.5
-263.58194548801396,14.99914402577197,10.352,0.017119501285037586,15.0,154.5
-262.86198647088133,14.99914619026348,10.4,0.017076211328287627,15.0,155.27999877929688
-262.08203075925866,14.999148300435866,10.452,0.017034007757786185,15.0,156.77999877929688
-261.36207153747563,14.999150453813344,10.5,0.016990940083587702,15.0,156.77999877929688
-260.58211560468044,14.999152553753301,10.552,0.016948941163491327,15.0,157.5
-259.862156179269,14.999154696072248,10.6,0.016906094661806037,15.0,158.27999877929688
-259.08017587239516,15.038082824497133,10.652,-0.7631344799267481,15.0,159.77999877929688
-258.3602211023263,14.999057709768207,10.7,0.018845826947085698,15.0,159.77999877929688
-257.5782457975391,15.037986630522438,10.752,-0.7611994029840616,15.0,161.27999877929688
-256.8582956596317,14.998961206404454,10.8,0.020775901803119723,15.0,161.27999877929688
-256.078349544084,14.998963760533242,10.852,0.02072481900739831,15.0,162.0
-255.35839915718594,14.998966393709418,10.9,0.0206721552582394,15.0,162.77999877929688
-254.5764285621793,15.037896057820296,10.952,-0.7593774578436978,15.0,164.27999877929688
-253.85648278561624,14.998870345063962,11.0,0.022593137162914445,15.0,164.27999877929688
-253.0765413835189,14.998873117256846,11.052,0.022537693022911753,15.0,165.0
-252.356595336186,14.99887598610229,11.1,0.022480315823315777,15.0,165.77999877929688
-251.57665364145865,14.998878744756892,11.152,0.02242514245313032,15.0,166.5
-250.85498203285036,15.034825179339538,11.2,-0.6976331628194998,15.0,168.0
-250.075044532689,14.998798080025646,11.252,0.024038445788789886,15.0,168.0
-249.3551020777787,14.998801143964762,11.3,0.023977166653253335,15.0,168.77999877929688
-248.57516426550234,14.998804082237553,11.352,0.02391840086039565,15.0,169.5
-247.85522152323492,14.998807130571183,11.4,0.02385743383990757,15.0,170.27999877929688
-247.07528340040216,14.998810054476369,11.452,0.02379895540417465,15.0,171.0
-246.3553403722126,14.99881308728244,11.5,0.023738298940088498,15.0,171.77999877929688
-245.57337768454528,15.03774399360211,11.552,-0.7563186728703499,15.0,173.27999877929688
-244.8534392300459,14.998717802070795,11.6,0.025644014796966985,15.0,173.27999877929688
-244.0714814572515,15.037649476815337,11.652,-0.7544175307036198,15.0,174.77999877929688
-243.35154755366543,14.998622991376836,11.7,0.027540242090765332,15.0,174.77999877929688
-242.57161898309062,14.998626357207224,11.752,0.027472924973665158,15.0,175.5
-241.851684749445,14.998629867616899,11.8,0.027402716251629045,15.0,177.0
-241.0717558221639,14.998633216944684,11.852,0.027335729194135183,15.0,177.0
-240.351821260107,14.998636709519443,11.9,0.02726587717830853,15.0,177.77999877929688
-239.57189197790078,14.998640042427036,11.952,0.027199218532132363,15.0,178.5
-238.8519570890725,14.99864351725593,12.0,0.027129721441440324,15.0,179.27999877929688
-238.0720274537136,14.998646833825317,12.052,0.02706338956664922,15.0,180.0
-237.35209223974573,14.998650290996961,12.1,0.026994245628657154,15.0,180.77999877929688
-236.57216225299763,14.998653591309733,12.152,0.026928238893390244,15.0,181.5
-235.85222671551384,14.998657030912293,12.2,0.026859446344644766,15.0,183.0
-235.07229637913125,14.998660315049626,12.252,0.026793763125283476,15.0,183.0
-234.35236051974704,14.998663737170833,12.3,0.026725320211028247,15.0,183.77999877929688
-233.57242983547593,14.998667005213496,12.352,0.026659958892082614,15.0,185.27999877929688
-232.85249365579878,14.998670409940647,12.4,0.02659186386631518,15.0,185.27999877929688
-232.0725626253764,14.998673661969004,12.452,0.026526822840367004,15.0,186.0
-231.35262612700575,14.998677049388956,12.5,0.026459073965838797,15.0,186.77999877929688
-230.57269475216063,14.99868028548298,12.552,0.026394351633371116,15.0,187.5
-229.85275793668788,14.998683655682147,12.6,0.0263269471816443,15.0,188.27999877929688
-229.07282621913998,14.998686875921402,12.652,0.026262541951211915,15.0,189.0
-228.35288908814866,14.998690228985783,12.7,0.02619548020226148,15.0,189.77999877929688
-227.57295702960926,14.998693433449438,12.752,0.026131390490434114,15.0,190.5
-226.85301958467497,14.998696769464589,12.8,0.026064669732988932,15.0,191.27999877929688
-226.07308718684695,14.998699958231418,12.852,0.026000893964180705,15.0,192.0
-225.35314942953738,14.99870327728248,12.9,0.025934512495325635,15.0,192.77999877929688
-224.573216694115,14.99870645043087,12.952,0.025871049101738208,15.0,193.5
-223.85327862599007,14.998709752602547,13.0,0.02580500522725515,15.0,194.27999877929688
-223.07334555465914,14.998712910210482,13.052,0.02574185264904827,15.0,195.0
-222.35340717727095,14.998716195587065,13.1,0.025676144683131952,15.0,195.77999877929688
-221.57347377170888,14.998719337732146,13.152,0.025613301368196062,15.0,196.5
-220.8535350866018,14.9987226063975,13.2,0.02554792763334035,15.0,197.27999877929688
-220.0736013484776,14.998725733156943,13.252,0.025485392037296606,15.0,198.0
-219.35193702998995,15.034673301826373,13.3,-0.6945808698384894,15.0,199.5
-218.57200744678428,14.99864583087854,13.352,0.027083448649193542,15.0,199.5
-217.85207228083272,14.998649290657788,13.4,0.02701425255798995,15.0,200.27999877929688
-217.07214234597743,14.998652593371325,13.452,0.026948197806405005,15.0,201.0
-216.35220685627013,14.998656035568471,13.5,0.02687935336479086,15.0,201.77999877929688
-215.57227657152123,14.998659322094575,13.552,0.026813622368990764,15.0,202.5
-214.85234075967495,14.998662746797413,13.6,0.026745127821016013,15.0,204.0
-214.07241012677966,14.998666017216918,13.652,0.026679718964203403,15.0,204.77999877929688
-213.35247399440306,14.998669424512808,13.7,0.026611572562558194,15.0,204.77999877929688
-212.5725430150999,14.998672678906143,13.752,0.026546484236064316,15.0,205.5
-211.8526065637936,14.998676068881998,13.8,0.026478684242363215,15.0,206.27999877929688
-211.07267523981247,14.99867930732919,13.852,0.026413914845534237,15.0,207.0
-210.35273847116903,14.998682680071509,13.9,0.02634645952974779,15.0,207.77999877929688
-209.57280680423113,14.998685902652175,13.952,0.02628200747011533,15.0,208.5
-208.85286971983527,14.998689258247008,14.0,0.02621489511108166,15.0,209.27999877929688
-208.07293771165317,14.998692465040385,14.052,0.026150758803851204,15.0,210.77999877929688
-207.35300031308165,14.99869580357335,14.1,0.02608398768910547,15.0,210.77999877929688
-206.57306796535943,14.998698994658275,14.152,0.026020165557440578,15.0,211.5
-205.8514049208399,15.034646760822994,14.2,-0.6940474867203079,15.0,213.0
-205.07147672110764,14.998619225620054,14.252,0.027615557799208545,15.0,213.0
-204.35154282888823,14.99862275457144,14.3,0.02754497823462998,15.0,213.77999877929688
-203.5716142705978,14.998626120970146,14.352,0.027477649750892397,15.0,214.5
-202.85168004826207,14.998629631994028,14.4,0.027407428744425033,15.0,215.27999877929688
-202.07175113320395,14.998632981887297,14.452,0.027340430377023495,15.0,216.77999877929688
-201.35181658240043,14.998636475073189,14.5,0.02727056613827017,15.0,217.5
-200.56986300462034,15.037568803463202,14.552,-0.7527948830581863,15.0,218.27999877929688
-199.84993298528934,14.998542069395821,14.6,0.029158694721900247,15.0,218.27999877929688
-199.06798427728182,15.037475153990785,14.652,-0.7509112859470974,15.0,219.77999877929688
-198.3480587668556,14.99844813388013,14.7,0.031037422060421704,15.0,219.77999877929688
-197.56813926704896,14.998451919357597,14.752,0.030961711783504597,15.0,220.5
-196.84648799500908,15.034401500830999,14.8,-0.6891187884098713,15.0,222.0
-196.06657257916814,14.998373381556998,14.852,0.03253248363006378,15.0,222.0
-195.3466504567832,14.998377549685795,14.9,0.03244912017413526,15.0,222.77999877929688
-194.5667346185461,14.998381504560165,14.952,0.03237002185591109,15.0,223.5
-193.84681210727075,14.99838565156981,15.0,0.03228708079615217,15.0,224.27999877929688
-193.06689584874675,14.998389587000274,15.052,0.032208371368369626,15.0,225.0
-192.34697295052294,14.998393712996226,15.1,0.032125850595491556,15.0,225.77999877929688
-191.5670562738108,14.998397629079873,15.152,0.03204752811615208,15.0,226.5
-190.84540758866981,15.034347607104262,15.2,-0.688035795171686,15.0,228.0
-190.06549498185458,14.99831936183096,15.252,0.03361288996933354,15.0,228.0
-189.34557544567508,14.99832367040649,15.3,0.03352671748763214,15.0,228.77999877929688
-188.56566240243657,14.998327754586873,15.352,0.033445032964039,15.0,229.5
-187.84574246445214,14.998332041341966,15.4,0.03335929690564399,15.0,231.0
-187.06582898696965,14.99833610543278,15.452,0.03327801418697618,15.0,231.0
-186.34590864918678,14.99834037047639,15.5,0.03319271237256771,15.0,231.77999877929688
-185.56599473962874,14.998344414577954,15.552,0.03311182945236624,15.0,232.5
-184.84607400404386,14.998348658018491,15.6,0.033026959713481574,15.0,233.27999877929688
-184.06615966456786,14.998352682230616,15.652,0.03294647459523503,15.0,234.0
-183.34623853316742,14.998356904175948,15.7,0.03286203477438221,15.0,235.5
-182.56632376592032,14.998360908597942,15.752,0.03278194547169733,15.0,236.27999877929688
-181.84640224068085,14.998365109155403,15.8,0.03269793342195726,15.0,236.27999877929688
-181.06648704779877,14.998369093886089,15.852,0.032618237958274676,15.0,237.0
-180.34656513068697,14.998373273162477,15.9,0.03253465154347168,15.0,237.77999877929688
-179.56664951429536,14.998377238300172,15.952,0.032455347952179636,15.0,238.5
-178.8467272072681,14.998381396401749,16.0,0.03237218504688144,15.0,240.0
-178.06681116948178,14.998385342044294,16.052,0.03229327137103155,15.0,240.0
-177.34688847448606,14.998389479076788,16.1,0.03221052986049244,15.0,240.77999877929688
-176.56697201740934,14.998393405321522,16.152,0.032132004153083926,15.0,242.27999877929688
-175.84704893638263,14.998397521390142,16.2,0.032049681932903695,15.0,242.27999877929688
-175.06713206210927,14.99840142833393,16.252,0.03197154225648546,15.0,243.0
-174.34720859697916,14.998405523543353,16.3,0.03188963723295046,15.0,243.77999877929688
-173.56729130759248,14.998409411282562,16.352,0.03181188165996218,15.0,245.27999877929688
-172.84736746027713,14.998413485736943,16.4,0.03173039174976111,15.0,245.27999877929688
-172.06744975784997,14.99841735436748,16.452,0.03165301836196477,15.0,246.77999877929688
-171.34580013280632,15.034367188410085,16.5,-0.6884292792108795,15.0,247.5
-170.56588650538777,14.998338988818613,16.552,0.033220345832830844,15.0,247.5
-169.8459660295622,14.998343246365664,16.6,0.03313519395447884,15.0,248.27999877929688
-169.0660519708168,14.998347283565323,16.652,0.03305444907692845,15.0,249.0
-168.34613109787858,14.998351519546736,16.7,0.032969728525415576,15.0,250.5
-167.56621660996024,14.998355536891417,16.752,0.032889380760536824,15.0,250.5
-166.8462953418923,14.99835975141487,16.8,0.0328050893820091,15.0,251.27999877929688
-166.0663804269441,14.998363749003714,16.852,0.03272513674681932,15.0,252.0
-165.34645876571966,14.998367942176355,16.9,0.032641272398166166,15.0,252.77999877929688
-164.56654342587404,14.998371920108012,16.951999999999998,0.03256171291945975,15.0,254.27999877929688
-163.84662137345626,14.998376092036453,17.0,0.032478273468200314,15.0,254.27999877929688
-163.066705610835,14.998380050409068,17.052,0.032399105182832955,15.0,255.0
-162.3467831691774,14.99838420119939,17.1,0.03231608850722978,15.0,255.77999877929688
-161.56686698589166,14.99838814011063,17.152,0.03223730946172054,15.0,256.5
-160.846944156938,14.99839226986838,17.2,0.03215471345055221,15.0,257.2799987792969
-160.0670275550884,14.998396189415423,17.252,0.03207632170114039,15.0,258.7799987792969
-159.34710434077257,14.998400298245622,17.3,0.03199414425381519,15.0,258.7799987792969
-158.56718732244929,14.99840419852516,17.352,0.03191613786651715,15.0,259.5
-157.84726372469575,14.998408286532303,17.4,0.031834376892959426,15.0,260.2799987792969
-157.0673462919784,14.998412167640545,17.452,0.03175675394339805,15.0,261.7799987792969
-156.34742231270184,14.99841623492861,17.5,0.031675407363820796,15.0,261.7799987792969
-155.56750446765986,14.998420096961281,17.552,0.031598165937282374,15.0,262.5
-154.8475801087654,14.998424143633727,17.6,0.03151723168235776,15.0,263.2799987792969
-154.06766185345774,14.99842798668608,17.652,0.031440369873678264,15.0,264.7799987792969
-153.34773711684116,14.998432012845841,17.7,0.03135984588453766,15.0,264.7799987792969
-152.5678184533165,14.998435837012652,17.752,0.03128336179798907,15.0,265.5
-151.8478933408639,14.99843984276216,17.8,0.031203246025768294,15.0,266.2799987792969
-151.06797427116072,14.998443648137727,17.852,0.03112713777522913,15.0,267.0
-150.34804878474895,14.998447633578895,17.9,0.031047428181523173,15.0,267.7799987792969
-149.56812931089559,14.99845142025705,17.951999999999998,0.030971693890194274,15.0,268.5
-148.84820345239197,14.998455385491287,18.0,0.030892388446659425,15.0,269.2799987792969
-148.06828357640657,14.998459153565392,18.052,0.030817026247120793,15.0,270.7799987792969
-147.34835734766926,14.998463098693591,18.1,0.030738122935701995,15.0,270.7799987792969
-146.56843707155994,14.998466848256543,18.152,0.030663130969855956,15.0,271.5
-145.84851047443777,14.998470773379111,18.2,0.03058462778227522,15.0,273.0
-145.06858980020257,14.99847450452334,18.252,0.03051000420134642,15.0,273.0
-144.34866283653503,14.998478409740166,18.3,0.03043189913967126,15.0,273.7799987792969
-143.56874176616205,14.998482122557643,18.352,0.030357642104092974,15.0,275.2799987792969
-142.8488144377796,14.99848600796812,18.4,0.030279933180224816,15.0,275.2799987792969
-142.06889297324693,14.998489702550364,18.452,0.030206040859525274,15.0,276.0
-141.34723990088457,15.034439007549606,18.5,-0.6898724946078119,15.0,277.5
-140.56732253010856,14.998410976462008,18.552,0.0317805777545459,15.0,277.5
-139.84739860785987,14.998415046847045,18.6,0.031699169233718294,15.0,278.2799987792969
-139.06748082444986,14.998418911731026,18.652,0.031621870779247274,15.0,279.0
-138.34583112519863,15.034368734401172,18.7,-0.6884603458107108,15.0,280.5
-137.56591741720072,14.998340538421145,18.752,0.03318935344049123,15.0,280.5
-136.8459968671876,14.998344791939358,18.8,0.03310428214155081,15.0,282.0
-136.06608272826526,14.998348825429765,18.852,0.03302361145148325,15.0,282.0
-135.34443636862306,15.034299159212779,18.9,-0.6870622496261376,15.0,283.5
-134.5645262869506,14.99827080139328,18.951999999999998,0.03458411001605555,15.0,284.2799987792969
-133.84460907561194,14.998275236221591,19.0,0.03449541239166365,15.0,284.2799987792969
-133.06469854490666,14.998279436639956,19.052,0.034411403027149845,15.0,285.0
-132.3447809201538,14.99828384901742,19.1,0.03432315443558309,15.0,286.5
-131.564869942658,14.99828802876581,19.152,0.03423955848535343,15.0,286.5
-130.8449519065554,14.99829241880453,19.2,0.03415175668425263,15.0,288.0
-130.06504048450012,14.998296577986164,19.252,0.034068572083754134,15.0,288.0
-129.3451220391018,14.998300945797679,19.3,0.03398121484212879,15.0,288.7799987792969
-128.565210174707,14.998305084515243,19.352,0.03389843953732452,15.0,289.5
-127.84529132205692,14.998309430210538,19.4,0.0338115246352686,15.0,291.0
-127.06537901753143,14.998313548566225,19.452,0.033729156582182895,15.0,291.0
-126.34545975966317,14.99831787225573,19.5,0.033642681810817976,15.0,291.7799987792969
-125.56554701720492,14.998321970351203,19.552,0.03356071897593438,15.0,292.5
-124.84562735614195,14.998326272144807,19.6,0.033474682137295986,15.0,293.2799987792969
-124.06571417793774,14.998330350081229,19.652,0.03339312249715931,15.0,294.0
-123.34579411569352,14.998334630088257,19.7,0.033307521404537965,15.0,294.7799987792969
-122.56588050391927,14.998338687966296,19.752,0.03322636294558379,15.0,295.5
-121.84596004249705,14.998342946295535,19.8,0.03314119542295657,15.0,296.2799987792969
-121.06604599931786,14.998346984215338,19.852,0.03306043614207965,15.0,297.0
-120.3461251407111,14.998351220975033,19.9,0.03297570002439443,15.0,297.7799987792969
-119.56621066828122,14.998355239036265,19.951999999999998,0.032895337928039226,15.0,298.5
-118.84614542077585,15.001359323027685,20.0,-0.027186527532705895,15.0,299.3399963378906
-118.06623089561838,14.99835625302854,20.052,0.032875057863236634,15.0,300.0
-117.34630959326522,14.998360465690094,20.1,0.03279080372385579,15.0,300.7799987792969
-116.56639464126386,14.998364461564734,20.152,0.03271088537388778,15.0,301.5
-115.84647294592541,14.998368652884775,20.2,0.03262705807838984,15.0,302.2799987792969
-115.06453318371584,15.03730311941504,20.252,-0.7474512465831822,15.0,303.7799987792969
-114.34461595582513,14.998275581055754,20.3,0.03448851562637856,15.0,303.7799987792969
-113.56470540723151,14.998279780646543,20.352,0.034404522813986205,15.0,304.5
-112.84478776600932,14.99828419212962,20.4,0.03431629211075915,15.0,305.2799987792969
-112.06487677071443,14.998288371054574,20.452,0.034232712629830075,15.0,306.0
-111.3449587182247,14.998292760203372,20.5,0.03414492862782481,15.0,306.7799987792969
-110.56504727845929,14.998296918565677,20.552,0.03406176041443132,15.0,307.5
-109.84512881675566,14.998301285491715,20.6,0.03397442088294156,15.0,309.0
-109.06521693473918,14.998305423394045,20.652,0.03389166188344461,15.0,309.0
-108.34529806586521,14.998309768208284,20.7,0.03380476460307591,15.0,309.7799987792969
-107.56538574380606,14.998313885752804,20.752,0.03372241277389776,15.0,311.2799987792969
-106.84546646979489,14.998318208565657,20.8,0.033635955536169604,15.0,311.2799987792969
-106.06555370989048,14.99832230585401,20.852,0.03355400884424853,15.0,312.0
-105.34563403276529,14.998326606775334,20.9,0.03346798945176488,15.0,312.7799987792969
-104.56572083720205,14.998330683908675,20.951999999999998,0.03338644587381623,15.0,313.5
-103.84580075897573,14.99833496304778,21.0,0.033300862140208665,15.0,314.2799987792969
-103.06588712992914,14.998339020126739,21.052,0.03321971966340698,15.0,315.0
-102.34596665260467,14.99834327759239,21.1,0.03313456941310733,15.0,315.7799987792969
-101.56605259223939,14.998347314717106,21.152,0.033053826034461053,15.0,316.5
-100.84613171780977,14.998351550617524,21.2,0.03296910710287193,15.0,318.0
-100.06419283785735,15.037286152931406,21.252,-0.7471100184675379,15.0,318.7799987792969
-99.34427642678689,14.998258563967244,21.3,0.03482886148486841,15.0,319.5
-98.56436676095822,14.998262804397564,21.352,0.03474405185221485,15.0,319.5
-97.84444993247742,14.998267260017327,21.4,0.03465493838399425,15.0,321.0
-97.06453981553932,14.998271479577888,21.452,0.034570546161717175,15.0,321.0
-96.34462257173249,14.998275912642983,21.5,0.034481883802925495,15.0,321.7799987792969
-95.56471200593772,14.998280111437996,21.552,0.03439790690663358,15.0,322.5
-94.84479434887876,14.998284522061049,21.6,0.03430969340450929,15.0,323.2799987792969
-94.06488333646867,14.998288700194191,21.652,0.03422612976038408,15.0,324.0
-93.3449652682213,14.998293088487255,21.7,0.03413836287359118,15.0,324.7799987792969
-92.5650538114261,14.998297246061709,21.752,0.03405521041781867,15.0,325.5
-91.84513533404353,14.998301612136284,21.8,0.033967887916162454,15.0,326.2799987792969
-91.06522343508229,14.998305749254696,21.852,0.03388514459555836,15.0,327.0
-90.34357912805119,15.034256396481723,21.9,-0.6862029564431964,15.0,328.5
-89.5636712751769,14.998227939890151,21.951999999999998,0.03544135058791653,15.0,328.5
-88.84375611584147,14.99823248615432,22.0,0.03535042416535816,15.0,330.0
-88.06384780280469,14.998236789169063,22.052,0.035264362797647664,15.0,330.0
-87.34393221980821,14.99824131242596,22.1,0.035173896537571636,15.0,330.7799987792969
-86.56402344890678,14.998245594258448,22.152,0.03508825883091049,15.0,331.5
-85.84410744436491,14.998250094622954,22.2,0.03499825043547844,15.0,332.2799987792969
-85.0641982178852,14.998254355378954,22.252,0.03491303427421144,15.0,333.0
-84.34428179390284,14.998258832965373,22.3,0.03482348145706737,15.0,334.5
-83.56437211411983,14.998263072750122,22.352,0.03473868473628272,15.0,334.5
-82.84445527279159,14.99826752767219,22.4,0.03464958522243933,15.0,336.0
-82.06454514196885,14.998271746590408,22.452,0.03456520584751388,15.0,336.0
-81.34462788537873,14.998276178961293,22.5,0.03447655737340938,15.0,337.5
-80.56471730576864,14.998280377117164,22.552,0.034392593260406557,15.0,337.5
-79.84479963599024,14.998284787049473,22.6,0.03430439357362047,15.0,339.0
-79.06488860983382,14.998288964546669,22.652,0.03422084264889236,15.0,339.0
-78.34497052893052,14.99829335215244,22.7,0.03413308950842975,15.0,339.7799987792969
-77.56505905845763,14.998297509094119,22.752,0.03404994970861708,15.0,340.5
-76.84514056848234,14.998301874484836,22.8,0.03396264088462431,15.0,342.0
-76.06522865591171,14.998306010973632,22.852,0.033879910156770165,15.0,342.0
-75.34530975890725,14.998310354260216,22.9,0.03379304343053491,15.0,342.7799987792969
-74.56539740644655,14.99831447039826,22.951999999999998,0.03371071973185735,15.0,343.5
-73.84547810444535,14.998318791691085,23.0,0.03362429289569491,15.0,344.2799987792969
-73.06354091444553,15.037253653842964,23.052,-0.7464564051031175,15.0,345.7799987792969
-72.34362606797193,14.998225968199504,23.1,0.0354807848967198,15.0,345.7799987792969
-71.56371809305539,14.998230286856744,23.152,0.03539441066720883,15.0,346.5
-70.8438028213585,14.998234827019031,23.2,0.03530360628684548,15.0,348.0
-70.06389438688888,14.998239124415912,23.252,0.03521765728061155,15.0,348.0
-69.34397869209198,14.998243641601393,23.3,0.035127312453369086,15.0,349.5
-68.5640698003641,14.998247917844067,23.352,0.035041786547139964,15.0,349.5
-67.84415368458008,14.99825241216747,23.4,0.03495189897813589,15.0,350.2799987792969
-67.06424433787723,14.998256667361568,23.452,0.034866794059041695,15.0,351.0
-66.34432780320827,14.998261138937046,23.5,0.0347773614650464,15.0,351.7799987792969
-65.56441800380252,14.99826537318767,23.552,0.034692675430846975,15.0,352.5
-64.8445010523403,14.998269822128815,23.6,0.03460369553971532,15.0,353.2799987792969
-64.0645908024922,14.998274035540533,23.652,0.034519426298800227,15.0,354.0
-63.34467343631813,14.99827846196036,23.7,0.03443089685003997,15.0,354.7799987792969
-62.564762738277004,14.998282654637231,23.752,0.03434704232097374,15.0,355.5
-61.84484495946187,14.998287058648195,23.8,0.03425896106523396,15.0,356.2799987792969
-61.0649338154658,14.998291230693747,23.852,0.03417551917726769,15.0,357.7799987792969
-60.34501562607026,14.998295612407741,23.9,0.03408788387645245,15.0,357.7799987792969
-59.56510403834616,14.998299763924999,23.951999999999998,0.03400485256884167,15.0,359.2799987792969
-58.84518544042037,14.998304123453355,24.0,0.033917660996110044,15.0,359.2799987792969
-58.06527341118405,14.998308254544813,24.052,0.03383503821874001,15.0,360.0
-57.34362898477331,15.034258883556562,24.1,-0.68625293254496,15.0,361.5
-56.56372100227318,14.998230432694989,24.152,0.035391493865802204,15.0,361.5
-55.84380572359425,14.998234972478105,24.2,0.03530069706908989,15.0,362.2799987792969
-55.06389728157891,14.9982392695259,24.252,0.035214755044876256,15.0,363.0
-54.343981579834846,14.99824378633411,24.3,0.03512441776331343,15.0,363.7799987792969
-53.56407268059892,14.998248062229438,24.352,0.03503889880425959,15.0,364.5
-52.84415655790243,14.998252556177453,24.4,0.034949018743304805,15.0,365.2799987792969
-52.06424720372903,14.99825681102594,24.452,0.03486392073671141,15.0,366.0
-51.34433066218212,14.998261282227906,24.5,0.0347744956131919,15.0,366.7799987792969
-50.56442085534312,14.998265516134643,24.552,0.03468981645698932,15.0,367.5
-49.8445038970373,14.99826996470414,24.6,0.034600843999101016,15.0,368.2799987792969
-49.06256922593381,15.037205213528878,24.652,-0.7454821976950257,15.0,369.7799987792969
-48.34265671148252,14.998177384402439,24.7,0.03645247340841706,15.0,369.7799987792969
-47.5627512568604,14.998181819656239,24.752,0.03636376715661527,15.0,370.5
-46.8411128553063,15.034133365709865,24.8,-0.6837307782212747,15.0,372.0
-46.06121141465488,14.998104627912106,24.852,0.03790762333284192,15.0,372.0
-45.34130215890572,14.99810949477462,24.9,0.03781028468739578,15.0,372.7799987792969
-44.561400226071974,14.998114092956742,24.951999999999998,0.037718319733414774,15.0,373.5
-43.84149051718181,14.998118935211185,25.0,0.03762147327029197,15.0,374.2799987792969
-43.06158809462348,14.99812351073723,25.052,0.03752996145732368,15.0,375.7799987792969
-42.34167793485514,14.998128328506473,25.1,0.03743360471878532,15.0,375.7799987792969
-41.56177502501769,14.99813288148957,25.152,0.03734254378395008,15.0,376.5
-40.84186441662271,14.998137674895869,25.2,0.037246674324535434,15.0,378.0
-40.061961021939396,14.998142205448573,25.252,0.03715606201643595,15.0,378.0
-39.34204996715792,14.99814697461358,25.3,0.037060677402848796,15.0,378.7799987792969
-38.562146090049836,14.99815148284789,25.352,0.036970511481229096,15.0,379.5
-37.842234591111016,14.998156227892641,25.4,0.03687560929239453,15.0,380.2799987792969
-37.062330233987126,14.998160713920004,25.452,0.036785887528083094,15.0,381.0
-36.342418293108835,14.998165434964932,25.5,0.03669146535509071,15.0,381.7799987792969
-35.56251345836624,14.998169898896222,25.552,0.036602185530284714,15.0,382.5
-34.842601077755276,14.998174596061169,25.6,0.0365082409759907,15.0,383.2799987792969
-34.06269576777893,14.998179038006715,25.652,0.03641940088385809,15.0,384.0
-33.342782949631236,14.998183711410912,25.7,0.036325931563339964,15.0,384.7799987792969
-32.56287716679426,14.9981881314805,25.752,0.03623752900790578,15.0,385.5
-31.842963913294586,14.998192781242592,25.8,0.036144532548007646,15.0,386.2799987792969
-31.06305765995823,14.998197179545445,25.852,0.03605656534455193,15.0,387.0
-30.343143973280647,14.99820180578348,25.9,0.03596403938399817,15.0,387.7799987792969
-29.563237251794384,14.998206182428286,25.951999999999998,0.03587650535848752,15.0,389.2799987792969
-28.84332313410189,14.998210785259724,26.0,0.03578444754788279,15.0,389.2799987792969
-28.063415946803456,14.998215140354622,26.052,0.035697344537254594,15.0,390.7799987792969
-27.343501400248403,14.998219719896337,26.1,0.03560575253879961,15.0,390.7799987792969
-26.563593749463866,14.998224053548933,26.152,0.03551907839073465,15.0,391.5
-25.843678776187865,14.998228609917213,26.2,0.0354279498783967,15.0,392.2799987792969
-25.061746238533257,15.037164185665663,26.252,-0.7446570768456127,15.0,393.7799987792969
-24.34183569922483,14.99813623559163,26.3,0.03727546080898492,15.0,393.7799987792969
-23.561932379205714,14.998140769598518,26.352,0.03718477941430365,15.0,395.2799987792969
-22.842021393165904,14.99814554249658,26.4,0.03708932013654476,15.0,395.2799987792969
-22.06211759034913,14.998150054167834,26.452,0.03699908547321229,15.0,396.0
-21.342206159808658,14.998154802926999,26.5,0.036904108993098816,15.0,396.7799987792969
-20.562301876605208,14.998159292374137,26.552,0.03681431883046571,15.0,398.2799987792969
-19.842390003783663,14.998164017114938,26.6,0.036719822737040886,15.0,398.2799987792969
-19.062485242592324,14.998168484448927,26.652,0.03663047485548532,15.0,399.0
-18.342572929698367,14.998173185291291,26.7,0.036536456749900026,15.0,399.7799987792969
-17.562667692906,14.99817763062255,26.752,0.03644754894077096,15.0,400.5
-16.842754942137056,14.998182307685806,26.8,0.03635400643622688,15.0,402.0
-16.062849232118605,14.998186731124195,26.852,0.03626553650207143,15.0,402.0
-15.342936045661332,14.998191384527072,26.9,0.03617246722365053,15.0,403.5
-14.563029864779878,14.99819578618191,26.951999999999998,0.03608443297781605,15.0,403.5
-13.843116244809808,14.998200416042552,27.0,0.035991834562366876,15.0,404.2799987792969
-13.06320959541664,14.998204796022604,27.052,0.035904233829285204,15.0,405.0
-12.3432955440986,14.998209402458558,27.1,0.03581210392559342,15.0,405.7799987792969
-11.56338842853326,14.998213760872053,27.152,0.03572493454049663,15.0,407.2799987792969
-10.843473948021273,14.998218344000284,27.2,0.035633270809000805,15.0,407.2799987792969
-10.063566368611625,14.998222680954907,27.252,0.03554653061786439,15.0,408.0
-9.343651461048792,14.9982272408918,27.3,0.035455330730599144,15.0,409.5
-8.563743420111074,14.998231556494696,27.352,0.035369017590312524,15.0,410.2799987792969
-7.842102648478464,15.034182742346566,27.4,-0.6847229414719322,15.0,411.0
-7.062198634400763,14.998154116877968,27.452,0.03691783016063255,15.0,411.0
-6.342287009357212,14.998158855074514,27.5,0.036823064941472694,15.0,411.7799987792969
-5.562382515947779,14.998163334796898,27.552,0.03673346928189858,15.0,413.2799987792969
-4.842470449594416,14.998168049027822,27.6,0.036639183394470365,15.0,413.2799987792969
-4.0625654792467705,14.998172506685615,27.652,0.03655002904469029,15.0,414.0
-3.3409275214816674,15.034124120106862,27.7,-0.6835450006076371,15.0,415.5
-2.5610265626912296,14.998095361354686,27.752,0.03809295715745975,15.0,415.5
-1.8411177505803598,14.998100252309218,27.8,0.037995136651034045,15.0,417.0
-1.0612162972014065,14.998104872672291,27.852,0.03790272805878203,15.0,417.0
-0.3413070297343066,14.998109738898457,27.9,0.03780540214086159,15.0,417.7799987792969
0.43859491576341225,14.998114336494709,27.951999999999998,0.03771344890481032,15.0,419.2799987792969
1.1585046363130065,14.99811917811598,28.0,0.03761661510566228,15.0,419.2799987792969
1.9384070714720725,14.998123753059078,28.052,0.037525114952131844,15.0,420.0
2.6583172428416186,14.998128570198311,28.1,0.037428770814301515,15.0,420.7799987792969
3.4382201652168836,14.998133122601367,28.152,0.037337721480753316,15.0,421.5
4.158130785155136,14.998137915380804,28.2,0.03724186455912104,15.0,422.2799987792969
4.938034192313662,14.99814244535637,28.252,0.03715126379427147,15.0,423.0
5.657945258580776,14.998147213897642,28.3,0.03705589165588208,15.0,423.7799987792969
6.437849148101771,14.998151721557695,28.352,0.03696573721987306,15.0,424.5
7.157760658468872,14.998156465981825,28.4,0.036870847443992716,15.0,426.0
7.937665027943685,14.998160951437795,28.452,0.0367811371079938,15.0,426.0
8.657576980193188,14.9981656718652,28.5,0.03668672728593947,15.0,426.7799987792969
9.437481827225035,14.998170135227955,28.552,0.03659745883231835,15.0,427.5
10.15739421915043,14.998174831778462,28.6,0.03650352656728728,15.0,428.2799987792969
10.937299541354655,14.99817927315831,28.652,0.036414697789552974,15.0,429.0
11.657212370760284,14.998183945951139,28.7,0.0363212406969069,15.0,429.7799987792969
12.437118165764087,14.998188365457851,28.752,0.036232849399425504,15.0,430.5
13.157031430465473,14.998193014611626,28.8,0.03613986510634959,15.0,431.2799987792969
13.936937695907897,14.998197412354417,28.852,0.03605190910457168,15.0,432.0
14.656851393731255,14.998202037987172,28.9,0.035959395250131365,15.0,433.5
15.436758127263134,14.99820641407471,28.951999999999998,0.0358718723703646,15.0,433.5
16.15667225604575,14.99821101630389,29.0,0.03577982660539192,15.0,434.2799987792969
16.936579455329646,14.998215370844305,29.052,0.035692734684857896,15.0,435.7799987792969
17.65649401291944,14.998219949786769,29.1,0.03560115467189462,15.0,435.7799987792969
18.43640167562959,14.998224282887648,29.152,0.03551449155855835,15.0,437.2799987792969
19.156316659885228,14.99822883865967,29.2,0.03542337497185599,15.0,437.2799987792969
19.93622478370748,14.99823315042807,29.252,0.03533713852436904,15.0,438.0
20.656140192498484,14.998237683145348,29.3,0.035246483049718336,15.0,438.7799987792969
21.436048775130242,14.998241973687781,29.352,0.03516067113758936,15.0,439.5
22.155964606336557,14.998246483465426,29.4,0.03507047447249079,15.0,441.0
22.935873645486772,14.998250752887882,29.452,0.03498508497568764,15.0,441.0
23.65578989699909,14.998255239840438,29.5,0.034895344829010355,15.0,441.7799987792969
24.435699390388,14.998259488248372,29.552,0.03481037563818745,15.0,443.2799987792969
25.155616060107537,14.998263952489813,29.6,0.03472108973022614,15.0,443.2799987792969
25.935526005466915,14.99826817998815,29.652,0.03463653874666761,15.0,444.0
26.65544309130522,14.998272621631877,29.7,0.03454770480914249,15.0,444.7799987792969
27.435353486378116,14.998276828325029,29.752,0.03446356994436428,15.0,445.5
28.15527098625737,14.998281247483876,29.8,0.03437518572036424,15.0,446.2799987792969
28.935181828798104,14.998285433475724,29.852,0.034291464896512025,15.0,447.0
29.655099740650652,14.998289830261964,29.9,0.034203528140324124,15.0,447.7799987792969
30.43501102842475,14.99829399565588,29.951999999999998,0.03412021928977538,15.0,448.5
31.154929350193477,14.998298370181221,30.0,0.034032727766998505,15.0,449.2799987792969
31.934841080977634,14.99830251508005,30.052,0.0339498288325899,15.0,450.0
32.65475981061553,14.998306867455648,30.1,0.033862780319907415,15.0,450.7799987792969
33.434671982197536,14.99831099196173,30.152,0.0337802892546506,15.0,452.2799987792969
34.15459111766782,14.998315322298188,30.2,0.03369368153977348,15.0,452.2799987792969
34.93450372784651,14.99831942651335,30.252,0.033611596306911906,15.0,453.0
35.65442326712273,14.998323734920708,30.3,0.03352542718874929,15.0,453.7799987792969
36.43433631370793,14.998327818946262,30.352,0.033443745761871924,15.0,454.5
37.154256254773536,14.998332105534024,30.4,0.03335801305019004,15.0,455.2799987792969
37.93416973558607,14.998336169470788,30.452,0.03327673341266291,15.0,456.0
38.65409007643474,14.9983404343479,30.5,0.03319143492831245,15.0,456.7799987792969
39.434003989306134,14.99834447829618,30.552,0.03311055507384708,15.0,457.5
40.15392472794157,14.998348721571054,30.6,0.0330256886483653,15.0,458.2799987792969
40.93383907071436,14.998352745630655,30.652,0.03294520658067768,15.0,459.0
41.65376020515007,14.998356967411151,30.7,0.03286077005662946,15.0,460.5
42.4336749756775,14.998360971681388,30.752,0.03278068378921262,15.0,460.5
43.153596503937116,14.998365172074841,30.8,0.03269667501973572,15.0,461.2799987792969
43.933511700083145,14.99836915665452,30.852,0.03261698257625767,15.0,462.0
44.65343362019997,14.998373335767717,30.9,0.032533399425403786,15.0,462.7799987792969
45.43334923983923,14.998377300755168,30.951999999999998,0.032454098839082235,15.0,464.2799987792969
46.15327154985659,14.998381458694366,31.0,0.03237093918147593,15.0,464.2799987792969
46.93318759087433,14.998385404187411,31.052,0.03229202849570356,15.0,465.0
47.65311028884516,14.998389541058339,31.1,0.03220929021659913,15.0,466.5
48.433026749137184,14.998393467154324,31.152,0.03213076748426147,15.0,466.5
49.15294983312414,14.998397583062182,31.2,0.032048448479429226,15.0,467.2799987792969
49.93286671059675,14.998401489857962,31.252,0.03197031176324572,15.0,468.0
50.65279017867233,14.998405584907427,31.3,0.03188840993897202,15.0,468.7799987792969
51.432707471242296,14.998409472499368,31.352,0.03181065731143917,15.0,470.2799987792969
52.15263132148841,14.998413546794591,31.4,0.0317291705845264,15.0,471.0
52.934573399624384,15.037347656460152,31.452,-0.7483469791693551,15.0,471.7799987792969
53.654492771690165,14.998320251371052,31.5,0.03359509896660029,15.0,471.7799987792969
54.43440563756552,14.998324343756842,31.552,0.03351325032929253,15.0,473.2799987792969
55.15432541225577,14.998328639379794,31.6,0.03342733690777777,15.0,473.2799987792969
55.93423871326079,14.998332711635046,31.652,0.033345890894906915,15.0,474.0
56.65415888856487,14.998336985502236,31.7,0.03326041260305601,15.0,474.7799987792969
57.43407262252669,14.998341037727469,31.752,0.03317936720401349,15.0,475.5
58.1539931964442,14.998345289947531,31.8,0.03309432186892991,15.0,476.2799987792969
58.933907361200816,14.998349322242756,31.852,0.03301367508333897,15.0,477.0
59.65382833174113,14.99835355292378,31.9,0.03292906054304012,15.0,477.7799987792969
60.43374292514133,14.998357565388517,31.951999999999998,0.03284881038024423,15.0,478.5
61.15366429032399,14.998361774638045,32.0,0.03276462448360462,15.0,480.0
61.93357931022729,14.99836576737131,32.052,0.032684768963122224,15.0,480.0
62.65522647715842,15.034315977731387,32.1,-0.6874002111335926,15.0,481.5
63.43513743542145,14.99828765890454,32.152,0.03424695579752779,15.0,481.5
64.15505545381691,14.998292049904862,32.2,0.034159134763683596,15.0,482.2799987792969
64.93496685673544,14.998296209971823,32.252,0.034075932456005376,15.0,483.0
65.65661070920929,15.034246926540005,32.3,-0.686012664625423,15.0,484.5
66.43651806851292,14.998218448146991,32.352,0.03563118784842345,15.0,484.5
67.15643277342922,14.99822301908877,32.4,0.035539767855141235,15.0,485.2799987792969
67.93634059536004,14.998227344823606,32.452,0.035453252068350594,15.0,486.0
68.65625572620654,14.998231892634893,32.5,0.03536229470228136,15.0,486.7799987792969
69.43616400845438,14.998236197074027,32.552,0.03527620484567251,15.0,487.5
70.15607956310419,14.998240721870316,32.6,0.03518570779664287,15.0,489.0
70.93598830337042,14.998245005120083,32.652,0.03510004174330561,15.0,489.0
71.65590427970723,14.998249507016293,32.7,0.0350100027126814,15.0,489.7799987792969
72.43581347570472,14.998253769182496,32.752,0.03492475834633524,15.0,491.2799987792969
73.1557298716227,14.99825824829297,32.8,0.03483517504696465,15.0,491.2799987792969
73.9356395210757,14.998262489480885,32.852,0.03475035026184514,15.0,492.0
74.65555633447985,14.998266945919402,32.9,0.03466122041794506,15.0,492.7799987792969
75.435466435124,14.99827116623377,32.952,0.034576813118974314,15.0,493.5
76.15538366392947,14.998275600113534,33.0,0.03448813446624399,15.0,495.0
76.93529421351171,14.998279799658588,33.052,0.034404142568575935,15.0,495.0
77.65521185564417,14.998284211092235,33.1,0.03431591285396962,15.0,495.7799987792969
78.43512285192269,14.99828838997168,33.152,0.03423233428327421,15.0,497.2799987792969
79.15504090531813,14.998292779071296,33.2,0.03414455126494431,15.0,497.2799987792969
79.93495234606232,14.998296937388318,33.252,0.03406138395723701,15.0,498.7799987792969
80.65487080866698,14.998301304265416,33.3,0.033974045404590925,15.0,498.7799987792969
81.43478269165736,14.998305442122696,33.352,0.03389128730611901,15.0,499.5
82.15470156142803,14.998309786888244,33.4,0.03380439099959176,15.0,500.2799987792969
82.9346138844562,14.998313904387928,33.452,0.033722040067175385,15.0,501.0
83.65453315935953,14.998318227152332,33.5,0.03363558379845699,15.0,501.7799987792969
84.43444592022811,14.998322324396081,33.552,0.03355363799863653,15.0,503.2799987792969
85.15436559824106,14.998326625269199,33.6,0.03346761957033095,15.0,504.0
85.93427879476367,14.998330702358151,33.652,0.03338607688016282,15.0,504.0
86.65592429083145,15.034281168078198,33.7,-0.6867007265972234,15.0,505.5
87.43583343480064,14.998252768638496,33.752,0.034944769470541814,15.0,505.5
88.15574978281738,14.99825725035029,33.8,0.034855134142901534,15.0,507.0
88.9356593805019,14.99826149393318,33.852,0.03477026145651507,15.0,507.0
89.65557614624402,14.998265952960029,33.9,0.03468107984411972,15.0,507.7799987792969
90.43548619537819,14.998270175657412,33.952,0.034596624883135974,15.0,508.5
91.15540337675962,14.998274612112583,34.0,0.03450789472043425,15.0,509.2799987792969
91.93531387508911,14.998278814028751,34.052,0.034423855398756587,15.0,510.0
92.65523147003434,14.99828322802495,34.1,0.0343355744313385,15.0,511.5
93.43514241531604,14.998287409263671,34.152,0.03425194867344317,15.0,511.5
94.15506049500122,14.998293326774151,34.2,0.03413359708014241,15.0,512.280029296875
94.93497188481282,14.998295957915532,34.252,0.034080973640357115,15.0,513.0
95.65489037376636,14.998301853200463,34.3,0.03396306657697323,15.0,513.780029296875
96.43480220588806,14.99830446387897,34.352,0.03391085240548364,15.0,514.5
97.15472110206646,14.99831033704933,34.4,0.03379338765216744,15.0,515.280029296875
97.93463337428955,14.998312927367126,34.452,0.03374158070556632,15.0,516.0
98.65455267565918,14.998318778533335,34.5,0.033624556053666765,15.0,516.780029296875
99.43446538578596,14.998321348592093,34.552,0.03357315429826713,15.0,518.280029296875
100.15438509032346,14.998327177864024,34.6,0.033456567550103955,15.0,518.280029296875
100.93429823616722,14.9983297277649,34.652,0.0334055689625643,15.0,519.0
101.65594368579497,15.034280200577392,34.7,-0.6866812851936288,15.0,520.5
102.43585277933788,14.998251798902167,34.752,0.03496416443408634,15.0,520.5
103.15576915416959,14.99825780899555,34.8,0.0348439611020126,15.0,521.280029296875
103.93567870148921,14.998260525377287,34.852,0.03478963280872449,15.0,522.0
104.65559549410281,14.998266512782838,34.9,0.034669883253343414,15.0,523.5
105.43550549293316,14.998269208276056,34.952,0.03461597274196038,15.0,524.280029296875
106.15542270124233,14.998275173107062,35.0,0.03449667469726592,15.0,524.280029296875
106.93533314932876,14.998277847816073,35.052,0.03444317988146395,15.0,525.0
107.65525077125767,14.998283790185248,35.1,0.03432433109287558,15.0,525.780029296875
108.43516166635678,14.998286444213832,35.152,0.03427124989678987,15.0,527.280029296875
109.15507969984,14.998292364233336,35.2,0.034152848120868384,15.0,527.280029296875
109.9349910397196,14.998294997684752,35.252,0.034100178479150145,15.0,528.0
110.6549094827019,14.99830089546618,35.3,0.03398222148371133,15.0,528.780029296875
111.43482126514094,14.998303508443186,35.352,0.033929961341016224,15.0,530.280029296875
112.15474011557765,14.998309384097574,35.4,0.03381244690507401,15.0,530.280029296875
112.93465233836618,14.998311976702396,35.452,0.033760594216744266,15.0,531.0
113.65457159422253,14.99831783034023,35.5,0.03364352013028338,15.0,532.5
114.4344842551616,14.99832040267459,35.552,0.033592072861665656,15.0,532.5
115.15440391441311,14.99832623440581,35.6,0.03347543692569843,15.0,533.280029296875
115.93431701131479,14.998328786570926,35.652,0.03342439305225753,15.0,534.0
116.65423707194705,14.998334596504911,35.7,0.03330819307888078,15.0,534.780029296875
117.43415060263432,14.998337128601499,35.752,0.03325755058614277,15.0,535.5
118.1540710626429,14.998342916847086,35.8,0.03314178439842408,15.0,537.0
118.9339850249496,14.998345428975355,35.852,0.03309154128203318,15.0,537.780029296875
119.6539058823404,14.998351195640842,35.9,0.0329762067137267,15.0,537.780029296875
120.43382027411121,14.998353687900492,35.952,0.03292636097950208,15.0,538.5
121.15374152689974,14.998359433093631,36.0,0.03281145587533274,15.0,540.0
121.93365634599009,14.998361905583875,36.052,0.03276200553887065,15.0,540.0
122.65357799220189,14.998367629411888,36.1,0.032647527754193106,15.0,540.780029296875
123.43551770161355,15.037302104070555,36.152,-0.7474308260339626,15.0,542.280029296875
124.15543488062222,14.99827456268031,36.2,0.03450888337766855,15.0,542.280029296875
124.93534529704264,14.998277238854305,36.252,0.0344553592613579,15.0,543.0
125.6552628898173,14.998283182806711,36.3,0.034336478806778814,15.0,544.5
126.43517375340852,14.998285838292968,36.352,0.03428336845644253,15.0,544.5
127.15509175788316,14.998291759887797,36.4,0.03416493517266872,15.0,545.280029296875
127.93500306641221,14.998294394789609,36.452,0.03411223652227591,15.0,546.0
128.65492148053087,14.998300294138495,36.5,0.033994248176327346,15.0,546.780029296875
129.4348332317759,14.998302908558646,36.552,0.033941959170022074,15.0,548.280029296875
130.15475205349304,14.998308785772672,36.6,0.033824413540003206,15.0,549.0
130.93466424524334,14.99831137981343,36.652,0.03377253213216136,15.0,549.0
131.6545834725235,14.998317235003114,36.7,0.033655427007431626,15.0,549.780029296875
132.43449610257935,14.998319808766245,36.752,0.033603951162660906,15.0,550.5
133.15441573339726,14.99832564204156,36.8,0.033487284343493684,15.0,551.280029296875
133.93432879956993,14.998328195628323,36.852,0.03343621203640623,15.0,552.780029296875
134.65424883191068,14.998334007098695,36.9,0.03331998133404568,15.0,552.780029296875
135.4341623320224,14.998336540609824,36.952,0.03326931054976967,15.0,553.5
136.1558081062866,15.034286963837266,37.0,-0.6868171893384556,15.0,555.0
136.93571755233194,14.998258577795035,37.052,0.0348285849257195,15.0,555.0
137.65563425170464,14.998264570264077,37.1,0.034708734096057015,15.0,555.780029296875
138.43554414976643,14.998267270419213,37.152,0.03465473034378874,15.0,556.5
139.1554612653003,14.998273240288425,37.2,0.034535331530548774,15.0,557.280029296875
139.93537161312136,14.998275919636075,37.252,0.03448174393940917,15.0,558.0
140.65528914273816,14.998281867018303,37.3,0.03436279488545324,15.0,558.780029296875
141.4351999380726,14.998284525662365,37.352,0.034309621377303756,15.0,559.5
142.1551178797048,14.998290450669888,37.4,0.034191119836748385,15.0,560.280029296875
142.9350291203179,14.998293088713737,37.452,0.03413835834390966,15.0,561.0
143.65494747190792,14.998298991458277,37.5,0.03402030208201268,15.0,561.780029296875
144.436883640454,15.037234010501653,37.552,-0.7460613463279628,15.0,563.280029296875
145.15679754125006,14.998206266584223,37.6,0.035874822218090685,15.0,563.280029296875
145.9367044147966,14.998209106664174,37.652,0.03581801988917732,15.0,564.0
146.65661874572874,14.998215227752334,37.7,0.035695596560742615,15.0,564.780029296875
147.43652608413768,14.998218046326121,37.752,0.035639224367855604,15.0,565.5
148.15644084305788,14.998224144172237,37.8,0.03551726590177395,15.0,566.280029296875
148.93634864400792,14.998226941347244,37.852,0.03546132169702787,15.0,567.0
149.65626382877917,14.998233016067365,37.9,0.03533982577204142,15.0,568.5
150.4361720899606,14.998235791950439,37.952,0.03528430741829425,15.0,568.5
151.1560876984563,14.998241843660034,38.0,0.035163271724684364,15.0,569.280029296875
151.9359964175709,14.99824459835749,38.052,0.0351081770954238,15.0,570.780029296875
152.65591244767515,14.998250627171455,38.1,0.034987599335011055,15.0,570.780029296875
153.43582162243618,14.99825336078908,38.152,0.034932926314297674,15.0,571.5
154.15573807204365,14.99825936682174,38.2,0.03481280420027133,15.0,572.280029296875
154.93564770017582,14.998262079464793,38.252,0.03475855068273859,15.0,573.0
155.6572899262837,15.034213043915749,38.3,-0.6853318211850592,15.0,574.5
156.4371955196458,14.998184487732697,38.352,0.0363104049228582,15.0,574.5
157.15883404834094,15.034136014481597,38.4,-0.6837840017150825,15.0,576.0
157.9387356270409,14.998107282691647,38.452,0.03785452698008385,15.0,576.0
158.65864508312936,14.998113668509202,38.5,0.03772680880501866,15.0,576.780029296875
159.43854715313185,14.998116730817513,38.552,0.037665561768505995,15.0,577.5
160.1584570615513,14.998123092071198,38.6,0.037538334895941716,15.0,578.280029296875
160.93835962040302,14.99812613176371,38.652,0.03747754019042304,15.0,579.780029296875
161.6582699788947,14.998132468576168,38.7,0.03735080216716824,15.0,579.780029296875
162.43817302415454,14.99813548576581,38.752,0.037290457533856625,15.0,580.5
163.1580838304709,14.998141798259086,38.8,0.03716420591865699,15.0,581.280029296875
163.93798735970992,14.99814479305822,38.852,0.037104309110020495,15.0,582.0
164.65789861161494,14.998151081353738,38.9,0.036978541474070425,15.0,583.5
165.4378026224164,14.998154053874156,38.952,0.03691909025405948,15.0,583.5
166.15771431768488,14.998160318092742,39.0,0.0367938041804905,15.0,585.0
166.93761880764404,14.99816326844569,39.052,0.036734796323969476,15.0,585.0
167.65753094406205,14.998169508707555,39.1,0.03660998940819127,15.0,586.5
168.43743591078623,14.99817243700372,39.152,0.03655142270116585,15.0,586.5
169.15734848615082,14.998178653428491,39.2,0.0364270925503547,15.0,587.280029296875
169.93725392725926,14.99818155977801,39.252,0.036368964789915026,15.0,588.0
170.65716693937844,14.998187752484705,39.3,0.03624510902335487,15.0,588.780029296875
171.4370728525023,14.99819063699716,39.352,0.03618741801756187,15.0,589.5
172.15698629919532,14.998196806104206,39.4,0.03606403426641691,15.0,591.0
172.93689268197753,14.998199668888631,39.452,0.03600677783441597,15.0,591.0
173.6568065610742,14.998205814513867,39.5,0.035883863741617006,15.0,591.780029296875
174.4367134111695,14.998208655678756,39.552,0.035827039713296926,15.0,592.5
175.1566277205106,14.998214777939422,39.6,0.03570459293365502,15.0,593.280029296875
175.93653503558542,14.998217597592728,39.652,0.035648199149761695,15.0,594.0
176.6564497730225,14.998223696605498,39.7,0.035526217349513445,15.0,594.780029296875
177.43635755075493,14.998226494854633,39.752,0.03547025166159301,15.0,595.5
178.15627271415016,14.99823257073558,39.8,0.035348732519025816,15.0,596.280029296875
178.9382054561403,15.037168115195241,39.852,-0.744736104085689,15.0,597.780029296875
179.6581161846211,14.998140176682215,39.9,0.037196637904401086,15.0,597.780029296875
180.4380196297405,14.998143175372999,39.952,0.037136663260241676,15.0,598.5
181.1596561897793,15.034095000807936,40.0,-0.682959891620385,15.0,600.0
181.9395556309428,14.998066176221661,40.052,0.0386766684184181,15.0,600.0
182.65946311905054,14.998072668910439,40.1,0.038546812706897526,15.0,600.780029296875
183.4393630621905,14.998075829614415,40.152,0.038483597689662474,15.0,601.5
184.1592710124564,14.998082297205702,40.2,0.03835424395464315,15.0,602.280029296875
184.93917145506612,14.998085434802576,40.252,0.03829149109554919,15.0,603.0
185.6590798651823,14.998091877421695,40.3,0.03816263683023635,15.0,604.5
186.43898080476768,14.998094992026848,40.352,0.038100343821440674,15.0,604.5
187.15888967243802,14.998101409798481,40.4,0.03797198653177247,15.0,605.280029296875
187.9387911065174,14.998104501526706,40.452,0.03791015107714202,15.0,606.0
188.65870042945704,14.998110894574914,40.5,0.03778228828156216,15.0,606.780029296875
189.43860235556113,14.998113963540446,40.552,0.03772090809616202,15.0,607.5
190.15851213149662,14.998120331988684,40.6,0.03759353732522186,15.0,609.0
190.9384145471685,14.998123378305174,40.652,0.03753261013577003,15.0,609.0
191.6583247738378,14.998129722276266,40.7,0.037405728932583315,15.0,609.780029296875
192.43822767663275,14.998132746056811,40.752,0.03734525247688225,15.0,610.5
193.15813835178497,14.998139065672971,40.8,0.03721885839689776,15.0,612.0
193.93804173927052,14.998142067030104,40.852,0.03715883042406176,15.0,612.0
194.65795286066637,14.998148362412945,40.9,0.037032921034608535,15.0,612.780029296875
195.43785673042223,14.99815134145861,40.952,0.03697333930546165,15.0,614.280029296875
196.15776829583325,14.998157612729125,41.0,0.03684791218637429,15.0,614.280029296875
196.93767264545113,14.998160569574743,41.052,0.03678877447237028,15.0,615.0
197.65758465266012,14.998166816853335,41.1,0.03666382721524997,15.0,616.5
198.43748947974382,14.998169751609746,41.152,0.03660513129926812,15.0,616.5
199.15740192654462,14.998175975016206,41.2,0.036480661507937384,15.0,617.280029296875
199.9373072287099,14.998178887793715,41.252,0.03642240518371409,15.0,618.0
200.65722011290728,14.998185087447236,41.3,0.036298410473989406,15.0,618.780029296875
201.43712588778178,14.998187978355586,41.352,0.036240591546402356,15.0,619.5
202.1570392071918,14.99819415437477,41.4,0.03611706954592364,15.0,620.280029296875
202.93896996730115,15.037130002103316,41.452,-0.743969611044065,15.0,621.780029296875
203.65887886098105,14.998101951663996,41.5,0.03796114906526782,15.0,621.780029296875
204.43878032316982,14.998105042091787,41.552,0.037899339620196315,15.0,622.5
205.15868967198912,14.998111433734604,41.6,0.03777150493391446,15.0,623.280029296875
205.93859162606225,14.99811450140619,41.652,0.0377101506282429,15.0,624.0
206.66022681968786,15.034066533866453,41.7,-0.682387895298632,15.0,625.5
207.44012477723615,14.998037645159354,41.752,0.03924729832698404,15.0,625.5
208.16003089941327,14.998044212024872,41.8,0.03911595900029852,15.0,626.280029296875
208.93992936634646,14.998047441022942,41.852,0.039051378052420205,15.0,627.780029296875
209.65983595750268,14.998053982420611,41.9,0.038920548110581876,15.0,628.5
210.43973493127714,14.998057187970574,41.952,0.0388564361417707,15.0,628.5
211.15964198907048,14.998063704027548,42.0,0.03872611304126394,15.0,629.280029296875
211.9395414671553,14.998066886246486,42.052,0.03866246770957105,15.0,630.0
212.6594489892556,14.998073377089293,42.1,0.038532648919442636,15.0,630.780029296875
213.44137351837125,15.037010175301113,42.152,-0.7415598289803143,15.0,632.280029296875
214.1630020663228,15.033928082323568,42.2,-0.6796060029896012,15.0,633.0
214.94491740781194,15.036833490176015,42.252,-0.7380067519130762,15.0,633.780029296875
215.66481202787412,14.99780458463012,42.3,0.043908589576062695,15.0,633.780029296875
216.44672268893896,15.036743482016453,42.352,-0.7361967903617597,15.0,635.280029296875
217.1683384575306,15.033661845658722,42.4,-0.6742568324219178,15.0,636.0
217.94821532521712,14.997632070894669,42.452,0.04735893616970088,15.0,636.0
218.66810203044196,14.997639692183705,42.5,0.04720650698124018,15.0,636.780029296875
219.44797951282519,14.99764389198529,42.552,0.047122509081077624,15.0,637.5
220.16786678398722,14.997651482541867,42.6,0.04697069458933356,15.0,639.0
220.9477448779977,14.997655654048145,42.652,0.04688726262634191,15.0,639.0
221.66763271227097,14.997663214025705,42.7,0.04673605976182671,15.0,640.5
222.44751141485463,14.997667357377951,42.752,0.046653190910092235,15.0,640.5
223.16739980942714,14.997674886929163,42.8,0.04650259661872269,15.0,641.280029296875
223.94727911754507,14.99767900226795,42.852,0.04642028806625831,15.0,642.0
224.66716806961924,14.997686501544726,42.9,0.04627029930918525,15.0,642.780029296875
225.44704798024776,14.99769058900991,42.952,0.046188548258385254,15.0,643.5
226.3469098637376,14.997698058163403,43.012,0.04603916201187985,15.0,645.1799926757812
226.94681798905066,14.997703132826897,43.052,0.04593766659547782,15.0,645.780029296875
227.66670804780975,14.997709557480732,43.1,0.045809170814777644,15.0,645.780029296875
228.4465891544697,14.997713589614564,43.152,0.04572852644884051,15.0,646.5
229.16647976242032,14.997720998970877,43.2,0.04558033623385427,15.0,648.0
229.94636146260993,14.997725003646545,43.252,0.04550024105941475,15.0,648.0
230.6662526170096,14.997732383328525,43.3,0.045352644374077045,15.0,649.5
231.44613490776513,14.997736360683128,43.352,0.04527309564872439,15.0,649.5
232.16602660588543,14.997743710838938,43.4,0.04512608952921937,15.0,650.280029296875
232.9459094842579,14.99774766100887,43.452,0.04504708452458317,15.0,651.0
233.66580172338365,14.997754981785926,43.5,0.044900666021987945,15.0,651.780029296875
234.44770982511776,15.036694264117486,43.552,-0.7352070948522282,15.0,653.280029296875
235.16932323530492,15.033612712232134,43.6,-0.6732696962431532,15.0,654.0
235.94919754262784,14.997582833133425,43.652,0.04834371394400705,15.0,654.0
236.66908189058452,14.997590582430494,43.7,0.0481887243919914,15.0,654.780029296875
237.44895682538913,14.997594900088828,43.752,0.04810236922361355,15.0,655.5
238.16884175105375,14.997602618014337,43.8,0.04794800715325209,15.0,656.280029296875
238.94871731020677,14.997606906788935,43.852,0.047862229692839264,15.0,657.0
239.66860281069478,14.997614593499508,43.9,0.04770849197092275,15.0,657.780029296875
240.44847899107856,14.997618853534568,43.952,0.04762328933389881,15.0,659.280029296875
241.16836506351953,14.997626509186057,44.0,0.0474701728426794,15.0,659.280029296875
241.94824186203203,14.997630740625073,44.052,0.04738554215867907,15.0,660.0
242.66985400109667,15.033586230512325,44.1,-0.6727376593288454,15.0,661.5
243.44972692846116,14.99755629547089,44.152,0.048874479735786736,15.0,661.5
244.16961000592167,14.997564113760255,44.2,0.048718110225252076,15.0,662.280029296875
244.94948356765852,14.997568494939681,44.252,0.04863048456076058,15.0,663.0
245.66936722917106,14.99757628151303,44.3,0.048474749422609875,15.0,663.780029296875
246.4492414221126,14.997580633491573,44.352,0.048387707810150005,15.0,665.280029296875
247.16912566476097,14.99758838850725,44.4,0.0482326038767269,15.0,665.280029296875
247.94900048575536,14.997592711430695,44.452,0.04814614340006074,15.0,666.0
248.6688853066376,14.997600435046257,44.5,0.04799166751951134,15.0,666.780029296875
249.4487607525487,14.997604729059674,44.552,0.04790578527672551,15.0,668.280029296875
250.1703716518909,15.033560402961813,44.6,-0.6722187688121721,15.0,669.0
250.95024323339578,14.997530413556,44.652,0.049392130530009126,15.0,669.780029296875
251.67012507175417,14.997538299132742,44.7,0.049234415159901346,15.0,669.780029296875
252.44999729435187,14.997542742263564,44.752,0.04914555039329116,15.0,670.5
253.16987972294964,14.997550595788347,44.8,0.04898847611599422,15.0,671.280029296875
253.9497525834389,14.997555009408979,44.852,0.04890020158876496,15.0,672.780029296875
254.66963559932896,14.997562831041828,44.9,0.04874376520302803,15.0,673.5
255.44950909452453,14.997567215299593,44.952,0.048656077968075806,15.0,673.5
256.16939269477416,14.997575005199735,45.0,0.04850027628862108,15.0,674.280029296875
256.9492668215067,14.997579360241243,45.052,0.04841317341328022,15.0,675.0
257.67087651175115,15.03353521342553,45.1,-0.6717126998541971,15.0,676.5
258.45074678065276,14.997505171185116,45.152,0.04989699039026618,15.0,676.5
259.17062741052735,14.997513122386453,45.2,0.04973796241688433,15.0,677.280029296875
259.9504983270761,14.997517625937762,45.252,0.04964788916646512,15.0,678.0
260.6703795532245,14.997525544759503,45.3,0.049489508840224516,15.0,678.780029296875
261.45025111418647,14.997530018498958,45.352,0.04940003186362674,15.0,679.5
262.1701329336314,14.99753790510276,45.4,0.0492422959505916,15.0,680.280029296875
262.95000513578873,14.997542349179197,45.452,0.0491534122705275,15.0,681.0
263.6698875455676,14.997550203725915,45.5,0.04899631755284872,15.0,681.780029296875
264.4497603857185,14.997554618287435,45.552,0.048908024206696155,15.0,682.5
265.1696433828835,14.997562440937118,45.6,0.048751567482611335,15.0,683.280029296875
265.94951685784235,14.99756682613108,45.652,0.04866386152264113,15.0,684.780029296875
266.66940043946045,14.997574617042975,45.7,0.04850803960647454,15.0,684.780029296875
267.44927454605727,14.997578973016006,45.752,0.04842091809956628,15.0,686.280029296875
268.1691587092099,14.997586732348573,45.8,0.04826572782138783,15.0,687.0
268.9490334442907,14.997591059246572,45.852,0.04817918784902986,15.0,687.0
269.6689181860743,14.997598787157472,45.9,0.0480246260548256,15.0,688.5
270.4487935465008,14.997603085125593,45.952,0.04793866471339925,15.0,688.5
271.1686788640259,14.997610781771707,46.0,0.04778472826490088,15.0,689.280029296875
271.9485548466755,14.997615050954392,46.052,0.04769934266499831,15.0,690.0
272.67016623796474,15.033570651858923,46.1,-0.6724246746853737,15.0,691.5
273.4500383535329,14.997540684002791,46.152,0.049186716603855984,15.0,691.5
274.1699206835911,14.997548542878606,46.2,0.049029535296995164,15.0,692.280029296875
274.94979343758524,14.997552961425919,46.252,0.04894116223022138,15.0,693.0
275.66967635542755,14.997560788383085,46.3,0.0487846193493624,15.0,693.780029296875
276.4495497446598,14.997565177542947,46.352,0.04869683406667491,15.0,694.5
277.1694332473514,14.99757297274082,46.4,0.04854092642392516,15.0,695.280029296875
277.9493072686497,14.997577332659946,46.452,0.04845372599049824,15.0,696.780029296875
278.6691913532701,14.99758509625709,46.5,0.04829845041382441,15.0,696.780029296875
279.4490660034783,14.997589427081474,46.552,0.04821183190921374,15.0,697.5
280.16895066712163,14.997597159235664,46.6,0.04805718524244185,15.0,698.280029296875
280.9488259430994,14.997601461110573,46.652,0.04797114576075501,15.0,699.0
281.6687111828744,14.997609161978787,46.7,0.04781712486351353,15.0,699.780029296875
282.44858708149695,14.997613435048757,46.752,0.047731661513523704,15.0,700.5
283.17019839577125,15.033569047383159,46.8,-0.6723924398639269,15.0,702.0
283.95007042773113,14.997539076151389,46.852,0.04921887441037143,15.0,702.0
284.6699526808131,14.99754693920727,46.9,0.04906160949525429,15.0,703.5
285.4498253516164,14.997551361603165,46.952,0.04897315945220271,15.0,703.5
286.169708192867,14.997559192719526,47.0,0.04881653338054548,15.0,704.280029296875
286.94958149932387,14.997563585708747,47.052,0.04872867150612592,15.0,705.780029296875
287.6711904377373,15.033519550279618,47.1,-0.6713980220370104,15.0,706.5
288.4510598904518,14.997489475279057,47.152,0.05021091637644304,15.0,706.5
289.17093976888157,14.997497467286234,47.2,0.05005107221592198,15.0,708.0
289.95080987331875,14.99750200840744,47.252,0.04996024752068706,15.0,708.0
290.67069035177457,14.997509967831293,47.3,0.049801055082866696,15.0,708.780029296875
291.4505611046801,14.997514478953072,47.352,0.04971083041368729,15.0,709.5
292.17044218016605,14.997522405956277,47.4,0.04955228644422505,15.0,710.280029296875
292.9503135783019,14.997526887228394,47.452,0.04946265880516876,15.0,711.0
293.67019524783666,14.997534781972815,47.5,0.049304760066036124,15.0,711.780029296875
294.45006728798097,14.997539233544307,47.552,0.04921572647577932,15.0,712.5
295.16994954859814,14.997547096191,47.6,0.049058469745091315,15.0,713.280029296875
295.94982222754504,14.997551518210155,47.652,0.04897002723726018,15.0,714.780029296875
296.6697050762932,14.997559348919374,47.7,0.04881340930916167,15.0,714.780029296875
297.4516030836808,15.036500142069773,47.752,-0.7313037419426678,15.0,716.280029296875
298.17148165847976,14.997470308312561,47.8,0.05059426544494272,15.0,716.280029296875
298.95135035403956,14.997474914611166,47.852,0.050502137118883184,15.0,717.0
299.67122953537427,14.997482944472777,47.9,0.050341535803681836,15.0,718.5
300.4510988864375,14.997487520446533,47.952,0.050250014013386135,15.0,718.5
301.1709786712792,14.997495517535832,48.0,0.050090068201598115,15.0,720.0
301.9508486745727,14.997500063336146,48.052,0.049999149918335206,15.0,720.0
302.6707290599079,14.99750802781675,48.1,0.04983985633680277,15.0,720.780029296875
303.4505997121748,14.997512543594269,48.152,0.0497495385470188,15.0,721.5
304.170480695005,14.99752047562898,48.2,0.04959089393889826,15.0,722.280029296875
304.95035199300474,14.997524961533598,48.252,0.04950117364410289,15.0,723.0
305.67023357034634,14.997532861284402,48.3,0.04934317476886463,15.0,723.780029296875
306.45010551085454,14.99753731746527,48.352,0.049254048985460486,15.0,724.5
307.16998767973905,14.997545185093353,48.4,0.049096692618661564,15.0,725.280029296875
307.9498602595474,14.997549611698865,48.452,0.04900815837817163,15.0,726.0
308.66974301702095,14.997557447364601,48.5,0.048851441311512644,15.0,726.780029296875
309.44961623293716,14.997561844542425,48.552,0.048763495660068656,15.0,727.5
310.1694995760607,14.997569648405388,48.6,0.04860741470128005,15.0,728.280029296875
310.9493734249084,14.99757401630245,48.652,0.048520054699793036,15.0,729.0
311.66925735075745,14.997581788521423,48.7,0.048364606672521404,15.0,729.780029296875
312.4491318293762,14.997586127283911,48.752,0.048277829396567995,15.0,730.5
313.1690163350409,14.997593868016883,48.8,0.04812301114031925,15.0,731.280029296875
313.948891440286,14.99759817779027,48.852,0.04803681368002799,15.0,732.780029296875
314.6687765228713,14.997605887194437,48.9,0.04788262205011051,15.0,732.780029296875
315.44865225161374,14.997610168123444,48.952,0.04779700151044608,15.0,733.5
316.1685379082388,14.997617846355222,49.0,0.047643433377857036,15.0,734.280029296875
316.9484142573652,14.997622098583868,49.052,0.04755838687793812,15.0,735.0
317.66830048516357,14.99762974579889,49.1,0.047405439129306615,15.0,735.780029296875
318.44817745157604,14.997633969470472,49.152,0.04732096380269013,15.0,736.5
319.1680642476956,14.997641585823594,49.2,0.047168633340163524,15.0,737.280029296875
319.9479418283118,14.997645781080692,49.252,0.04708472633473093,15.0,738.0
320.6678291899146,14.997653366726,49.3,0.04693301007591799,15.0,738.780029296875
321.4477073816675,14.997657533710488,49.352,0.04684966855370476,15.0,739.5
322.16759530593,14.997665088801298,49.4,0.04669856343161882,15.0,740.280029296875
322.947474105768,14.997669227654326,49.452,0.04661578456909865,15.0,741.0
323.6673625898805,14.997676752343187,49.5,0.046465287532100774,15.0,741.780029296875
324.4472419947672,14.997680863205213,49.552,0.046383068519617154,15.0,743.280029296875
325.1671310359341,14.997688357643915,49.6,0.04623317653130243,15.0,743.280029296875
325.94701104284815,14.997692440654696,49.652,0.04615151457323918,15.0,744.0
326.66690063828787,14.99769990499427,49.7,0.04600222461226622,15.0,744.780029296875
327.4467812442231,14.997703960292865,49.752,0.045921116926990635,15.0,746.280029296875
328.1666713911678,14.99771139468359,49.8,0.04577242598719522,15.0,746.280029296875
328.94655259313305,14.997715422408364,49.852,0.045691869806944396,15.0,747.0
329.66644328882904,14.997722826999762,49.9,0.04554377489716899,15.0,747.780029296875
330.446325083848,14.997726827288384,49.952,0.045463767468163496,15.0,749.280029296875
331.16621632555507,14.99773420222924,50.0,0.045316265612143525,15.0,749.280029296875
331.94812335512603,15.036673645595986,50.052,-0.7347924926808105,15.0,750.780029296875
332.6680102810742,14.997644290585985,50.1,0.047114536890148884,15.0,750.780029296875
333.4478880020005,14.99764847935201,50.152,0.04703075971332282,15.0,751.5
334.16777549278373,14.99765605798235,50.2,0.04687918376464495,15.0,753.0
334.94765382414613,14.997660218508168,50.252,0.046795971422852745,15.0,753.780029296875
335.66754187694374,14.997667766619037,50.3,0.04664500591024989,15.0,753.780029296875
336.4474208156941,14.997671899045653,50.352,0.04656235558286426,15.0,754.5
337.16730942770005,14.99767941678942,50.4,0.046411997458221776,15.0,755.280029296875
337.9471889708054,14.997683521257116,50.452,0.04632990633916734,15.0,756.780029296875
338.66707813922716,14.997691008785399,50.5,0.04618015256954777,15.0,756.780029296875
339.4469582836697,14.997695085433776,50.552,0.04609861786627789,15.0,757.5
340.1668480057288,14.997702542897432,50.6,0.04594946543380729,15.0,758.280029296875
340.9467287485058,14.99770659186539,50.652,0.04586848436792934,15.0,759.0
341.6666190214377,14.997714019414525,50.7,0.04571993026991095,15.0,759.780029296875
342.4465003595614,14.997718040840265,50.752,0.04563950007684525,15.0,760.5
343.1663911806153,14.997725438624235,50.8,0.045491541325532125,15.0,761.280029296875
343.9462731111128,14.997729432645281,50.852,0.04541165925439827,15.0,762.780029296875
344.66616447755183,14.997736800812698,50.9,0.04526429287693645,15.0,763.5
345.4480716412024,15.036676224048508,50.952,-0.7348443406840488,15.0,764.280029296875
346.1679586912612,14.997646876224836,51.0,0.04706282296649533,15.0,764.280029296875
346.94783654631806,14.997651058785667,51.052,0.04697916990033946,15.0,765.0
347.6677241605922,14.997658630709996,51.1,0.046827728082178055,15.0,765.780029296875
348.44760262541536,14.997662785061603,51.152,0.04674463923129224,15.0,766.5
349.1692162917189,15.033618047990254,51.2,-0.6733768959455233,15.0,768.0
349.9490908770887,14.997588180188032,51.252,0.048236770358016656,15.0,768.0
350.6689754810366,14.997595915583883,51.3,0.04808205885279904,15.0,768.780029296875
351.44885069249966,14.997600220443388,51.352,0.047995959675745326,15.0,769.5
352.16873587287745,14.997607924537082,51.4,0.04784187426378139,15.0,770.280029296875
352.9486117073074,14.997612200576745,51.452,0.04775635151656843,15.0,771.0
353.6684974612366,14.997619873524563,51.5,0.04760288907152699,15.0,771.780029296875
354.4483739155228,14.997624120888277,51.552,0.04751793987571773,15.0,772.5
355.1682602401394,14.99763176284572,51.6,0.04736509728689953,15.0,774.0
355.9501619840426,15.036571998139484,51.652,-0.7327485780965048,15.0,774.780029296875
356.67004401739473,14.99754236150209,51.7,0.049153165806728794,15.0,774.780029296875
357.44991645072867,14.997546794883814,51.752,0.04906449603384999,15.0,775.5
358.1697990733465,14.997554637872662,51.8,0.04890763249278507,15.0,776.280029296875
358.9496721435197,14.99755904179287,51.852,0.04881955198561627,15.0,777.0
359.7314149255185,15.033515038435926,51.904,-0.671307377841174,15.0,778.5
360.45114989132287,14.994478454259138,51.952,0.11043540415761299,15.0,778.5
361.1727550824731,15.033441482296054,52.0,-0.6698296300380093,15.0,780.0
361.95262046721706,14.997411245076675,52.052,0.05177556111220838,15.0,780.0
362.67422214473874,15.033368281700529,52.1,-0.6683590541438207,15.0,781.5
363.45610846995027,15.036275484837022,52.152,-0.7267866734971449,15.0,782.280029296875
364.1759762321244,14.997245045294106,52.2,0.0550996517143858,15.0,782.280029296875
364.95583324211805,14.99725019218568,52.252,0.05499671076353252,15.0,783.0
365.6757016648189,14.997258806270017,52.3,0.054824423882166684,15.0,783.780029296875
366.4555593886661,14.997263920137799,52.352,0.0547221434580365,15.0,784.5
367.17542846859567,14.997272498533112,52.4,0.05455057043019451,15.0,785.280029296875
367.95528690273187,14.997277579541963,52.452,0.0544489472347891,15.0,786.0
368.6751566366084,14.997286122426425,52.5,0.0542780844959907,15.0,786.780029296875
369.4550157774869,14.997291170740395,52.552,0.05417711524751212,15.0,788.280029296875
370.1766117317761,15.033249047691225,52.6,-0.6659637438739878,15.0,789.0
370.95646708952125,14.9972184181753,52.652,0.055632210415240024,15.0,789.0
371.6763339910347,14.997227114863476,52.7,0.055458271285374394,15.0,789.780029296875
372.4561900708835,14.997232304784728,52.752,0.055354469673829954,15.0,790.5
373.1760576372213,14.997240965371493,52.8,0.0551812526476283,15.0,791.280029296875
373.95793921520874,15.036184192067081,52.852,-0.7249511810146032,15.0,792.780029296875
374.67780258373216,14.997153510903527,52.9,0.0569303969728594,15.0,793.5
375.4576548453601,14.997158877459997,52.952,0.05682306237127932,15.0,793.5
376.1775188963491,14.997167728937436,53.0,0.05664602712420219,15.0,794.280029296875
376.9573718955405,14.997173061373449,53.052,0.05653937498823325,15.0,795.0
377.67723662558745,14.997181875976727,53.1,0.05636307730463841,15.0,795.780029296875
378.4570903586595,14.997187174462622,53.152,0.056257104226574484,15.0,796.5
379.1769557643736,14.997195952375824,53.2,0.05608154042363367,15.0,798.0
379.9588350194449,15.036139520602052,53.252,-0.724053053862292,15.0,798.780029296875
380.6786962381088,14.99710872216633,53.3,0.05782620120902493,15.0,799.5
381.45854617631153,14.997114196206686,53.352,0.057716716747904684,15.0,799.5
382.178408088176,14.99712316384249,53.4,0.05753735807564908,15.0,800.280029296875
382.95825877554375,14.997128603225782,53.452,0.05742856681513331,15.0,801.0
383.67812137714736,14.997137533407535,53.5,0.05724995730787441,15.0,801.780029296875
384.4579728099393,14.997142938306789,53.552,0.05714185578648312,15.0,802.5
385.17783609783794,14.99715183122147,53.6,0.056963991703412376,15.0,803.280029296875
385.957688272332,14.997157201808845,53.652,0.05685657647705966,15.0,804.780029296875
386.6775522430989,14.9971660576425,53.7,0.05667945409612685,15.0,805.5
387.4574051555915,14.99717139408929,53.752,0.0565727217380072,15.0,805.5
388.1772698058167,14.997180213027036,53.8,0.056396337355636206,15.0,806.280029296875
388.9571234526229,14.997185515503695,53.852,0.05629028445582662,15.0,807.0
389.67698877891394,14.997194297729726,53.9,0.05611463438702913,15.0,807.780029296875
390.45684315636703,14.99719956640583,53.952,0.05600925755305752,15.0,808.5
391.176709155348,14.997208312103425,54.0,0.0558343381311488,15.0,809.280029296875
391.95858904825195,15.036151786613983,54.052,-0.7242996628878586,15.0,810.780029296875
392.6784508572272,14.997121020316486,54.1,0.05758023001607171,15.0,811.5
393.4583014333991,14.9971264648438,54.152,0.05747133586629616,15.0,812.280029296875
394.17816393262717,14.997135400584726,54.2,0.05729261516319184,15.0,812.280029296875
394.9580152547785,14.997140810602325,54.252,0.05718441126629159,15.0,813.0
395.6778784408127,14.997149709048426,54.3,0.05700643654262194,15.0,813.780029296875
396.4577305052186,14.997155084728597,54.352,0.05689891945183945,15.0,814.5
397.1775943746298,14.997163946066058,54.4,0.05672168698271207,15.0,815.280029296875
397.95744717758396,14.997169287580213,54.452,0.05661485326891125,15.0,816.0
398.6773117269597,14.99717811199429,54.5,0.05643835934807839,15.0,816.780029296875
399.4571652647744,14.997183419513007,54.552,0.05633220559883512,15.0,817.5
400.17703049071946,14.997192207188029,54.6,0.05615644653852314,15.0,818.280029296875
400.95688475972526,14.997197480881029,54.652,0.056050969358580005,15.0,819.0
401.6767506588613,14.997206232000408,54.7,0.05587594148937569,15.0,819.780029296875
402.4566056554072,14.997211472036561,54.752,0.055771137500414625,15.0,820.5
403.1764722243727,14.997220186782794,54.8,0.05559683717132202,15.0,821.280029296875
403.95632794482583,14.997225393330135,54.852,0.055492703011793765,15.0,822.0
404.67619518027635,14.997234071884808,54.9,0.055319126589949974,15.0,822.780029296875
405.4560516210221,14.997239245110515,54.952,0.05521565891547198,15.0,823.5
406.17591951962953,14.997247887654309,55.0,0.05504280278620399,15.0,824.280029296875
406.9557766770712,14.997253027724748,55.052,0.054939998268650925,15.0,825.0
407.6756452355242,14.99726163443744,55.1,0.054767858835305105,15.0,825.780029296875
408.45550310608314,14.997266741518136,55.152,0.054665714163320445,15.0,826.5
409.17537232108697,14.997275312578605,55.2,0.05449428784726251,15.0,827.280029296875
409.95523090120236,14.997280386834257,55.252,0.054392799726088015,15.0,828.0
410.67510076947843,14.997288922420495,55.3,0.05422208296647568,15.0,828.780029296875
411.45698482227556,15.03623178455994,55.352,-0.7259080487574465,15.0,830.280029296875
412.176850481269,14.997201229029374,55.4,0.05597600403967817,15.0,830.280029296875
412.95670521828475,14.997206481071695,55.452,0.055870959908133955,15.0,831.0
413.67657154830687,14.997215208793063,55.5,0.05569640004887333,15.0,831.780029296875
414.4564270105258,14.997220427286628,55.552,0.05559202694598753,15.0,832.5
415.17629400822585,14.997229118751662,55.6,0.05541819228989198,15.0,833.280029296875
415.95615019202677,14.997234303863959,55.652,0.05531448686497242,15.0,834.0
416.67601785407095,14.99724295925366,55.7,0.05514137379088879,15.0,834.780029296875
417.4558747558508,14.997248111151345,55.752,0.05503833271006897,15.0,835.5
418.1757430789217,14.997256730645814,55.8,0.05486593761492031,15.0,836.280029296875
