0.1200000000000001,1.2680000000000007,1,[],1
1.5040000000000004,0.5159999999999991,2,[],2
2.0760000000000005,0.1880000000000006,3,[],3
2.380000000000001,0.46799999999999997,4,[],4
2.880000000000001,0.49600000000000044,5,[],5
3.4720000000000013,0.41199999999999903,6,[],6
3.976000000000001,0.40000000000000036,7,[],7
4.488000000000001,0.31599999999999895,8,[],8
4.884,0.3800000000000008,9,[],9
5.440000000000001,0.4399999999999995,10,[],10
5.976000000000001,0.5039999999999996,11,[],11
6.572000000000001,0.5559999999999992,12,[],12
7.176,0.6639999999999997,13,[],13
7.852,0.43599999999999994,14,[],14
8.376000000000001,0.37599999999999945,15,[],15
8.824,0.3680000000000003,16,[],16
9.324,0.3520000000000003,17,[],17
9.76,0.3879999999999999,18,[],18
10.172,0.3360000000000003,19,[],19
10.620000000000001,0.35600000000000165,20,[],20
11.112,0.3960000000000008,21,[],21
11.58,0.6640000000000015,22,[],22
12.272,0.6720000000000006,23,[],23
12.984,0.5399999999999991,24,[],24
13.556,0.5159999999999982,25,[],25
14.192000000000002,0.5960000000000001,26,[],26
14.860000000000001,0.38400000000000034,27,[],27
15.288000000000002,0.4599999999999973,28,[],28
15.764000000000001,0.39199999999999946,29,[],29
16.22,0.4920000000000009,30,[],30
16.759999999999998,0.3200000000000003,31,[],31
17.168,0.31599999999999895,32,[],32
17.564,0.39599999999999724,33,[],33
18.084000000000003,0.3000000000000007,34,[],34
18.468000000000004,0.2680000000000007,35,[],35
18.764000000000003,0.46799999999999997,36,[],36
19.259999999999998,0.6880000000000024,37,1,[],1,1,0,601,626,340,359,0.91508126
19.964,0.2839999999999989,38,2,[],2,1,0,624,638,231,248,0.8715814
20.264000000000003,0.3440000000000012,39,3,[],3,1,0,616,633,206,216,0.80893904
20.671999999999997,0.46000000000000085,40,[],37
21.168,0.4839999999999982,41,[],38
21.712000000000003,0.3999999999999986,42,[],39
22.164,0.41600000000000037,43,[],40
22.708,0.3880000000000017,44,[],41
23.204,0.26000000000000156,45,[],42
23.592,0.379999999999999,46,[],43
24.112000000000002,0.2680000000000007,47,[],44
24.46,0.33999999999999986,48,[],45
24.875999999999998,0.34800000000000253,49,[],46
25.276000000000003,0.4559999999999995,50,[],47
25.776000000000003,0.40000000000000213,51,[],48
26.316000000000003,0.6400000000000006,52,[],49
26.972,0.3719999999999999,53,[],50
27.384,0.30000000000000426,54,[],51
27.748000000000005,0.4480000000000004,55,[],52
28.284,0.30000000000000426,56,[],53
28.692,0.3160000000000025,57,[],54
29.068000000000005,0.33200000000000074,58,[],55
29.472,0.5560000000000045,59,[],56
30.064,0.4000000000000057,60,[],57
30.568000000000005,0.2839999999999989,61,[],58
30.876000000000005,0.4159999999999968,62,[],59
31.368000000000002,0.32800000000000296,63,[],60
31.768,0.4440000000000026,64,[],61
32.252,0.35199999999999676,65,[],62
32.660000000000004,0.37599999999999767,66,[],63
33.064,0.45600000000000307,67,[],64
33.616,0.3480000000000061,68,[],65
34.104,0.3440000000000012,69,[],66
34.580000000000005,0.4759999999999991,70,[],67
35.092,0.259999999999998,71,[],68
35.46,0.259999999999998,72,[],69
35.784,0.46000000000000085,73,[],70
36.308,0.48400000000000176,74,[],71
36.856,0.48400000000000176,75,[],72
37.384,0.3640000000000043,76,[],73
37.788000000000004,0.7479999999999976,77,[],74
38.576,0.5159999999999982,78,[],75
39.164,0.5999999999999943,79,[],76
39.864000000000004,0.5320000000000036,80,[],77
40.456,0.588000000000001,81,[],78
41.064,0.38400000000000034,82,[],79
41.452000000000005,0.32800000000000296,83,[],80
41.932,0.5799999999999983,84,[],81
42.576,0.5919999999999987,85,[],82
43.268,0.4519999999999982,86,[],83
43.796,0.5080000000000027,87,[],84
44.368,0.740000000000002,88,[],85
45.196000000000005,0.5799999999999983,89,4,[],4,1,0,476,480,26,30,0.68721336
45.864000000000004,0.42799999999999727,90,[],86
46.364000000000004,0.5159999999999982,91,[],87
46.964000000000006,0.43599999999999994,92,[],88
47.456,0.3960000000000008,93,[],89
47.96,0.5160000000000053,94,[],90
48.564,0.38000000000000256,95,[],91
48.952000000000005,0.5,96,[],92
49.652,0.38000000000000256,97,[],93
50.06,0.32399999999999807,98,[],94
50.480000000000004,0.41199999999999903,99,[],95
51.016000000000005,0.6319999999999979,100,5,[],5,1,0,251,257,27,32,0.6248957
51.652,0.2880000000000038,101,[],96
51.992000000000004,0.5519999999999996,102,[],97
52.572,0.4720000000000013,103,[],98
53.056000000000004,0.48399999999999466,104,[],99
53.612,0.5240000000000009,105,[],100
54.184000000000005,0.40799999999999415,106,[],101
54.668,0.6799999999999997,107,[],102
55.396,0.3400000000000034,108,6,[],6,1,0,172,182,75,82,0.7926191
55.756,0.5319999999999965,109,7,[],7,1,0,173,182,77,85,0.8722096
56.388000000000005,0.5039999999999978,110,8,[],8,1,0,168,178,88,94,0.891148
56.976,0.4520000000000053,111,9,[],9,1,0,151,162,87,93,0.9692287
57.468,0.5600000000000023,112,[],103
58.076,0.48400000000000176,113,[],104
58.672000000000004,0.46399999999999153,114,10,[],10,1,0,158,172,129,136,0.90903205
59.164,0.4000000000000057,115,11,[],11,1,0,167,179,138,145,0.66893035
59.668000000000006,0.4239999999999924,116,12,[],12,1,0,168,188,138,145,0.8923231
60.184,0.5600000000000023,117,13,[],13,1,0,192,204,164,172,0.7203482
60.788,0.4960000000000093,118,14,[],14,1,0,196,216,177,187,0.98799956
61.36800000000001,0.44000000000001194,119,15,[],15,1,0,205,232,184,195,0.89514315
61.86,0.8239999999999981,120,16,[],16,1,0,225,245,177,186,0.9756281
62.760000000000005,0.6439999999999912,121,17,[],17,1,0,292,320,226,238,0.90623146
63.452,0.5999999999999943,122,18,[],18,1,0,349,372,242,259,0.9356069
64.08,0.22800000000000864,123,[],105
64.388,0.4759999999999991,124,19,[],19,1,0,435,455,258,276,0.6158403
64.97200000000001,0.4679999999999893,125,[],106
65.48,0.43599999999999284,126,20,[],20,1,0,586,599,291,314,0.83471435
65.97200000000001,0.347999999999999,127,[],107
66.396,0.3440000000000083,128,[],108
66.764,0.33200000000000784,129,[],109
67.156,0.5799999999999983,130,[],110
67.764,0.480000000000004,131,[],111
68.296,0.42799999999999727,132,[],112
68.84400000000001,0.2079999999999984,133,[],113
69.156,0.28000000000000114,134,[],114
69.468,0.46399999999999864,135,[],115
69.96000000000001,0.41199999999999193,136,[],116
70.508,0.46000000000000796,137,[],117
71.08800000000001,0.35999999999999943,138,[],118
71.49600000000001,0.367999999999995,139,[],119
72.024,0.43200000000000216,140,[],120
72.46000000000001,0.38400000000000034,141,[],121
72.912,0.4159999999999968,142,[],122
73.388,0.27199999999999136,143,[],123
73.696,0.3760000000000048,144,[],124
74.156,0.37999999999999545,145,[],125
74.556,0.4719999999999942,146,[],126
75.116,0.5400000000000063,147,[],127
75.78,0.3400000000000034,148,[],128
76.164,0.40800000000000125,149,[],129
76.664,0.3919999999999959,150,[],130
77.06400000000001,0.3919999999999959,151,[],131
77.476,0.41200000000000614,152,[],132
77.992,0.4680000000000035,153,[],133
78.46000000000001,0.6239999999999952,154,[],134
79.212,0.42799999999999727,155,21,[],21,1,0,593,607,80,87,0.8353598
79.668,0.27199999999999136,156,[],135
79.96000000000001,0.4479999999999933,157,[],136
80.5,0.5280000000000058,158,[],137
81.06,0.4240000000000066,159,22,[],22,1,0,495,503,71,77,0.78574646
81.56400000000001,0.3999999999999915,160,[],138
82.052,0.5959999999999894,161,[],139
82.808,0.35199999999998965,162,[],140
83.268,0.6039999999999992,163,[],141
83.98400000000001,0.6519999999999868,164,[],142
84.688,0.6560000000000059,165,[],143
85.376,0.867999999999995,166,[],144
86.252,0.46000000000000796,167,[],145
86.788,0.38000000000000966,168,[],146
87.268,0.27599999999999625,169,[],147
87.60000000000001,0.367999999999995,170,[],148
88.116,0.5720000000000027,171,23,[],23,1,0,212,219,56,61,0.7833215
88.828,0.5559999999999974,172,24,[],24,1,0,191,197,64,69,0.6992869
89.49600000000001,0.38400000000000034,173,25,[],25,1,0,153,160,40,45,0.9163741
89.952,0.43200000000000216,174,26,[],26,1,0,136,144,23,29,0.6209149
90.468,0.539999999999992,175,[],149
91.072,0.48799999999999955,176,[],150
91.69200000000001,0.347999999999999,177,[],151
92.056,0.38400000000000034,178,[],152
92.464,0.32399999999999807,179,27,[],27,1,0,98,106,114,120,0.8240308
92.86800000000001,0.29599999999999227,180,[],153
93.272,0.4680000000000035,181,[],154
93.756,0.5440000000000111,182,28,[],28,1,0,100,111,167,174,0.9094843
94.36800000000001,0.5159999999999911,183,29,[],29,1,0,104,114,165,173,0.9305698
94.968,0.6039999999999992,184,30,[],30,1,0,110,124,190,198,0.93663687
95.66,0.5720000000000027,185,31,[],31,1,0,125,142,190,201,0.7533998
96.268,0.7120000000000033,186,32,[],32,1,0,151,178,216,229,0.93203753
97.08800000000001,0.25199999999999534,187,33,[],33,1,0,205,228,250,262,0.9671353
97.364,0.5,188,34,[],34,1,0,236,260,269,279,0.6974223
97.968,0.5,189,35,[],35,1,0,279,307,287,301,0.9284979
98.556,0.4759999999999991,190,36,[],36,1,0,330,364,305,322,0.98571354
99.084,0.6560000000000059,191,37,[],37,1,0,404,441,326,344,0.9353567
99.76,0.6840000000000117,192,38,[],38,1,0,510,564,362,382,0.8356828
100.47200000000001,0.3079999999999927,193,[],155
100.864,0.3999999999999915,194,[],156
101.352,0.5840000000000032,195,[],157
101.98400000000001,0.4159999999999968,196,[],158
102.468,0.35999999999999943,197,[],159
102.876,0.2639999999999958,198,[],160
103.172,0.32399999999999807,199,[],161
103.584,0.3440000000000083,200,[],162
103.97200000000001,0.27599999999999625,201,[],163
104.268,0.4680000000000035,202,[],164
104.752,0.5120000000000005,203,[],165
105.36800000000001,0.43199999999998795,204,[],166
105.85600000000001,0.35200000000000387,205,[],167
106.26,0.35199999999998965,206,[],168
106.668,0.387999999999991,207,[],169
107.06400000000001,0.4479999999999933,208,[],170
107.60000000000001,0.4759999999999991,209,[],171
108.2,0.43599999999999284,210,[],172
108.71600000000001,0.2680000000000007,211,[],173
109.096,0.367999999999995,212,[],174
109.572,0.40800000000000125,213,[],175
110.056,0.3159999999999883,214,[],176
110.468,0.519999999999996,215,[],177
111.11200000000001,0.3760000000000048,216,[],178
111.62,0.37999999999999545,217,[],179
112.07600000000001,0.4679999999999893,218,[],180
112.552,0.5039999999999907,219,[],181
113.164,0.4200000000000017,220,[],182
113.696,0.4720000000000084,221,[],183
114.264,0.5400000000000063,222,[],184
114.86,0.4519999999999982,223,[],185
115.376,0.5759999999999934,224,[],186
116.0,0.5640000000000072,225,[],187
116.664,0.3919999999999959,226,[],188
117.056,0.35999999999999943,227,[],189
117.464,0.7560000000000002,228,[],190
118.268,0.5720000000000027,229,[],191
118.864,0.3999999999999915,230,[],192
119.364,0.3160000000000025,231,[],193
119.752,0.48400000000000887,232,39,[],39,1,0,212,221,80,86,0.9067685
120.256,0.2880000000000109,233,[],194
120.60000000000001,0.38000000000000966,234,[],195
121.06400000000001,0.3999999999999915,235,[],196
121.568,0.30400000000000205,236,[],197
121.96000000000001,0.4239999999999924,237,[],198
122.48400000000001,0.5159999999999911,238,[],199
123.064,0.4960000000000093,239,[],200
123.656,0.5319999999999823,240,[],201
124.25200000000001,0.5279999999999916,241,[],202
124.892,0.48400000000000887,242,[],203
125.45599999999999,0.48799999999999955,243,[],204
125.964,0.23599999999999,244,[],205
126.28,0.2839999999999918,245,[],206
126.68,0.5560000000000116,246,[],207
127.304,0.35200000000000387,247,[],208
127.68799999999999,0.5520000000000209,248,[],209
128.3,0.35599999999999454,249,[],210
128.756,0.3959999999999866,250,[],211
129.264,0.3959999999999866,251,[],212
129.824,0.3439999999999941,252,[],213
130.328,0.2920000000000016,253,[],214
130.668,0.30400000000000205,254,[],215
131.072,0.3760000000000048,255,[],216
131.472,0.5039999999999907,256,[],217
132.08,0.42399999999997817,257,[],218
132.56,0.3720000000000141,258,[],219
132.992,0.3240000000000123,259,[],220
133.356,0.32399999999998386,260,[],221
133.772,0.5560000000000116,261,[],222
134.352,0.3079999999999927,262,[],223
134.764,0.33199999999999363,263,[],224
135.188,0.3400000000000034,264,[],225
135.584,0.38399999999998613,265,[],226
136.068,0.2639999999999816,266,[],227
136.372,0.42799999999999727,267,[],228
136.872,0.3879999999999768,268,[],229
137.364,0.32800000000000296,269,[],230
137.78,0.3760000000000048,270,[],231
138.184,0.4520000000000266,271,[],232
138.668,0.3079999999999927,272,[],233
139.084,0.40399999999999636,273,[],234
139.56,0.37999999999999545,274,[],235
139.984,0.3119999999999834,275,[],236
140.412,0.24399999999999977,276,[],237
140.72,0.3119999999999834,277,[],238
141.064,0.3120000000000118,278,[],239
141.468,0.35600000000002296,279,[],240
141.868,0.3160000000000025,280,[],241
142.276,0.28000000000000114,281,[],242
142.564,0.3160000000000025,282,[],243
143.0,0.4200000000000159,283,[],244
143.476,0.367999999999995,284,[],245
143.872,0.27599999999998204,285,[],246
144.168,0.4679999999999893,286,[],247
144.66400000000002,0.5159999999999911,287,[],248
145.26,0.4480000000000075,288,[],249
145.772,0.3800000000000239,289,[],250
146.22,0.23199999999999932,290,[],251
146.592,0.43600000000000705,291,[],252
147.064,0.40800000000001546,292,[],253
147.584,0.4720000000000084,293,[],254
148.084,0.25200000000000955,294,[],255
148.376,0.27600000000001046,295,[],256
148.692,0.3439999999999941,296,[],257
149.084,0.22800000000000864,297,[],258
149.372,0.37999999999999545,298,[],259
149.768,0.3640000000000043,299,[],260
150.168,0.4479999999999791,300,[],261
150.684,0.700000000000017,301,[],262
151.488,0.36000000000001364,302,[],263
151.88400000000001,0.5039999999999907,303,[],264
152.464,0.4440000000000168,304,[],265
152.964,0.3760000000000048,305,[],266
153.36,0.5039999999999907,306,[],267
153.972,0.4159999999999968,307,[],268
154.484,0.23199999999999932,308,[],269
154.756,0.4399999999999977,309,[],270
155.284,0.46000000000000796,310,[],271
155.772,0.396000000000015,311,[],272
156.264,0.35599999999999454,312,[],273
156.668,0.21199999999998909,313,[],274
156.964,0.6040000000000134,314,[],275
157.68,0.25200000000000955,315,[],276
157.992,0.4280000000000257,316,[],277
158.464,0.5080000000000098,317,[],278
159.124,0.46000000000000796,318,[],279
159.656,0.6079999999999757,319,[],280
160.404,0.33199999999999363,320,[],281
160.772,0.2960000000000207,321,[],282
161.18,0.3760000000000048,322,[],283
161.572,0.24399999999999977,323,[],284
161.868,0.21600000000000819,324,[],285
162.16,0.38400000000001455,325,[],286
162.616,0.5,326,[],287
163.16,0.33199999999999363,327,[],288
163.572,0.3199999999999932,328,[],289
163.952,0.32800000000000296,329,[],290
164.404,0.2880000000000109,330,[],291
164.82,0.28000000000000114,331,[],292
165.192,0.45599999999998886,332,[],293
165.66400000000002,0.339999999999975,333,[],294
166.104,0.3639999999999759,334,[],295
166.56,0.4679999999999893,335,[],296
167.072,0.32800000000000296,336,[],297
167.464,0.35599999999999454,337,[],298
167.90800000000002,0.32800000000000296,338,[],299
168.256,0.38399999999998613,339,[],300
168.696,0.29599999999999227,340,[],301
169.06,0.43199999999998795,341,[],302
169.556,0.3680000000000234,342,[],303
169.96,0.3160000000000025,343,[],304
170.368,0.4440000000000168,344,[],305
170.864,0.3199999999999932,345,[],306
171.268,0.46000000000000796,346,[],307
171.768,0.3079999999999927,347,[],308
172.17600000000002,0.6359999999999957,348,[],309
172.904,0.48799999999999955,349,[],310
173.492,0.33200000000002206,350,[],311
173.904,0.3720000000000141,351,[],312
174.404,0.6040000000000134,352,[],313
175.1,0.33200000000002206,353,[],314
175.472,0.30400000000000205,354,[],315
175.94,0.5560000000000116,355,[],316
176.576,0.4000000000000057,356,[],317
177.056,0.3199999999999932,357,[],318
177.516,0.3919999999999959,358,[],319
177.964,0.4440000000000168,359,[],320
178.492,0.6440000000000055,360,[],321
179.18,0.3079999999999927,361,[],322
179.568,0.35200000000000387,362,[],323
179.964,0.33600000000001273,363,[],324
180.372,0.4439999999999884,364,[],325
180.888,0.3480000000000132,365,[],326
181.26,0.37999999999999545,366,[],327
181.712,0.4280000000000257,367,[],328
182.208,0.3160000000000025,368,[],329
182.596,0.3719999999999857,369,[],330
183.068,0.367999999999995,370,[],331
183.464,0.2599999999999909,371,[],332
183.772,0.38400000000001455,372,[],333
184.268,0.3240000000000123,373,[],334
184.668,0.5279999999999916,374,[],335
185.264,0.3160000000000025,375,[],336
185.688,0.3800000000000239,376,[],337
186.156,0.33199999999999363,377,[],338
186.56,0.35599999999999454,378,[],339
187.012,0.37999999999999545,379,[],340
187.46,0.43199999999998795,380,[],341
187.972,0.3160000000000025,381,[],342
188.392,0.35599999999999454,382,[],343
188.9,0.32800000000000296,383,[],344
189.264,0.4359999999999786,384,[],345
189.792,0.42799999999999727,385,[],346
190.276,0.4759999999999991,386,[],347
190.784,0.48400000000000887,387,[],348
191.36,0.4959999999999809,388,[],349
191.868,0.38800000000000523,389,[],350
192.304,0.36000000000001364,390,[],351
192.764,0.2879999999999825,391,[],352
193.096,0.30800000000002115,392,[],353
193.456,0.40799999999998704,393,[],354
193.964,0.48799999999999955,394,[],355
194.468,0.33600000000001273,395,[],356
194.864,0.4519999999999982,396,[],357
195.412,0.38399999999998613,397,[],358
195.864,0.47999999999998977,398,[],359
196.388,0.4800000000000182,399,[],360
196.992,0.33200000000002206,400,[],361
197.36,0.32799999999997453,401,[],362
197.764,0.3480000000000132,402,[],363
198.16,0.43600000000000705,403,[],364
198.656,0.5279999999999916,404,[],365
199.268,0.35200000000000387,405,[],366
199.656,0.40799999999998704,406,[],367
200.196,0.38399999999998613,407,[],368
200.672,0.38400000000001455,408,[],369
201.092,0.2400000000000091,409,[],370
201.372,0.3919999999999959,410,[],371
201.864,0.3599999999999852,411,[],372
202.308,0.5080000000000098,412,[],373
202.872,0.3599999999999852,413,[],374
203.268,0.6240000000000236,414,[],375
203.98,0.3359999999999843,415,[],376
204.36,0.22799999999998022,416,[],377
204.67600000000002,0.2879999999999825,417,[],378
205.068,0.25200000000000955,418,[],379
205.352,0.41200000000000614,419,[],380
205.868,0.5040000000000191,420,[],381
206.456,0.35200000000000387,421,[],382
206.856,0.3199999999999932,422,[],383
207.264,0.35599999999999454,423,[],384
207.668,0.41200000000000614,424,[],385
208.168,0.35599999999999454,425,[],386
208.572,0.4720000000000084,426,[],387
209.06,0.38399999999998613,427,[],388
209.572,0.4159999999999968,428,[],389
210.06,0.3359999999999843,429,[],390
210.46,0.4199999999999875,430,[],391
210.968,0.5559999999999832,431,[],392
211.56,0.5199999999999818,432,[],393
212.16400000000002,0.4519999999999982,433,[],394
212.67600000000002,0.5199999999999818,434,[],395
213.28,0.5279999999999916,435,[],396
213.868,0.5080000000000098,436,[],397
214.464,0.7839999999999918,437,[],398
215.28,0.695999999999998,438,[],399
216.072,0.5560000000000116,439,[],400
216.656,0.5439999999999827,440,[],401
217.256,0.6479999999999961,441,[],402
217.968,0.52800000000002,442,[],403
218.564,0.4399999999999977,443,[],404
219.076,0.5240000000000009,444,[],405
219.632,0.6040000000000134,445,[],406
220.36,0.7400000000000091,446,[],407
221.15200000000002,0.7199999999999989,447,[],408
221.964,0.563999999999993,448,[],409
222.568,0.4159999999999968,449,[],410
223.088,0.4200000000000159,450,[],411
223.584,0.7920000000000016,451,[],412
224.452,0.592000000000013,452,[],413
225.16400000000002,0.4759999999999991,453,[],414
225.672,0.4519999999999982,454,[],415
226.16400000000002,0.46399999999999864,455,[],416
226.66400000000002,0.4359999999999786,456,[],417
227.204,0.4399999999999977,457,[],418
227.67600000000002,0.4280000000000257,458,[],419
228.168,0.4199999999999875,459,[],420
228.66400000000002,0.5039999999999907,460,[],421
229.276,0.5240000000000009,461,[],422
229.86,0.4759999999999991,462,[],423
230.372,0.6279999999999859,463,[],424
231.064,0.5200000000000102,464,[],425
231.66400000000002,0.5239999999999725,465,[],426
232.256,0.38399999999998613,466,[],427
232.66400000000002,0.45599999999998886,467,[],428
233.168,0.5800000000000125,468,[],429
233.756,0.6200000000000045,469,[],430
234.484,0.4000000000000057,470,[],431
234.964,0.5240000000000009,471,[],432
235.552,0.6680000000000064,472,[],433
236.276,0.5039999999999907,473,[],434
236.89600000000002,0.5360000000000014,474,[],435
237.464,0.671999999999997,475,[],436
238.16400000000002,0.6239999999999952,476,[],437
238.864,0.5919999999999845,477,[],438
239.464,0.6479999999999961,478,[],439
240.16,0.5879999999999939,479,[],440
240.764,0.5439999999999827,480,[],441
241.364,0.5999999999999943,481,[],442
242.068,0.7639999999999816,482,[],443
242.856,0.4720000000000084,483,[],444
243.368,0.6440000000000055,484,[],445
244.064,0.7199999999999989,485,[],446
244.89600000000002,0.32799999999997453,486,[],447
245.268,0.43199999999998795,487,[],448
245.76,0.5320000000000107,488,[],449
246.344,0.6160000000000139,489,[],450
247.06,0.21600000000000819,490,[],451
247.356,0.5240000000000009,491,[],452
247.944,0.27600000000001046,492,[],453
248.268,0.4199999999999875,493,[],454
248.776,0.4679999999999893,494,[],455
249.268,0.42799999999999727,495,[],456
249.772,0.5880000000000223,496,[],457
250.468,0.3480000000000132,497,[],458
250.892,0.38400000000001455,498,[],459
251.40800000000002,0.30000000000001137,499,[],460
251.788,0.37599999999997635,500,[],461
252.264,0.49200000000001864,501,[],462
252.76800000000003,0.46399999999999864,502,[],463
253.24,0.30000000000001137,503,[],464
253.68400000000003,0.367999999999995,504,[],465
254.072,0.5399999999999636,505,[],466
254.66000000000003,0.5,506,[],467
255.29200000000003,0.4399999999999977,507,[],468
0.13200000000000012,1.068,1,[],1
1.2480000000000002,0.5279999999999996,2,[],2
1.8440000000000003,0.516,3,[],3
2.4879999999999995,0.3000000000000007,4,[],4
2.848,0.6719999999999997,5,[],5
3.524,0.5720000000000001,6,[],6
4.128,0.45999999999999996,7,1,[],1,1,0,152,179,252,259,0.8543834
4.628,0.4400000000000013,8,2,[],2,1,0,254,272,232,239,0.6786654
5.164,0.6559999999999988,9,3,[],3,1,0,346,362,228,237,0.9031954
5.832000000000001,0.47199999999999953,10,4,[],5,2,0,590,601,236,242,0.7500562
5.832000000000001,0.47199999999999953,10,4,[],5,2,1,456,469,235,241,0.9048957
6.324,0.4919999999999991,11,5,[],6,1,0,564,577,241,246,0.91705716
6.8759999999999994,0.25200000000000067,12,[],7
7.164,0.4039999999999999,13,[],8
7.644,0.25200000000000067,14,[],9
7.952,0.20000000000000107,15,[],10
8.256,0.31599999999999895,16,[],11
8.64,0.46399999999999864,17,[],12
9.16,0.36400000000000077,18,[],13
9.544,0.28800000000000026,19,[],14
9.836,0.21199999999999974,20,[],15
10.136,0.3520000000000003,21,[],16
10.532,0.3200000000000003,22,[],17
10.964,0.363999999999999,23,[],18
11.336,0.30799999999999983,24,[],19
11.732,0.32399999999999984,25,[],20
12.14,0.30400000000000027,26,[],21
12.532,0.379999999999999,27,[],22
12.948,0.2839999999999989,28,[],23
13.328,0.32800000000000296,29,[],24
13.732,0.2680000000000007,30,[],25
14.04,0.25200000000000244,31,[],26
14.352,0.36400000000000077,32,[],27
14.748000000000001,0.26399999999999935,33,[],28
15.052,0.3719999999999999,34,[],29
15.468,0.27199999999999847,35,[],30
15.856000000000002,0.21999999999999886,36,[],31
16.136,0.41199999999999903,37,[],32
16.636,0.30799999999999983,38,[],33
17.032,0.32399999999999807,39,[],34
17.448,0.35999999999999943,40,[],35
17.888,0.5120000000000005,41,[],36
18.44,0.3119999999999976,42,[],37
18.84,0.41999999999999815,43,[],38
19.332,0.31200000000000117,44,[],39
19.744,0.16799999999999926,45,[],40
20.04,0.34800000000000253,46,[],41
20.44,0.44399999999999906,47,[],42
20.948,0.2960000000000029,48,[],43
21.34,0.4759999999999991,49,[],44
21.852,0.5120000000000005,50,[],45
22.468,0.2759999999999998,51,[],46
22.856,0.34399999999999764,52,[],47
23.248,0.3719999999999999,53,[],48
23.732,0.4239999999999995,54,[],49
24.26,0.31599999999999895,55,[],50
24.66,0.33200000000000074,56,[],51
25.028,0.41600000000000037,57,[],52
25.548,0.5160000000000018,58,[],53
26.128,0.4559999999999995,59,[],54
26.62,0.6400000000000006,60,[],55
27.344,0.379999999999999,61,[],56
27.732,0.652000000000001,62,[],57
28.448,0.42799999999999727,63,[],58
28.936000000000003,0.4239999999999995,64,[],59
29.428,0.2359999999999971,65,[],60
29.732000000000003,0.2959999999999994,66,[],61
30.172,0.5600000000000023,67,[],62
30.736,0.4440000000000026,68,[],63
31.236,0.24399999999999977,69,[],64
31.548,0.6000000000000014,70,[],65
32.244,0.35599999999999454,71,[],66
32.64,0.2960000000000065,72,[],67
33.024,0.6280000000000001,73,[],68
33.760000000000005,0.6839999999999975,74,[],69
34.548,0.2920000000000016,75,[],70
34.956,0.3879999999999981,76,6,[],7,1,0,179,183,37,42,0.6527038
35.44,0.35199999999999676,77,[],71
35.843999999999994,0.4480000000000004,78,[],72
36.336,0.35999999999999943,79,[],73
36.748000000000005,0.4399999999999977,80,[],74
37.244,0.4239999999999995,81,[],75
37.736000000000004,0.5120000000000005,82,[],76
38.336,0.35600000000000165,83,[],77
38.736000000000004,0.5560000000000045,84,7,[],8,1,0,105,112,85,91,0.7044422
39.331999999999994,0.6480000000000032,85,[],78
40.032,0.607999999999997,86,[],79
40.751999999999995,0.5240000000000009,87,[],80
41.36,0.35599999999999454,88,8,[],9,1,0,131,158,161,176,0.6235263
41.760000000000005,0.46399999999999864,89,[],81
42.248000000000005,0.5400000000000063,90,[],82
42.855999999999995,0.6440000000000055,91,9,[],10,1,0,204,234,208,226,0.73618835
43.548,0.7800000000000011,92,10,[],11,1,0,255,283,222,237,0.706994
44.336,0.46000000000000085,93,[],83
44.831999999999994,0.5760000000000005,94,11,[],12,1,0,382,401,254,269,0.77972865
45.428,0.5600000000000023,95,12,[],13,1,0,446,465,253,276,0.67628235
46.087999999999994,0.38000000000000256,96,13,[],14,1,0,535,560,268,290,0.8623212
46.536,0.4759999999999991,97,14,[],15,1,0,599,624,265,291,0.73054296
47.040000000000006,0.3719999999999999,98,[],84
47.452,0.4439999999999955,99,[],85
47.952,0.3200000000000003,100,[],86
48.343999999999994,0.22399999999999665,101,[],87
48.647999999999996,0.3719999999999999,102,[],88
49.048,0.3680000000000021,103,[],89
49.452,0.5079999999999956,104,[],90
50.05200000000001,0.3119999999999976,105,[],91
50.452,0.5399999999999991,106,[],92
51.048,0.347999999999999,107,[],93
51.428,0.43200000000000216,108,[],94
51.968,0.4200000000000017,109,[],95
52.444,0.38000000000000256,110,[],96
52.852000000000004,0.4200000000000017,111,[],97
53.348,0.33200000000000074,112,[],98
53.736000000000004,0.5600000000000023,113,[],99
54.331999999999994,0.3640000000000043,114,[],100
54.768,0.1880000000000024,115,[],101
55.040000000000006,0.4759999999999991,116,[],102
55.532,0.5600000000000023,117,[],103
56.128,0.4480000000000004,118,[],104
56.652,0.40399999999999636,119,[],105
57.16,0.35999999999999943,120,[],106
57.540000000000006,0.4480000000000004,121,15,[],16,1,0,562,577,122,128,0.6441779
58.040000000000006,0.28000000000000114,122,[],107
58.34,0.5120000000000005,123,16,[],17,1,0,527,538,112,117,0.7828175
58.94799999999999,0.4440000000000026,124,[],108
59.464,0.4159999999999968,125,17,[],18,1,0,496,505,102,107,0.7772818
59.928,0.48799999999999955,126,[],109
60.44,0.3960000000000008,127,18,[],19,1,0,468,474,94,99,0.63355654
60.928,0.46399999999999864,128,[],110
61.459999999999994,0.6599999999999966,129,[],111
62.135999999999996,0.3160000000000025,130,[],112
62.532,0.4680000000000035,131,[],113
63.068,0.715999999999994,132,[],114
63.872,0.35200000000000387,133,[],115
64.356,0.5160000000000053,134,[],116
64.944,0.43599999999999284,135,[],117
65.43599999999999,0.38400000000000034,136,[],118
65.828,0.27599999999999625,137,[],119
66.264,0.5400000000000063,138,[],120
66.844,0.5400000000000063,139,[],121
67.444,0.5039999999999907,140,[],122
68.05199999999999,0.5640000000000072,141,[],123
68.64,0.5519999999999925,142,[],124
69.256,0.4440000000000026,143,[],125
69.732,0.29599999999999227,144,[],126
70.03999999999999,0.4440000000000026,145,[],127
70.53999999999999,0.5720000000000027,146,[],128
71.14,0.5600000000000023,147,[],129
71.732,0.4680000000000035,148,[],130
72.252,0.5799999999999983,149,[],131
72.944,0.47999999999998977,150,[],132
73.444,0.49200000000000443,151,19,[],20,1,0,384,392,134,141,0.65296835
74.048,0.6559999999999917,152,[],133
74.752,0.7600000000000051,153,20,[],21,1,0,408,419,142,149,0.8916958
75.564,0.4759999999999991,154,21,[],22,1,0,418,432,141,150,0.86085236
76.188,0.7599999999999909,155,[],134
77.072,0.5679999999999978,156,22,[],23,1,0,463,480,160,166,0.8597609
77.74799999999999,0.5560000000000116,157,[],135
78.348,0.5879999999999939,158,[],136
79.048,0.45599999999998886,159,[],137
79.572,0.6400000000000006,160,23,[],24,1,0,513,528,143,150,0.7301832
80.24799999999999,0.7560000000000002,161,[],138
81.044,0.519999999999996,162,[],139
81.684,0.4240000000000066,163,24,[],25,1,0,540,554,146,151,0.804814
82.136,0.40800000000000125,164,[],140
82.664,0.5279999999999916,165,25,[],26,1,0,538,551,130,137,0.91944945
83.256,0.7199999999999989,166,26,[],27,1,0,541,550,135,141,0.9387744
84.044,0.5640000000000072,167,[],141
84.63199999999999,0.35999999999999943,168,27,[],28,1,0,531,539,129,135,0.9759829
85.03999999999999,0.5919999999999987,169,28,[],29,1,0,529,537,129,134,0.95300657
85.77199999999999,0.40800000000000125,170,29,[],30,1,0,521,528,123,128,0.78837496
86.252,0.480000000000004,171,[],142
86.836,0.2079999999999984,172,30,[],31,1,0,511,519,118,123,0.8016349
87.148,0.6280000000000001,173,31,[],32,1,0,504,511,115,120,0.8204001
87.832,0.6760000000000019,174,32,[],33,1,0,498,505,113,118,0.7841957
88.532,0.4680000000000035,175,[],143
89.084,0.539999999999992,176,[],144
89.652,0.6319999999999908,177,[],145
90.35199999999999,0.3440000000000083,178,[],146
90.74799999999999,0.48799999999999955,179,[],147
91.344,0.4759999999999991,180,[],148
91.832,0.5760000000000076,181,[],149
92.432,0.3680000000000092,182,[],150
92.86399999999999,0.568000000000012,183,33,[],34,1,0,448,457,100,105,0.94061404
93.536,0.519999999999996,184,34,[],35,1,0,437,446,89,95,0.6404051
94.128,0.8119999999999976,185,35,[],36,1,0,437,446,91,96,0.75840163
95.048,0.6280000000000001,186,36,[],37,1,0,434,445,97,103,0.8524292
95.78399999999999,0.7400000000000091,187,37,[],38,1,0,433,445,96,101,0.7283996
96.564,0.42799999999999727,188,38,[],39,1,0,434,443,92,97,0.91810256
97.032,0.45999999999999375,189,39,[],40,1,0,431,443,91,96,0.934274
97.564,0.43600000000000705,190,[],151
98.044,0.5840000000000032,191,[],152
98.64,0.45999999999999375,192,40,[],41,1,0,442,455,88,94,0.865823
99.16,0.519999999999996,193,41,[],42,1,0,439,449,90,97,0.84315264
99.732,0.4720000000000084,194,42,[],43,1,0,444,455,90,95,0.9323424
100.37599999999999,0.3240000000000123,195,[],153
100.8,0.5160000000000053,196,43,[],44,1,0,448,459,88,95,0.97951806
101.36,0.5320000000000107,197,44,[],45,1,0,452,463,92,98,0.7243419
101.99199999999999,0.3719999999999999,198,45,[],46,1,0,446,457,87,93,0.8178854
102.46,0.5120000000000005,199,46,[],47,1,0,453,462,88,94,0.94431615
103.076,0.4759999999999991,200,47,[],48,1,0,452,464,85,91,0.94917816
103.66,0.4240000000000066,201,48,[],49,1,0,454,466,91,96,0.8501567
104.14399999999999,0.48799999999999955,202,49,[],50,1,0,455,466,90,96,0.98154753
104.74799999999999,0.3359999999999985,203,50,[],51,1,0,455,467,90,96,0.9714779
105.15599999999999,0.2880000000000109,204,51,[],52,1,0,454,467,89,95,0.88201475
105.52799999999999,0.3639999999999901,205,[],154
105.96,0.32399999999999807,206,52,[],53,1,0,459,468,83,92,0.6370094
106.336,0.6559999999999917,207,53,[],54,1,0,454,464,85,92,0.7018145
107.05199999999999,0.3640000000000043,208,54,[],55,1,0,448,457,81,87,0.78247994
107.43599999999999,0.632000000000005,209,55,[],56,1,0,447,457,80,87,0.87818235
108.164,0.35999999999999943,210,[],155
108.544,0.5879999999999939,211,56,[],57,1,0,441,453,76,84,0.9451545
109.13199999999999,0.5640000000000072,212,57,[],58,1,0,435,443,80,86,0.687372
109.78,0.5480000000000018,213,[],156
110.34,0.3639999999999901,214,[],157
110.74,0.5600000000000023,215,58,[],59,1,0,429,436,75,84,0.86230433
111.372,0.4200000000000017,216,59,[],60,1,0,420,428,78,85,0.6197451
111.828,0.6479999999999961,217,[],158
112.548,0.387999999999991,218,60,[],61,1,0,407,415,80,85,0.9222798
113.048,0.3999999999999915,219,61,[],62,1,0,400,408,84,90,0.8381593
113.544,0.2639999999999958,220,[],159
113.836,0.4159999999999968,221,[],160
114.344,0.6480000000000103,222,[],161
115.044,0.45999999999999375,223,62,[],63,1,0,385,395,87,94,0.6549289
115.53999999999999,0.4759999999999991,224,[],162
116.048,0.5679999999999978,225,[],163
116.64,0.46399999999999864,226,[],164
117.13199999999999,0.4519999999999982,227,[],165
117.64,0.3919999999999959,228,63,[],64,1,0,370,383,102,109,0.9490399
118.128,0.7960000000000065,229,[],166
119.064,0.3960000000000008,230,64,[],65,1,0,369,381,110,118,0.96441495
119.544,0.5519999999999925,231,[],167
120.184,0.5439999999999969,232,[],168
120.752,0.8880000000000052,233,[],169
121.75999999999999,0.1840000000000117,234,[],170
122.036,0.37999999999999545,235,[],171
122.448,0.38400000000000034,236,[],172
122.948,0.23199999999999932,237,[],173
123.252,0.3359999999999985,238,[],174
123.676,0.5479999999999876,239,[],175
124.36,0.3640000000000043,240,65,[],66,1,0,434,445,148,154,0.82899314
124.772,0.40799999999998704,241,66,[],67,1,0,441,452,151,157,0.8764893
125.24399999999999,0.632000000000005,242,67,[],68,1,0,453,463,155,160,0.9490939
125.96,0.4440000000000168,243,68,[],69,1,0,475,488,160,166,0.7049709
126.472,0.7920000000000016,244,69,[],70,1,0,477,491,157,164,0.66631895
127.36800000000001,0.35599999999999454,245,[],176
127.764,0.5319999999999823,246,70,[],71,1,0,513,525,167,173,0.8577672
128.36,0.42799999999999727,247,71,[],72,1,0,533,541,168,174,0.85668194
128.84,0.36000000000001364,248,72,[],73,1,0,542,550,163,169,0.93182904
129.24800000000002,0.5120000000000005,249,73,[],74,1,0,552,559,163,169,0.6272328
129.848,0.4480000000000075,250,74,[],75,1,0,564,574,165,171,0.73543245
130.352,0.36000000000001364,251,75,[],76,1,0,569,578,167,174,0.883859
130.752,0.6440000000000055,252,76,[],77,1,0,575,584,166,172,0.7396561
131.44,0.4759999999999991,253,77,[],78,1,0,580,593,157,164,0.867917
131.952,0.24399999999999977,254,78,[],79,1,0,582,596,159,165,0.7404067
132.228,0.29999999999998295,255,79,[],80,1,0,586,599,155,163,0.7869408
132.66400000000002,0.4480000000000075,256,[],177
133.12400000000002,0.3599999999999852,257,[],178
133.524,0.4919999999999902,258,[],179
134.032,0.5720000000000027,259,[],180
134.632,0.3119999999999834,260,80,[],81,1,0,569,582,134,139,0.9145507
135.068,0.23999999999998067,261,81,[],82,1,0,568,580,138,143,0.7209823
135.364,0.4240000000000066,262,82,[],83,1,0,558,571,134,140,0.79801077
135.84400000000002,0.4479999999999791,263,[],181
136.328,0.5240000000000009,264,[],182
136.94400000000002,0.5120000000000005,265,[],183
137.544,0.5159999999999911,266,83,[],84,1,0,520,533,117,122,0.7209855
138.172,0.52800000000002,267,84,[],85,1,0,512,524,112,118,0.6733296
138.752,0.5960000000000036,268,[],184
139.44,0.4440000000000168,269,[],185
139.94400000000002,0.5519999999999925,270,[],186
140.536,0.6200000000000045,271,[],187
141.244,0.6040000000000134,272,[],188
141.952,0.3439999999999941,273,[],189
142.364,0.28400000000002024,274,[],190
142.752,0.5120000000000005,275,[],191
143.32000000000002,0.3599999999999852,276,[],192
143.728,0.35200000000000387,277,[],193
144.132,0.4000000000000057,278,[],194
144.536,0.4720000000000084,279,[],195
145.08,0.4759999999999991,280,[],196
145.644,0.35599999999999454,281,[],197
146.032,0.3879999999999768,282,[],198
146.44,0.5320000000000107,283,[],199
147.05200000000002,0.5319999999999823,284,[],200
147.66,0.33200000000002206,285,[],201
148.036,0.4919999999999902,286,[],202
148.668,0.2960000000000207,287,[],203
149.02800000000002,0.4679999999999893,288,[],204
149.532,0.5799999999999841,289,[],205
150.156,0.5240000000000009,290,[],206
150.76000000000002,0.40399999999999636,291,[],207
151.23600000000002,0.7040000000000077,292,[],208
152.068,0.27600000000001046,293,[],209
152.452,0.367999999999995,294,[],210
152.84,0.592000000000013,295,[],211
153.436,0.6160000000000139,296,[],212
154.144,0.49200000000001864,297,[],213
154.776,0.47999999999998977,298,[],214
155.36800000000002,0.539999999999992,299,[],215
155.94,0.4040000000000248,300,[],216
156.44,0.46000000000000796,301,85,[],86,1,0,485,491,93,97,0.762023
156.936,0.6520000000000152,302,[],217
157.64800000000002,0.4240000000000066,303,86,[],87,1,0,497,503,85,90,0.87299895
158.13600000000002,0.4560000000000173,304,[],218
158.66400000000002,0.3079999999999927,305,[],219
159.036,0.38400000000001455,306,[],220
159.44400000000002,0.28000000000000114,307,[],221
159.74800000000002,0.4479999999999791,308,[],222
160.24,0.6839999999999975,309,[],223
161.056,0.3919999999999959,310,[],224
161.58800000000002,0.4119999999999777,311,[],225
162.02800000000002,0.6119999999999948,312,[],226
162.744,0.3760000000000048,313,[],227
163.244,0.40799999999998704,314,87,[],88,1,0,464,474,79,85,0.85943747
163.73600000000002,0.8559999999999945,315,[],228
164.684,0.44000000000002615,316,[],229
165.18,0.37999999999999545,317,[],230
165.64000000000001,0.42799999999999727,318,[],231
166.156,0.5400000000000205,319,[],232
166.768,0.5520000000000209,320,[],233
167.36,0.603999999999985,321,[],234
168.048,0.76400000000001,322,[],235
168.876,0.6920000000000073,323,[],236
169.656,0.6440000000000055,324,[],237
170.348,0.5319999999999823,325,[],238
170.936,0.4159999999999968,326,[],239
171.508,0.5,327,[],240
172.044,0.3719999999999857,328,[],241
172.45600000000002,0.563999999999993,329,[],242
173.056,0.5320000000000107,330,[],243
173.66,0.6120000000000232,331,[],244
174.352,0.8759999999999764,332,[],245
175.336,0.32399999999998386,333,[],246
175.776,0.41200000000000614,334,[],247
176.244,0.660000000000025,335,[],248
176.916,0.3800000000000239,336,[],249
177.35600000000002,0.33199999999999363,337,[],250
177.76000000000002,0.9119999999999777,338,88,[],89,1,0,155,167,150,157,0.8499097
178.74800000000002,1.0120000000000005,339,[],251
179.85600000000002,0.6119999999999948,340,[],252
180.556,0.17199999999999704,341,[],253
180.73600000000002,0.3919999999999959,342,[],254
181.26000000000002,0.804000000000002,343,[],255
182.144,0.42799999999999727,344,[],256
182.62800000000001,0.5439999999999827,345,[],257
183.252,0.5039999999999907,346,[],258
183.888,0.9480000000000075,347,89,[],90,1,0,500,546,447,469,0.6186949
184.94,0.3919999999999959,348,[],259
185.448,0.27600000000001046,349,[],260
185.74,0.4439999999999884,350,[],261
186.24800000000002,0.22399999999998954,351,[],262
186.54000000000002,0.4679999999999893,352,[],263
187.084,0.4000000000000057,353,[],264
187.56,0.33600000000001273,354,[],265
187.96,0.33199999999999363,355,[],266
188.364,0.3160000000000025,356,[],267
188.73600000000002,0.4759999999999991,357,[],268
189.276,0.2680000000000007,358,[],269
189.64800000000002,0.41200000000000614,359,[],270
190.14800000000002,0.3039999999999736,360,[],271
190.532,0.16800000000000637,361,[],272
190.72400000000002,0.3440000000000225,362,[],273
191.13600000000002,0.5159999999999911,363,[],274
191.728,0.24799999999999045,364,[],275
192.084,0.40800000000001546,365,[],276
192.55200000000002,0.4519999999999982,366,[],277
193.032,0.2920000000000016,367,[],278
193.352,0.27600000000001046,368,[],279
193.64800000000002,0.48399999999998045,369,[],280
194.144,0.3480000000000132,370,[],281
194.55200000000002,0.4720000000000084,371,[],282
195.036,0.5080000000000098,372,[],283
195.63600000000002,0.367999999999995,373,[],284
196.024,0.4240000000000066,374,[],285
196.52,0.43600000000000705,375,[],286
197.05200000000002,0.5919999999999845,376,[],287
197.744,0.3720000000000141,377,[],288
198.12800000000001,0.7079999999999984,378,[],289
198.94400000000002,0.2879999999999825,379,[],290
199.23600000000002,0.7199999999999989,380,[],291
200.056,0.17599999999998772,381,[],292
200.232,0.3800000000000239,382,[],293
200.644,0.7800000000000011,383,[],294
201.452,0.5760000000000218,384,[],295
202.036,0.5200000000000102,385,[],296
202.65200000000002,0.35200000000000387,386,[],297
203.05200000000002,0.4439999999999884,387,[],298
203.52800000000002,0.4759999999999991,388,[],299
204.032,0.563999999999993,389,[],300
204.644,0.2920000000000016,390,[],301
205.068,0.5720000000000027,391,[],302
205.744,0.2920000000000016,392,[],303
206.16,0.828000000000003,393,[],304
207.02800000000002,0.40799999999998704,394,[],305
207.54000000000002,0.5039999999999907,395,[],306
208.144,0.4759999999999991,396,[],307
208.63600000000002,0.5599999999999739,397,[],308
209.252,0.6080000000000041,398,[],309
209.94,0.5240000000000009,399,[],310
210.572,0.7680000000000007,400,[],311
211.43200000000002,0.33199999999999363,401,[],312
211.864,0.5600000000000023,402,[],313
212.44400000000002,0.4240000000000066,403,[],314
212.94400000000002,0.5960000000000036,404,[],315
213.644,0.40800000000001546,405,[],316
214.14800000000002,0.45999999999997954,406,[],317
214.66,0.6000000000000227,407,[],318
215.348,0.6800000000000068,408,[],319
216.192,0.5240000000000009,409,[],320
216.76000000000002,0.3680000000000234,410,[],321
217.228,0.4960000000000093,411,[],322
217.848,0.4519999999999982,412,[],323
218.348,0.5799999999999841,413,[],324
218.94,0.40399999999999636,414,[],325
219.428,0.6160000000000139,415,[],326
220.172,0.4720000000000084,416,[],327
220.74,0.804000000000002,417,[],328
221.632,0.7160000000000082,418,[],329
222.44400000000002,0.2560000000000002,419,[],330
222.788,0.6479999999999961,420,[],331
223.548,0.3400000000000034,421,[],332
223.94,0.4240000000000066,422,[],333
224.44,0.32800000000000296,423,[],334
224.852,0.5440000000000111,424,[],335
225.45600000000002,0.40799999999998704,425,[],336
225.936,0.4519999999999982,426,[],337
226.43200000000002,0.20000000000001705,427,[],338
226.728,0.5279999999999916,428,[],339
227.328,0.43600000000000705,429,90,[],91,1,0,625,639,167,180,0.6926022
227.836,0.43199999999998795,430,[],340
228.34400000000002,0.4199999999999875,431,[],341
228.84,0.6839999999999975,432,[],342
229.536,0.4159999999999968,433,[],343
230.044,0.6800000000000068,434,[],344
230.836,0.6599999999999966,435,[],345
231.532,0.43200000000001637,436,[],346
232.02800000000002,0.25200000000000955,437,[],347
232.34,0.3919999999999959,438,[],348
232.84,0.339999999999975,439,[],349
233.244,0.30000000000001137,440,[],350
233.68,0.3079999999999927,441,91,[],92,1,0,532,540,114,119,0.90177053
234.044,0.4119999999999777,442,92,[],93,1,0,520,531,112,118,0.87098783
234.544,0.3959999999999866,443,[],351
235.04000000000002,0.43199999999998795,444,[],352
235.536,0.48799999999999955,445,[],353
236.132,0.43200000000001637,446,93,[],94,1,0,471,477,92,96,0.9385698
236.67600000000002,0.4240000000000066,447,[],354
237.13600000000002,0.7879999999999825,448,[],355
237.964,0.5040000000000191,449,[],356
238.532,0.4480000000000075,450,94,[],95,1,0,427,432,88,94,0.76777154
239.06400000000002,0.5120000000000005,451,95,[],96,1,0,416,422,86,91,0.7442392
239.64000000000001,0.4439999999999884,452,[],357
240.13600000000002,0.48799999999999955,453,96,[],98,2,0,225,229,81,85,0.608272
240.13600000000002,0.48799999999999955,453,96,[],98,2,1,398,403,81,87,0.7607791
240.65200000000002,0.5079999999999814,454,[],358
241.252,0.3199999999999932,455,[],359
241.63600000000002,0.4440000000000168,456,[],360
242.14000000000001,0.2639999999999816,457,[],361
242.44,0.5,458,[],362
243.04000000000002,0.4199999999999875,459,[],363
243.548,0.6880000000000166,460,[],364
244.364,0.6279999999999859,461,97,[],99,1,0,373,383,100,108,0.66428345
245.08,0.14799999999999613,462,[],365
245.336,0.4919999999999902,463,[],366
245.84400000000002,0.3959999999999866,464,[],367
246.34400000000002,0.29999999999998295,465,[],368
246.8,0.42799999999999727,466,98,[],100,1,0,378,394,105,112,0.8314239
247.23600000000002,0.3959999999999866,467,99,[],101,1,0,383,398,112,119,0.80107814
247.644,0.6640000000000157,468,100,[],102,1,0,391,405,112,120,0.8982139
248.34400000000002,0.39999999999997726,469,[],369
248.83200000000002,0.47999999999998977,470,101,[],103,1,0,405,423,113,121,0.9450988
249.348,0.5279999999999916,471,[],370
249.94,0.5640000000000214,472,[],371
250.54000000000002,0.3879999999999768,473,[],372
250.94,0.3919999999999959,474,102,[],104,1,0,445,455,129,138,0.77164817
251.436,0.3160000000000025,475,[],373
251.84400000000002,0.4479999999999791,476,[],374
252.36800000000002,0.3160000000000309,477,[],375
252.74000000000004,0.3639999999999759,478,103,[],105,1,0,479,491,135,144,0.8845022
253.15600000000003,0.3879999999999768,479,104,[],106,1,0,491,500,136,144,0.9704606
253.68000000000004,0.3439999999999941,480,105,[],107,1,0,504,515,139,146,0.8741488
254.052,0.3439999999999941,481,[],376
254.44000000000003,0.25200000000000955,482,[],377
254.74000000000004,0.4159999999999968,483,[],378
255.23600000000002,0.46399999999999864,484,106,[],108,1,0,528,537,142,150,0.7271258
255.76400000000004,0.5239999999999441,485,107,[],109,1,0,532,543,137,145,0.83694816
256.34,0.3120000000000118,486,108,[],110,1,0,544,552,137,144,0.84236115
256.74399999999997,0.46800000000001774,487,109,[],111,1,0,540,550,133,142,0.6094274
257.23199999999997,0.4919999999999618,488,[],379
257.83599999999996,0.424000000000035,489,[],380
258.344,0.45999999999997954,490,110,[],112,1,0,543,551,124,130,0.77014637
258.85999999999996,0.4600000000000364,491,[],381
259.436,0.3480000000000132,492,[],382
259.852,0.5439999999999827,493,[],383
260.436,0.5040000000000191,494,[],384
261.084,0.27199999999999136,495,111,[],113,1,0,524,536,114,121,0.66140044
261.428,0.25200000000000955,496,[],385
261.74399999999997,0.35599999999999454,497,[],386
262.128,0.2400000000000091,498,[],387
262.452,0.35199999999997544,499,112,[],114,1,0,511,519,110,116,0.7731874
262.832,0.3639999999999759,500,113,[],115,1,0,508,516,105,111,0.74870694
263.24399999999997,0.29200000000003,501,114,[],116,1,0,504,516,104,111,0.873563
263.652,0.3919999999999959,502,[],388
264.14,0.3199999999999932,503,[],389
264.53999999999996,0.4959999999999809,504,[],390
265.13599999999997,0.26400000000001,505,[],391
265.436,0.48799999999999955,506,[],392
265.948,0.396000000000015,507,[],393
266.44,0.7479999999999905,508,[],394
267.236,0.3919999999999959,509,[],395
267.64799999999997,0.3240000000000123,510,[],396
268.03999999999996,0.40399999999999636,511,[],397
268.536,0.37599999999997635,512,[],398
268.93199999999996,0.25600000000002865,513,[],399
269.296,0.19200000000000728,514,115,[],117,1,0,418,430,94,100,0.6562936
269.52799999999996,0.45999999999997954,515,[],400
270.06,0.2999999999999545,516,[],401
270.428,0.48799999999999955,517,116,[],118,1,0,402,416,89,96,0.67743284
270.948,0.4759999999999991,518,[],402
271.428,0.4759999999999991,519,[],403
271.96,0.367999999999995,520,[],404
272.332,0.4919999999999618,521,[],405
272.916,0.3160000000000309,522,117,[],119,1,0,391,400,87,92,0.77979094
273.388,0.35599999999999454,523,[],406
273.88,0.5360000000000014,524,[],407
274.448,0.5840000000000032,525,[],408
275.14,0.5600000000000023,526,[],409
275.74,0.6639999999999873,527,[],410
276.46799999999996,0.396000000000015,528,[],411
276.952,0.45599999999996044,529,[],412
277.46,0.52800000000002,530,[],413
278.044,0.7559999999999718,531,[],414
278.828,0.396000000000015,532,[],415
279.352,0.4000000000000341,533,118,[],120,1,0,398,406,112,117,0.78922486
279.892,0.6759999999999877,534,[],416
280.656,0.5960000000000036,535,[],417
281.34,0.5079999999999814,536,[],418
281.91999999999996,0.5040000000000191,537,119,[],121,1,0,431,442,124,131,0.71518296
282.548,0.40399999999999636,538,120,[],122,1,0,441,453,128,136,0.7716319
283.02,0.424000000000035,539,[],419
283.544,0.45999999999997954,540,121,[],123,1,0,452,464,125,135,0.7267901
284.032,0.49200000000001864,541,[],420
284.548,0.7959999999999923,542,[],421
285.448,0.42799999999999727,543,[],422
285.95599999999996,0.49200000000001864,544,[],423
286.544,0.45999999999997954,545,122,[],124,1,0,483,494,127,135,0.7413483
287.032,0.396000000000015,546,[],424
287.536,0.6080000000000041,547,[],425
288.24,0.3639999999999759,548,123,[],125,1,0,493,514,128,136,0.6976923
288.68,0.4679999999999609,549,[],426
289.24399999999997,0.2880000000000109,550,[],427
289.656,0.34799999999995634,551,[],428
290.048,0.5799999999999841,552,[],429
290.644,0.5559999999999832,553,[],430
291.256,0.5480000000000018,554,[],431
291.856,0.575999999999965,555,[],432
292.43199999999996,0.42799999999999727,556,[],433
292.936,0.6080000000000041,557,[],434
293.64799999999997,0.2880000000000109,558,[],435
294.048,0.5840000000000032,559,[],436
294.73199999999997,0.5,560,[],437
295.332,0.7239999999999895,561,[],438
296.144,0.5720000000000027,562,[],439
296.74399999999997,0.4480000000000359,563,[],440
297.284,0.5159999999999627,564,[],441
297.868,0.26400000000001,565,[],442
298.26,0.2799999999999727,566,[],443
298.652,0.37999999999999545,567,[],444
299.14799999999997,0.40800000000001546,568,124,[],126,1,0,447,457,102,108,0.6201151
299.664,0.4479999999999791,569,[],445
300.156,0.5399999999999636,570,[],446
300.736,0.5240000000000009,571,[],447
301.37199999999996,0.2880000000000109,572,[],448
301.74399999999997,0.4519999999999982,573,[],449
302.228,0.3919999999999959,574,[],450
302.748,0.6800000000000068,575,[],451
303.436,0.3280000000000314,576,[],452
303.88,0.424000000000035,577,125,[],127,1,0,400,407,98,104,0.61665505
304.332,0.40800000000001546,578,[],453
304.83599999999996,0.4040000000000532,579,[],454
305.35999999999996,0.5320000000000391,580,[],455
305.94399999999996,0.5,581,[],456
306.548,0.6560000000000059,582,[],457
307.248,0.5080000000000382,583,[],458
307.856,0.6279999999999859,584,126,[],128,1,0,374,384,97,103,0.6901614
308.58,0.3199999999999932,585,[],459
308.972,0.5199999999999818,586,127,[],129,1,0,374,383,99,106,0.8532757
309.548,0.3839999999999577,587,[],460
310.06,0.6639999999999873,588,[],461
310.748,0.5799999999999841,589,[],462
311.34799999999996,0.38800000000003365,590,[],463
311.84,0.34000000000003183,591,[],464
312.248,0.6920000000000073,592,128,[],130,1,0,388,406,115,121,0.60677904
313.03999999999996,0.6080000000000041,593,[],465
313.73199999999997,0.4519999999999982,594,[],466
314.268,0.7719999999999914,595,[],467
315.152,0.4959999999999809,596,[],468
315.78,0.632000000000005,597,[],469
316.45599999999996,0.46399999999999864,598,[],470
316.93199999999996,0.5,599,[],471
317.55199999999996,0.3480000000000132,600,[],472
317.95599999999996,0.37599999999997635,601,[],473
318.44399999999996,0.3639999999999759,602,[],474
318.85999999999996,0.36400000000003274,603,[],475
319.292,0.5319999999999823,604,[],476
319.84799999999996,0.6960000000000264,605,[],477
320.64,0.603999999999985,606,[],478
321.34799999999996,0.26000000000004775,607,129,[],131,1,0,543,550,139,145,0.7724492
321.652,0.5040000000000191,608,[],479
322.276,0.5639999999999645,609,[],480
322.96,0.6200000000000045,610,[],481
323.628,0.3199999999999932,611,130,[],132,1,0,557,569,150,157,0.71158814
324.044,0.4560000000000173,612,131,[],133,1,0,557,564,140,150,0.922728
324.544,0.3720000000000141,613,[],482
324.95599999999996,0.424000000000035,614,[],483
325.436,0.48799999999999955,615,132,[],134,1,0,564,572,135,142,0.83060545
325.924,0.46399999999999864,616,[],484
326.448,0.4519999999999982,617,133,[],135,1,0,552,562,137,145,0.84862113
326.964,0.4479999999999791,618,[],485
327.46,0.3720000000000141,619,[],486
327.94399999999996,0.3079999999999927,620,[],487
328.332,0.35199999999997544,621,[],488
328.73199999999997,0.424000000000035,622,134,[],136,1,0,523,538,123,129,0.76222694
329.248,0.6360000000000241,623,135,[],137,1,0,517,527,118,125,0.71412516
329.96,0.339999999999975,624,[],489
330.35999999999996,0.46399999999999864,625,136,[],138,1,0,501,512,110,114,0.642383
330.832,0.43200000000001637,626,[],490
331.38,0.5679999999999836,627,[],491
332.05199999999996,0.1479999999999677,628,[],492
332.24399999999997,0.46800000000001774,629,137,[],139,1,0,470,478,99,104,0.8075426
332.73199999999997,0.4000000000000341,630,138,[],140,1,0,466,472,89,94,0.73454064
333.28799999999995,0.44000000000005457,631,139,[],141,1,0,453,462,91,96,0.893908
333.752,0.5399999999999636,632,140,[],142,1,0,447,456,88,92,0.92621547
334.34,0.26400000000001,633,[],493
334.652,0.25200000000000955,634,[],494
334.93199999999996,0.46399999999999864,635,141,[],143,1,0,427,438,88,94,0.94341654
335.476,0.25200000000000955,636,142,[],144,1,0,419,429,89,94,0.9789256
335.76,0.4959999999999809,637,143,[],145,1,0,422,430,88,93,0.89539415
336.37199999999996,0.52800000000002,638,[],495
336.94,0.9039999999999964,639,[],496
337.95599999999996,0.3720000000000141,640,[],497
338.332,0.4399999999999977,641,[],498
338.852,0.6240000000000236,642,[],499
339.55199999999996,0.47999999999996135,643,[],500
340.144,0.4800000000000182,644,[],501
340.71999999999997,0.37999999999999545,645,144,[],146,1,0,382,389,93,98,0.8479347
341.14,0.48799999999999955,646,[],502
341.64,0.6080000000000041,647,[],503
342.352,0.6080000000000041,648,[],504
343.044,0.5040000000000191,649,145,[],147,1,0,383,389,81,87,0.6115942
343.628,0.5240000000000009,650,146,[],148,1,0,391,399,92,97,0.6734852
344.256,0.5679999999999836,651,147,[],149,1,0,389,396,96,103,0.717592
344.844,0.3879999999999768,652,148,[],150,1,0,394,401,99,104,0.7476764
345.34,0.660000000000025,653,[],505
346.036,0.5360000000000014,654,149,[],151,1,0,409,417,93,100,0.72355217
346.628,0.23599999999999,655,[],506
346.948,0.6759999999999877,656,150,[],152,1,0,420,431,105,111,0.9600085
347.74,0.2799999999999727,657,151,[],153,1,0,432,448,105,112,0.92599726
348.06,0.7160000000000082,658,152,[],154,1,0,441,457,106,112,0.64377666
348.88,0.38400000000001455,659,153,[],155,1,0,453,464,103,110,0.97768307
349.39599999999996,0.25200000000000955,660,154,[],156,1,0,464,474,111,118,0.8638502
349.772,0.5760000000000218,661,155,[],157,1,0,459,474,106,113,0.70005924
350.44,0.424000000000035,662,156,[],158,1,0,474,490,115,122,0.93467766
350.94399999999996,0.5840000000000032,663,157,[],159,1,0,480,490,114,120,0.6536637
351.532,0.4399999999999977,664,158,[],160,1,0,487,499,113,120,0.9376714
352.036,0.5999999999999659,665,159,[],161,1,0,490,506,113,119,0.97400254
352.748,0.5879999999999654,666,160,[],162,1,0,491,505,105,111,0.9773107
353.44399999999996,0.4440000000000168,667,161,[],163,1,0,497,508,106,114,0.79940444
353.93199999999996,0.5199999999999818,668,162,[],164,1,0,500,515,106,112,0.9557804
354.56,0.43200000000001637,669,163,[],165,1,0,501,511,104,110,0.9220429
355.056,0.5279999999999632,670,164,[],166,1,0,495,506,106,113,0.9134508
355.632,0.4119999999999777,671,165,[],167,1,0,496,505,103,109,0.9332876
356.128,0.47199999999998,672,166,[],168,1,0,490,502,103,108,0.9448193
356.64799999999997,0.36000000000001364,673,167,[],169,1,0,489,498,100,107,0.8709773
357.03999999999996,0.40800000000001546,674,[],507
357.524,0.396000000000015,675,168,[],170,1,0,478,487,92,99,0.9583564
358.05199999999996,0.367999999999995,676,169,[],171,1,0,477,486,92,98,0.8678769
358.428,0.21200000000004593,677,[],508
358.764,0.367999999999995,678,[],509
359.24,0.4199999999999591,679,170,[],172,1,0,458,467,87,93,0.69891226
359.78,0.40800000000001546,680,171,[],173,1,0,451,456,86,92,0.690651
360.264,0.46399999999999864,681,[],510
360.752,0.47199999999998,682,[],511
361.26,0.38400000000001455,683,[],512
361.776,0.5279999999999632,684,172,[],174,1,0,416,424,75,81,0.87328285
362.34,0.4440000000000168,685,173,[],175,1,0,414,420,80,87,0.81992835
362.864,0.3760000000000332,686,174,[],176,1,0,407,414,76,87,0.8575886
363.332,0.49600000000003774,687,[],513
363.964,0.44399999999996,688,[],514
364.45599999999996,0.6719999999999686,689,[],515
365.26,0.6279999999999859,690,[],516
365.928,0.7160000000000082,691,[],517
366.756,0.28000000000002956,692,[],518
367.164,0.6680000000000064,693,175,[],177,1,0,347,354,98,106,0.78223175
367.928,0.4560000000000173,694,176,[],178,1,0,336,343,98,105,0.837268
368.436,0.5840000000000032,695,[],519
369.03999999999996,0.4919999999999618,696,177,[],179,1,0,337,346,95,103,0.7424557
369.644,0.6959999999999695,697,[],520
370.43199999999996,0.45999999999997954,698,178,[],180,1,0,342,351,110,117,0.91900694
370.972,0.6280000000000427,699,[],521
371.62399999999997,0.49600000000003774,700,[],522
372.236,0.5120000000000005,701,179,[],181,1,0,360,373,126,132,0.62826437
372.828,0.76400000000001,702,[],523
373.62,0.6360000000000241,703,180,[],182,1,0,106,111,152,158,0.736181
374.364,0.38400000000001455,704,[],524
374.856,0.5760000000000218,705,181,[],183,1,0,427,442,152,158,0.9207761
375.556,0.6560000000000059,706,[],525
376.264,0.37199999999995725,707,182,[],184,1,0,493,510,158,165,0.80579615
376.74,0.5719999999999459,708,183,[],185,1,0,526,537,165,171,0.619329
377.38399999999996,0.5960000000000036,709,[],526
378.03999999999996,0.3439999999999941,710,[],527
378.43199999999996,0.3280000000000314,711,184,[],186,1,0,592,602,179,185,0.6362946
378.83599999999996,0.4959999999999809,712,[],528
379.44399999999996,0.4440000000000168,713,[],529
379.94399999999996,0.30800000000004957,714,[],530
380.364,0.3079999999999927,715,185,[],187,1,0,30,37,124,130,0.7084365
380.736,0.4200000000000159,716,[],531
381.264,0.3159999999999741,717,[],532
381.64,0.3079999999999927,718,[],533
382.05199999999996,0.52800000000002,719,[],534
382.632,0.311999999999955,720,[],535
383.036,0.4079999999999586,721,[],536
383.532,0.42399999999997817,722,[],537
384.036,0.3359999999999559,723,[],538
384.44399999999996,0.3720000000000141,724,[],539
384.832,0.3079999999999927,725,[],540
385.228,0.5,726,[],541
385.84,0.26400000000001,727,[],542
386.14,0.5960000000000036,728,[],543
386.87199999999996,0.19200000000000728,729,[],544
387.128,0.4479999999999791,730,[],545
387.64,0.8439999999999941,731,[],546
388.53999999999996,0.5160000000000196,732,[],547
389.13599999999997,0.6000000000000227,733,[],548
389.832,0.39999999999997726,734,[],549
390.352,0.4600000000000364,735,[],550
390.84,0.5600000000000023,736,[],551
391.46,0.5079999999999814,737,[],552
392.036,0.7479999999999905,738,[],553
392.844,0.19999999999998863,739,[],554
393.168,0.7599999999999909,740,[],555
393.948,0.5480000000000018,741,[],556
394.56,0.5360000000000014,742,[],557
395.144,0.4759999999999991,743,[],558
395.664,0.3919999999999959,744,[],559
396.156,0.48799999999999955,745,[],560
396.74,0.48399999999998045,746,[],561
397.332,0.7200000000000273,747,[],562
398.128,0.3480000000000132,748,[],563
398.52799999999996,0.3520000000000323,749,[],564
398.95599999999996,0.38400000000001455,750,[],565
399.44,0.7239999999999895,751,[],566
400.268,0.5679999999999836,752,[],567
400.95599999999996,0.3120000000000118,753,[],568
401.352,0.4000000000000341,754,[],569
401.912,0.4119999999999777,755,[],570
402.34,0.2880000000000109,756,[],571
402.668,0.6159999999999854,757,[],572
403.332,0.4919999999999618,758,[],573
403.844,0.5439999999999827,759,[],574
404.45599999999996,0.49200000000001864,760,[],575
405.048,0.4079999999999586,761,[],576
405.53999999999996,0.4440000000000168,762,186,[],188,1,0,262,270,170,176,0.7850866
406.06,0.5519999999999641,763,[],577
406.652,0.6080000000000041,764,[],578
407.356,0.9559999999999604,765,[],579
408.352,0.42799999999999727,766,[],580
408.83599999999996,0.5160000000000196,767,[],581
409.428,0.5720000000000027,768,[],582
410.05199999999996,0.8199999999999932,769,[],583
410.93199999999996,0.6240000000000236,770,[],584
411.632,0.47199999999998,771,[],585
412.12399999999997,0.6959999999999695,772,[],586
412.84,0.35599999999999454,773,[],587
413.24,0.6279999999999859,774,[],588
413.964,0.5439999999999827,775,187,[],189,1,0,605,630,150,159,0.9716341
414.556,0.36000000000001364,776,[],589
414.95599999999996,0.396000000000015,777,[],590
415.44,0.5120000000000005,778,188,[],190,1,0,602,623,139,148,0.7629838
416.068,0.367999999999995,779,[],591
416.44,0.42799999999999727,780,[],592
416.976,0.4759999999999991,781,[],593
417.532,0.4359999999999786,782,[],594
418.044,0.40800000000001546,783,[],595
418.548,0.6719999999999686,784,189,[],191,1,0,548,554,111,116,0.81456745
419.24399999999997,0.36000000000001364,785,[],596
419.664,0.6599999999999682,786,190,[],192,1,0,520,534,110,115,0.60929847
420.34,0.8199999999999932,787,191,[],193,1,0,503,513,102,108,0.65376115
421.272,0.5599999999999454,788,[],597
421.85999999999996,0.4200000000000159,789,[],598
422.34,0.7319999999999709,790,192,[],194,1,0,462,467,90,95,0.71703744
423.152,0.2999999999999545,791,193,[],195,1,0,442,449,86,90,0.6619933
423.536,0.6200000000000045,792,[],599
424.28,0.43200000000001637,793,[],600
424.74399999999997,0.2599999999999909,794,[],601
425.056,0.6120000000000232,795,194,[],196,1,0,399,405,78,82,0.86833626
425.748,0.29599999999999227,796,195,[],197,1,0,389,394,78,83,0.7194621
426.13599999999997,0.5,797,[],602
426.74399999999997,0.42799999999999727,798,[],603
427.24399999999997,0.4000000000000341,799,[],604
427.748,0.6239999999999668,800,[],605
428.47999999999996,0.5680000000000405,801,[],606
429.14,0.5360000000000014,802,[],607
429.736,0.6319999999999482,803,[],608
430.476,0.5480000000000018,804,[],609
431.03999999999996,0.4800000000000182,805,[],610
431.52799999999996,0.5439999999999827,806,[],611
432.128,0.7319999999999709,807,[],612
432.94399999999996,0.6119999999999663,808,[],613
433.64799999999997,0.5,809,[],614
434.26,0.7040000000000077,810,[],615
435.032,0.5400000000000205,811,[],616
435.64799999999997,0.4000000000000341,812,[],617
436.14799999999997,0.7040000000000077,813,[],618
436.95599999999996,0.46800000000001774,814,[],619
437.44399999999996,0.6400000000000432,815,[],620
438.17199999999997,0.8240000000000123,816,[],621
439.044,0.6639999999999873,817,[],622
439.736,0.6879999999999882,818,[],623
440.428,0.5320000000000391,819,[],624
441.048,0.5799999999999841,820,[],625
441.756,0.5200000000000387,821,[],626
442.332,0.5480000000000018,822,[],627
442.93199999999996,0.36000000000001364,823,[],628
443.34,0.29200000000003,824,[],629
443.756,0.5919999999999845,825,[],630
444.476,0.367999999999995,826,[],631
444.936,0.424000000000035,827,[],632
445.44,0.32799999999997453,828,[],633
445.84,0.4519999999999982,829,[],634
446.352,0.367999999999995,830,[],635
446.74399999999997,0.33199999999999363,831,[],636
447.128,0.46800000000001774,832,[],637
447.64,0.367999999999995,833,[],638
448.036,0.4200000000000159,834,[],639
448.52799999999996,0.43600000000003547,835,[],640
449.05199999999996,0.5120000000000005,836,[],641
449.64799999999997,0.52800000000002,837,[],642
450.26,0.4560000000000173,838,[],643
450.74,0.5,839,[],644
451.33599999999996,0.5440000000000396,840,[],645
451.928,0.46399999999999864,841,[],646
452.44399999999996,0.2720000000000482,842,[],647
452.728,0.43200000000001637,843,[],648
453.26,0.5999999999999659,844,[],649
453.93199999999996,0.7360000000000468,845,[],650
454.736,0.5079999999999814,846,[],651
455.35999999999996,0.5399999999999636,847,[],652
455.964,0.29599999999999227,848,[],653
456.35999999999996,0.4800000000000182,849,[],654
456.952,0.70799999999997,850,[],655
457.74399999999997,0.7160000000000082,851,[],656
458.53999999999996,0.7360000000000468,852,[],657
459.32399999999996,0.4200000000000159,853,[],658
459.83599999999996,0.40800000000001546,854,[],659
460.34,0.43200000000001637,855,[],660
460.892,0.5160000000000196,856,[],661
461.436,0.3919999999999959,857,[],662
461.83599999999996,0.44000000000005457,858,[],663
462.34,0.7120000000000459,859,[],664
463.18,0.6119999999999663,860,[],665
463.83599999999996,0.40800000000001546,861,[],666
464.344,0.45999999999997954,862,[],667
464.864,0.4759999999999991,863,[],668
465.44399999999996,0.37999999999999545,864,[],669
465.84,0.5999999999999659,865,[],670
466.544,0.4560000000000173,866,[],671
467.036,0.47999999999996135,867,[],672
467.52799999999996,0.3199999999999932,868,[],673
467.94399999999996,0.6159999999999854,869,[],674
468.63599999999997,0.4159999999999968,870,[],675
469.14,0.5240000000000009,871,[],676
469.74,0.3839999999999577,872,[],677
470.14799999999997,0.33199999999999363,873,[],678
470.55199999999996,0.3520000000000323,874,[],679
470.96799999999996,0.46399999999999864,875,[],680
471.55199999999996,0.5520000000000209,876,[],681
472.12399999999997,0.4440000000000168,877,[],682
472.652,0.48399999999998045,878,[],683
473.23199999999997,0.8759999999999764,879,[],684
474.132,0.2559999999999718,880,[],685
474.464,0.5919999999999845,881,[],686
475.14799999999997,0.4759999999999991,882,[],687
475.64,0.5040000000000191,883,[],688
476.248,0.43200000000001637,884,[],689
476.748,0.33600000000001273,885,[],690
477.128,0.3720000000000141,886,[],691
477.532,0.32799999999997453,887,[],692
477.94399999999996,0.3160000000000309,888,[],693
478.352,0.38800000000003365,889,[],694
478.852,0.3120000000000118,890,[],695
479.248,0.45999999999997954,891,196,[],198,1,0,409,433,148,156,0.6893518
479.748,0.5879999999999654,892,[],696
480.33599999999996,0.424000000000035,893,197,[],199,1,0,431,448,148,157,0.9066302
480.844,0.6560000000000059,894,198,[],200,1,0,448,465,154,164,0.7794477
481.53999999999996,0.40399999999999636,895,[],697
482.03999999999996,0.6759999999999877,896,[],698
482.736,0.2400000000000091,897,199,[],201,1,0,479,493,146,155,0.7500829
483.06,0.4319999999999595,898,200,[],202,1,0,495,505,150,157,0.6782233
483.544,0.4479999999999791,899,[],699
484.032,0.43200000000001637,900,[],700
484.52799999999996,0.37999999999999545,901,201,[],203,1,0,500,512,147,155,0.9065367
484.94,0.49600000000003774,902,202,[],204,1,0,494,501,139,146,0.7897386
485.548,0.34799999999995634,903,203,[],206,2,0,498,509,140,147,0.6016249
485.548,0.34799999999995634,903,203,[],206,2,1,500,511,136,145,0.81354195
485.96,0.35199999999997544,904,[],701
486.35999999999996,0.5040000000000191,905,204,[],207,1,0,507,516,145,153,0.60897607
486.94399999999996,0.43600000000003547,906,205,[],208,1,0,501,512,143,154,0.68367594
487.43199999999996,0.35199999999997544,907,[],702
487.82399999999996,0.5639999999999645,908,[],703
488.452,0.4079999999999586,909,206,[],209,1,0,499,508,136,143,0.62262326
488.95599999999996,0.4399999999999977,910,[],704
489.44399999999996,0.5720000000000027,911,[],705
490.044,0.4479999999999791,912,207,[],210,1,0,484,493,126,132,0.876787
490.52,0.6999999999999886,913,208,[],211,1,0,478,487,123,131,0.88773113
491.344,0.5480000000000018,914,209,[],212,1,0,469,479,124,131,0.8406783
491.972,0.46399999999999864,915,210,[],213,1,0,473,484,126,133,0.66728127
492.524,0.5799999999999841,916,211,[],214,1,0,464,476,124,131,0.8614125
493.14799999999997,0.6399999999999864,917,[],706
493.888,0.4119999999999777,918,[],707
494.34,0.4399999999999977,919,[],708
494.828,0.5880000000000223,920,[],709
495.452,0.35199999999997544,921,212,[],215,1,0,453,466,121,127,0.70172405
495.82399999999996,0.25600000000002865,922,[],710
496.168,0.5480000000000018,923,[],711
496.76,0.4399999999999977,924,[],712
497.24,0.39599999999995816,925,[],713
497.752,0.5,926,[],714
498.344,0.47999999999996135,927,[],715
498.856,0.40800000000001546,928,[],716
499.328,0.6279999999999859,929,[],717
500.036,0.4079999999999586,930,213,[],216,1,0,449,463,114,123,0.77197933
500.532,0.7080000000000268,931,214,[],217,1,0,453,465,115,124,0.7875221
501.33599999999996,0.36000000000001364,932,215,[],218,1,0,454,465,115,122,0.6792856
501.764,0.45999999999997954,933,[],718
502.272,0.35599999999999454,934,216,[],219,1,0,463,475,125,133,0.80462897
502.644,0.6479999999999677,935,[],719
503.34799999999996,0.4840000000000373,936,[],720
503.99199999999996,0.6520000000000437,937,217,[],220,1,0,477,486,122,129,0.7983588
504.728,0.43200000000001637,938,[],721
505.252,0.5120000000000005,939,218,[],221,1,0,482,491,118,125,0.73298514
505.84,0.5920000000000414,940,219,[],222,1,0,478,486,112,119,0.720654
506.58,0.36000000000001364,941,220,[],223,1,0,494,502,122,129,0.89857656
507.036,0.4560000000000173,942,[],722
507.544,0.5360000000000014,943,[],723
508.132,0.35599999999999454,944,221,[],224,1,0,496,505,113,118,0.8737804
508.56,0.39200000000005275,945,[],724
509.088,0.35600000000010823,946,222,[],225,1,0,491,503,115,122,0.6877865
509.57199999999995,0.6720000000000255,947,[],725
510.348,0.43200000000001637,948,[],726
510.83199999999994,0.6919999999998936,949,[],727
511.64399999999995,0.44400000000007367,950,[],728
512.1320000000001,0.4960000000000946,951,[],729
512.764,0.44400000000007367,952,[],730
513.268,0.5360000000000582,953,223,[],226,1,0,472,480,103,109,0.6743071
513.86,0.34000000000003183,954,[],731
514.244,0.4519999999999982,955,[],732
514.7560000000001,0.4679999999999609,956,[],733
515.34,0.5559999999999263,957,[],734
515.9440000000001,0.4199999999999591,958,[],735
516.4440000000001,0.5240000000000009,959,[],736
517.044,0.5080000000000382,960,[],737
517.6560000000001,0.2720000000000482,961,[],738
518.052,0.2599999999999909,962,[],739
518.356,0.6800000000000637,963,[],740
519.1320000000001,0.5800000000000409,964,[],741
519.748,0.2959999999999354,965,[],742
520.1600000000001,0.37599999999997635,966,[],743
520.6560000000001,0.40800000000001546,967,[],744
521.148,0.38400000000001455,968,[],745
521.5360000000001,0.6000000000000227,969,[],746
522.2520000000001,0.5119999999999436,970,[],747
522.84,0.2519999999999527,971,[],748
523.1360000000001,0.39999999999997726,972,224,[],227,1,0,402,413,104,110,0.6352792
523.6360000000001,0.39599999999995816,973,[],749
524.148,0.62399999999991,974,225,[],229,2,0,402,412,98,104,0.6325141
524.148,0.62399999999991,974,225,[],229,2,1,505,511,240,245,0.7984137
524.832,0.35199999999997544,975,[],750
525.2760000000001,0.4599999999999227,976,[],751
525.84,0.35599999999999454,977,[],752
526.2520000000001,0.5079999999999245,978,226,[],230,1,0,418,426,116,123,0.61550456
526.86,0.37200000000007094,979,[],753
527.344,0.4519999999999982,980,[],754
527.844,0.34399999999993724,981,[],755
528.26,0.34000000000003183,982,[],756
528.6560000000001,0.5279999999999063,983,[],757
529.236,0.2480000000000473,984,227,[],231,1,0,288,294,74,77,0.63841873
529.5360000000001,0.5079999999999245,985,[],758
530.172,0.5080000000000382,986,[],759
530.76,0.5760000000000218,987,[],760
531.46,0.7000000000000455,988,[],761
532.24,0.5360000000000582,989,[],762
532.844,0.4479999999999791,990,228,[],232,1,0,448,458,100,109,0.77727014
533.344,0.36000000000001364,991,[],763
533.764,0.33199999999999363,992,[],764
534.1320000000001,0.5240000000000009,993,[],765
534.76,0.37600000000009004,994,229,[],233,1,0,465,473,113,121,0.80549175
535.236,0.4840000000000373,995,[],766
535.736,0.47199999999998,996,[],767
536.2560000000001,0.37199999999995725,997,[],768
536.652,0.38800000000003365,998,[],769
537.1800000000001,0.2880000000000109,999,[],770
537.5840000000001,0.42800000000011096,1000,230,[],234,1,0,479,495,112,121,0.63792145
538.052,0.3160000000000309,1001,231,[],235,1,0,488,500,103,110,0.60364443
538.46,0.2999999999999545,1002,232,[],236,1,0,493,504,114,120,0.8942824
538.8280000000001,0.4519999999999982,1003,[],771
539.368,0.43200000000001637,1004,233,[],237,1,0,489,502,113,120,0.6728032
539.86,0.2520000000000664,1005,[],772
540.14,0.6719999999999118,1006,234,[],238,1,0,485,491,109,114,0.68248796
540.936,0.39599999999995816,1007,235,[],239,1,0,559,564,74,78,0.7383137
541.4480000000001,0.5720000000000027,1008,[],773
542.024,0.5240000000000009,1009,[],774
542.628,0.36000000000001364,1010,[],775
543.024,0.39599999999995816,1011,[],776
543.456,0.26400000000001,1012,[],777
543.736,0.32799999999997453,1013,[],778
544.1560000000001,0.37999999999999545,1014,236,[],240,1,0,471,480,97,103,0.66631866
544.5360000000001,0.5399999999999636,1015,[],779
545.144,0.32000000000005,1016,[],780
545.568,0.4880000000000564,1017,[],781
546.1560000000001,0.37199999999995725,1018,[],782
546.528,0.4959999999999809,1019,[],783
547.0360000000001,0.5879999999999654,1020,[],784
547.648,0.4919999999999618,1021,[],785
548.244,0.4679999999999609,1022,[],786
548.76,0.8079999999999927,1023,[],787
549.644,0.6479999999999109,1024,[],788
550.356,0.6000000000000227,1025,[],789
551.0400000000001,0.4920000000000755,1026,[],790
551.668,0.42799999999999727,1027,[],791
552.1320000000001,0.5800000000000409,1028,[],792
552.7520000000001,0.42399999999997817,1029,[],793
553.244,0.38400000000001455,1030,[],794
553.64,0.39200000000005275,1031,[],795
554.1560000000001,0.2719999999999345,1032,[],796
554.4440000000001,0.23599999999999,1033,237,[],241,1,0,409,418,87,93,0.65886927
554.74,0.7320000000000846,1034,[],797
555.5640000000001,0.5839999999999463,1035,[],798
556.26,0.61200000000008,1036,[],799
556.956,0.4959999999999809,1037,[],800
557.556,0.5520000000000209,1038,[],801
558.14,0.4479999999999791,1039,[],802
558.6320000000001,0.5960000000000036,1040,[],803
559.344,0.5,1041,[],804
559.952,0.5160000000000764,1042,[],805
560.5600000000001,0.52800000000002,1043,[],806
561.2,0.42799999999999727,1044,[],807
561.644,0.4880000000000564,1045,[],808
562.224,0.4880000000000564,1046,[],809
562.788,0.5640000000000782,1047,238,[],242,1,0,384,396,106,111,0.76369894
563.4680000000001,0.65199999999993,1048,[],810
564.1560000000001,0.39199999999993906,1049,[],811
564.624,0.5200000000000955,1050,[],812
565.248,0.4119999999999209,1051,[],813
565.808,0.5399999999999636,1052,[],814
566.44,0.2680000000000291,1053,[],815
566.74,0.4600000000000364,1054,[],816
567.2520000000001,0.4479999999999791,1055,[],817
567.748,0.39199999999993906,1056,[],818
568.264,0.3000000000000682,1057,[],819
568.64,0.4680000000000746,1058,[],820
569.14,0.42799999999999727,1059,[],821
569.652,0.5720000000000027,1060,[],822
570.284,0.6080000000000609,1061,239,[],243,1,0,129,135,42,46,0.6925467
570.932,0.5359999999999445,1062,[],823
571.5600000000001,0.4639999999999418,1063,[],824
572.052,0.41200000000003456,1064,[],825
572.5360000000001,0.38400000000001455,1065,240,[],244,1,0,552,562,40,49,0.7853236
573.0360000000001,0.5359999999999445,1066,[],826
573.64,0.42799999999999727,1067,241,[],245,1,0,585,592,67,74,0.77225065
574.128,0.5240000000000009,1068,242,[],246,1,0,589,599,92,99,0.60648817
574.744,0.4919999999999618,1069,243,[],247,1,0,603,615,128,136,0.644522
575.38,0.5720000000000027,1070,[],827
576.0400000000001,0.39600000000007185,1071,[],828
576.5600000000001,0.6119999999999663,1072,[],829
577.24,0.6480000000000246,1073,[],830
577.936,0.5159999999999627,1074,[],831
578.5640000000001,0.38400000000001455,1075,[],832
579.048,0.41200000000003456,1076,[],833
579.5640000000001,0.40800000000001546,1077,[],834
580.056,0.4199999999999591,1078,[],835
580.568,0.4840000000000373,1079,[],836
581.148,0.33199999999999363,1080,[],837
581.576,0.37599999999997635,1081,[],838
582.0400000000001,0.5679999999999836,1082,[],839
582.628,0.37599999999997635,1083,[],840
583.044,0.6280000000000427,1084,[],841
583.7320000000001,0.4959999999999809,1085,[],842
584.336,0.42400000000009186,1086,[],843
584.836,0.7160000000000082,1087,[],844
585.664,0.4840000000000373,1088,[],845
586.2320000000001,0.47199999999998,1089,[],846
586.7320000000001,0.2440000000000282,1090,[],847
587.0600000000001,0.37999999999999545,1091,[],848
587.552,0.4800000000000182,1092,[],849
588.0400000000001,0.35599999999999454,1093,[],850
588.44,0.39999999999997726,1094,244,[],248,1,0,465,472,57,61,0.6974788
588.9440000000001,0.23599999999999,1095,[],851
589.248,0.5399999999999636,1096,[],852
589.8520000000001,0.5039999999999054,1097,[],853
590.44,0.5159999999999627,1098,[],854
591.052,0.40800000000001546,1099,[],855
591.548,0.4880000000000564,1100,[],856
592.1320000000001,0.4560000000000173,1101,[],857
592.644,0.5040000000000191,1102,[],858
593.24,0.39599999999995816,1103,[],859
593.744,0.5320000000000391,1104,[],860
594.332,0.4759999999999991,1105,[],861
594.844,0.5040000000000191,1106,[],862
595.432,0.7119999999999891,1107,245,[],249,1,0,223,228,54,59,0.87836105
596.2560000000001,0.39999999999997726,1108,[],863
596.7320000000001,0.58400000000006,1109,[],864
597.3280000000001,0.6159999999999854,1110,[],865
598.032,0.4959999999999809,1111,[],866
598.532,0.5,1112,[],867
599.1360000000001,0.8160000000000309,1113,246,[],250,1,0,181,191,87,95,0.88632214
600.048,0.3000000000000682,1114,[],868
600.452,0.40800000000001546,1115,247,[],251,1,0,197,208,120,127,0.6681178
601.028,0.32399999999995543,1116,248,[],252,1,0,232,242,150,157,0.79138243
601.488,0.44400000000007367,1117,249,[],253,1,0,241,255,146,153,0.9905457
602.052,0.5480000000000018,1118,250,[],254,1,0,272,288,160,167,0.9861562
602.6320000000001,0.42799999999999727,1119,251,[],255,1,0,308,327,174,181,0.91630775
603.14,0.5760000000000218,1120,252,[],256,1,0,338,358,185,192,0.86431897
603.7320000000001,0.4640000000000555,1121,253,[],257,1,0,376,397,181,190,0.988662
604.244,0.37599999999997635,1122,254,[],258,1,0,416,438,184,195,0.98710954
604.64,0.2759999999999536,1123,255,[],259,1,0,440,463,190,199,0.9824725
605.048,0.39600000000007185,1124,256,[],260,1,0,482,505,181,190,0.9116125
605.568,0.4600000000000364,1125,[],869
606.0600000000001,0.4639999999999418,1126,[],870
606.548,0.3079999999999927,1127,257,[],261,1,0,596,616,184,194,0.9344249
606.9440000000001,0.4639999999999418,1128,258,[],262,1,0,621,638,182,193,0.75619924
607.452,0.2760000000000673,1129,[],871
607.76,0.39600000000007185,1130,[],872
608.2520000000001,0.40399999999999636,1131,[],873
608.788,0.2960000000000491,1132,[],874
609.1800000000001,0.4119999999999209,1133,[],875
609.6600000000001,0.38800000000003365,1134,[],876
610.14,0.39600000000007185,1135,[],877
610.692,0.3000000000000682,1136,[],878
611.0600000000001,0.37599999999997635,1137,[],879
611.556,0.2720000000000482,1138,[],880
611.844,0.2839999999999918,1139,[],881
612.244,0.5040000000000191,1140,[],882
612.844,0.39599999999995816,1141,[],883
613.3520000000001,0.5799999999999272,1142,[],884
614.0400000000001,0.36000000000001364,1143,[],885
614.4720000000001,0.44399999999996,1144,[],886
614.936,0.35199999999997544,1145,[],887
615.384,0.6200000000000045,1146,[],888
616.0840000000001,0.3039999999999736,1147,[],889
616.452,0.3079999999999927,1148,[],890
616.844,0.2839999999999918,1149,[],891
617.244,0.39599999999995816,1150,[],892
617.748,0.38400000000001455,1151,259,[],263,1,0,459,465,101,106,0.73627555
618.24,0.5919999999999845,1152,260,[],264,1,0,446,452,104,110,0.8757425
618.836,0.42399999999997817,1153,[],893
619.36,0.6639999999999873,1154,[],894
620.076,0.36000000000001364,1155,261,[],265,1,0,386,395,71,78,0.72654563
620.5400000000001,0.39599999999995816,1156,[],895
621.0840000000001,0.37999999999999545,1157,[],896
621.572,0.44800000000009277,1158,[],897
622.0840000000001,0.4599999999999227,1159,[],898
622.696,0.7200000000000273,1160,[],899
623.46,0.47199999999998,1161,[],900
623.936,0.4919999999999618,1162,262,[],266,1,0,293,302,92,99,0.8021929
624.44,0.4959999999999809,1163,[],901
625.068,0.41600000000005366,1164,263,[],267,1,0,291,303,104,111,0.8654822
625.5360000000001,0.4600000000000364,1165,264,[],268,1,0,287,300,112,119,0.8306891
626.144,0.4199999999999591,1166,265,[],269,1,0,303,315,121,128,0.70742905
626.676,0.5920000000000982,1167,266,[],270,1,0,304,320,128,134,0.97139555
627.344,0.5800000000000409,1168,267,[],271,1,0,322,331,130,136,0.77387404
627.98,0.4479999999999791,1169,268,[],272,1,0,345,357,136,141,0.76831806
628.436,0.37599999999997635,1170,269,[],273,1,0,365,379,150,155,0.6701277
628.8760000000001,0.34799999999995634,1171,[],902
629.3760000000001,0.40000000000009095,1172,270,[],274,1,0,409,419,165,171,0.7722141
629.8480000000001,0.2839999999999918,1173,271,[],275,1,0,421,430,168,174,0.6809498
630.264,0.6480000000000246,1174,272,[],276,1,0,445,455,167,173,0.6379811
630.956,0.6280000000000427,1175,273,[],277,1,0,484,493,179,185,0.77190334
631.668,0.58400000000006,1176,[],903
632.3480000000001,0.7520000000000664,1177,[],904
633.196,0.32799999999997453,1178,[],905
633.576,0.34800000000007003,1179,274,[],278,1,0,607,621,188,197,0.8477959
633.98,0.33599999999989905,1180,275,[],279,1,0,615,632,191,201,0.72151405
634.452,0.37199999999995725,1181,[],906
634.9440000000001,0.2679999999999154,1182,[],907
635.2560000000001,0.2799999999999727,1183,[],908
635.7080000000001,0.4359999999999218,1184,[],909
636.2520000000001,0.4839999999999236,1185,[],910
636.744,1.0159999999999627,1186,[],911
637.836,0.7440000000000282,1187,[],912
638.644,0.5240000000000009,1188,[],913
639.26,0.4840000000000373,1189,[],914
639.844,0.8360000000000127,1190,[],915
640.76,0.5080000000000382,1191,[],916
641.34,0.39599999999995816,1192,[],917
641.8720000000001,0.5600000000000591,1193,[],918
642.548,0.4519999999999982,1194,[],919
643.0400000000001,0.44400000000007367,1195,[],920
643.556,0.35599999999999454,1196,[],921
643.9440000000001,0.2599999999999909,1197,[],922
644.2520000000001,0.6879999999999882,1198,[],923
645.0880000000001,0.4879999999999427,1199,[],924
645.6840000000001,0.38799999999991996,1200,[],925
646.144,0.38400000000001455,1201,[],926
646.544,0.4640000000000555,1202,[],927
647.052,0.5639999999999645,1203,[],928
647.6560000000001,0.5199999999999818,1204,[],929
648.2320000000001,0.4639999999999418,1205,[],930
648.74,0.42399999999997817,1206,[],931
649.26,0.43600000000003547,1207,[],932
649.74,0.38400000000001455,1208,[],933
650.144,0.5240000000000009,1209,[],934
650.7560000000001,0.37999999999999545,1210,[],935
651.2320000000001,0.36400000000003274,1211,[],936
651.628,0.6280000000000427,1212,[],937
652.3520000000001,0.2999999999999545,1213,[],938
652.7560000000001,0.4199999999999591,1214,[],939
653.272,0.67999999999995,1215,[],940
654.0360000000001,0.6759999999999309,1216,[],941
654.744,0.4199999999999591,1217,[],942
655.264,0.2919999999999163,1218,[],943
655.652,0.5960000000000036,1219,[],944
656.344,0.5520000000000209,1220,[],945
656.94,0.2839999999999918,1221,[],946
657.332,0.40800000000001546,1222,[],947
657.84,0.35599999999999454,1223,[],948
658.264,0.4800000000000182,1224,[],949
658.836,0.5919999999999845,1225,[],950
659.436,0.38799999999991996,1226,[],951
659.936,0.6960000000000264,1227,276,[],280,1,0,431,439,105,110,0.6168327
660.736,0.39600000000007185,1228,277,[],281,1,0,434,443,105,110,0.69997954
661.2280000000001,0.38400000000001455,1229,278,[],282,1,0,457,467,115,120,0.64955246
661.676,0.34800000000007003,1230,[],952
662.148,0.4919999999999618,1231,[],953
662.64,0.44800000000009277,1232,[],954
663.144,0.4519999999999982,1233,[],955
663.624,0.6119999999999663,1234,[],956
664.3720000000001,0.4119999999999209,1235,[],957
664.8280000000001,0.5439999999999827,1236,[],958
665.44,0.5960000000000036,1237,[],959
666.144,0.36000000000001364,1238,[],960
666.544,0.35200000000008913,1239,[],961
666.9440000000001,0.33600000000001273,1240,[],962
667.344,0.38800000000003365,1241,[],963
667.8480000000001,0.52800000000002,1242,[],964
668.436,0.5399999999999636,1243,[],965
669.0640000000001,0.6920000000000073,1244,[],966
669.84,0.5240000000000009,1245,[],967
670.4240000000001,0.5240000000000009,1246,[],968
671.0600000000001,0.4879999999999427,1247,279,[],283,1,0,437,444,88,94,0.699351
671.64,0.6240000000000236,1248,[],969
672.344,0.39999999999997726,1249,[],970
672.856,0.4840000000000373,1250,[],971
673.34,0.4600000000000364,1251,[],972
673.88,0.4840000000000373,1252,[],973
674.436,0.2839999999999918,1253,[],974
674.868,0.5760000000000218,1254,280,[],284,1,0,367,377,85,91,0.6532017
675.528,0.33199999999999363,1255,[],975
675.956,0.39999999999997726,1256,[],976
676.4440000000001,0.33999999999991815,1257,[],977
676.884,0.6839999999999691,1258,[],978
677.64,0.5160000000000764,1259,281,[],285,1,0,330,336,86,92,0.68566704
678.244,0.42799999999999727,1260,[],979
678.748,0.6440000000000055,1261,282,[],286,1,0,318,325,97,104,0.6035445
679.4440000000001,0.42399999999997817,1262,[],980
679.9440000000001,0.6359999999999673,1263,[],981
680.6360000000001,0.5160000000000764,1264,[],982
681.244,0.52800000000002,1265,[],983
681.8760000000001,0.5720000000000027,1266,[],984
682.5360000000001,0.5760000000000218,1267,[],985
683.144,0.6600000000000819,1268,[],986
683.86,0.6600000000000819,1269,[],987
684.5640000000001,0.6839999999999691,1270,[],988
685.332,0.42000000000007276,1271,[],989
685.84,0.4399999999999409,1272,[],990
686.36,0.7319999999999709,1273,[],991
687.128,0.36399999999991905,1274,[],992
687.524,0.6200000000000045,1275,[],993
688.24,0.6240000000000236,1276,[],994
688.94,0.5439999999999827,1277,[],995
689.532,0.6559999999999491,1278,[],996
690.2320000000001,0.36000000000001364,1279,[],997
690.668,0.40800000000001546,1280,[],998
691.128,0.4920000000000755,1281,[],999
691.744,0.4199999999999591,1282,[],1000
692.2320000000001,0.4800000000000182,1283,[],1001
692.76,0.4720000000000937,1284,[],1002
693.332,0.36800000000005184,1285,[],1003
693.7520000000001,0.36399999999991905,1286,[],1004
694.144,0.35599999999999454,1287,[],1005
694.524,0.33600000000001273,1288,[],1006
694.9480000000001,0.32799999999997453,1289,[],1007
695.344,0.36799999999993815,1290,[],1008
695.7800000000001,0.37199999999995725,1291,[],1009
696.2760000000001,0.52800000000002,1292,[],1010
696.8480000000001,0.6000000000000227,1293,[],1011
697.5400000000001,0.6119999999999663,1294,[],1012
698.272,0.4879999999999427,1295,[],1013
698.8480000000001,0.52800000000002,1296,[],1014
699.46,0.6040000000000418,1297,[],1015
700.1320000000001,0.6559999999999491,1298,[],1016
700.836,0.5199999999999818,1299,[],1017
701.464,0.47199999999998,1300,[],1018
702.028,0.43600000000003547,1301,[],1019
702.532,0.2400000000000091,1302,[],1020
702.86,0.5639999999999645,1303,[],1021
703.476,0.4599999999999227,1304,[],1022
704.032,0.37999999999999545,1305,[],1023
704.4480000000001,0.4359999999999218,1306,[],1024
704.928,0.5439999999999827,1307,[],1025
705.552,0.6240000000000236,1308,[],1026
706.2320000000001,0.7039999999999509,1309,[],1027
707.032,0.41200000000003456,1310,[],1028
707.552,0.2480000000000473,1311,[],1029
707.836,0.4479999999999791,1312,[],1030
708.36,0.5400000000000773,1313,[],1031
708.976,0.3000000000000682,1314,[],1032
709.332,0.6240000000000236,1315,[],1033
710.0600000000001,0.6159999999999854,1316,[],1034
710.736,0.35599999999999454,1317,[],1035
711.14,0.33600000000001273,1318,[],1036
711.5640000000001,0.5159999999999627,1319,[],1037
712.14,0.5879999999999654,1320,[],1038
712.74,0.32000000000005,1321,[],1039
713.12,0.4079999999999018,1322,[],1040
713.628,0.3320000000001073,1323,[],1041
714.0360000000001,0.41200000000003456,1324,[],1042
714.5600000000001,0.41200000000003456,1325,[],1043
715.0360000000001,0.7160000000000082,1326,[],1044
715.844,0.5960000000000036,1327,[],1045
716.568,0.5120000000000573,1328,[],1046
717.148,0.26400000000001,1329,[],1047
717.44,0.39599999999995816,1330,[],1048
717.98,0.5800000000000409,1331,[],1049
718.64,0.3079999999999927,1332,[],1050
719.0600000000001,0.5400000000000773,1333,[],1051
719.64,0.636000000000081,1334,[],1052
720.3720000000001,0.3039999999999736,1335,[],1053
720.7280000000001,0.61200000000008,1336,[],1054
721.4480000000001,0.5480000000000018,1337,[],1055
722.076,0.42799999999999727,1338,[],1056
722.556,0.5119999999999436,1339,283,[],287,1,0,420,432,113,119,0.8467055
723.144,0.22400000000004638,1340,[],1057
723.436,0.5320000000000391,1341,[],1058
724.052,0.5480000000000018,1342,[],1059
724.664,0.4759999999999991,1343,[],1060
725.2320000000001,0.5199999999999818,1344,[],1061
725.836,0.5960000000000036,1345,[],1062
726.532,0.42399999999997817,1346,[],1063
727.056,0.4679999999999609,1347,[],1064
727.576,0.6240000000000236,1348,[],1065
728.264,0.6760000000000446,1349,[],1066
728.94,0.34399999999993724,1350,[],1067
729.34,0.34000000000003183,1351,[],1068
729.736,0.5360000000000582,1352,[],1069
730.368,0.4879999999999427,1353,[],1070
730.936,0.4560000000000173,1354,[],1071
731.46,0.5760000000000218,1355,[],1072
732.1320000000001,0.34000000000003183,1356,284,[],288,1,0,443,455,103,112,0.8063486
732.5400000000001,0.45200000000011187,1357,285,[],289,1,0,443,451,105,112,0.7480299
733.056,0.4880000000000564,1358,[],1073
733.6360000000001,0.5,1359,286,[],290,1,0,428,439,100,107,0.65204793
734.236,0.3120000000000118,1360,[],1074
734.64,0.36000000000001364,1361,[],1075
735.048,0.35599999999999454,1362,287,[],291,1,0,415,428,96,103,0.7020343
735.476,0.5080000000000382,1363,[],1076
736.0600000000001,0.6079999999999472,1364,[],1077
736.7320000000001,0.43200000000001637,1365,[],1078
737.24,0.4959999999999809,1366,[],1079
737.836,0.9279999999999973,1367,288,[],292,1,0,398,406,104,110,0.8946493
738.84,0.44399999999996,1368,289,[],293,1,0,391,400,104,111,0.74966544
739.34,0.4519999999999982,1369,[],1080
739.856,0.5760000000000218,1370,290,[],294,1,0,394,402,102,111,0.85047656
740.432,0.36000000000001364,1371,[],1081
740.832,0.5800000000000409,1372,291,[],295,1,0,391,400,108,117,0.78154105
741.432,0.6319999999999482,1373,[],1082
742.1320000000001,0.44399999999996,1374,292,[],296,1,0,398,405,113,118,0.9009829
742.652,0.5160000000000764,1375,293,[],297,1,0,403,413,116,123,0.72919446
743.2320000000001,0.2760000000000673,1376,[],1083
743.576,1.0600000000000591,1377,[],1084
744.736,0.4600000000000364,1378,294,[],298,1,0,422,430,130,137,0.6188499
745.24,0.55600000000004,1379,[],1085
745.84,0.8439999999999372,1380,[],1086
746.748,0.4519999999999982,1381,295,[],299,1,0,448,458,133,141,0.63429135
747.2320000000001,0.35599999999999454,1382,296,[],300,1,0,446,458,133,141,0.63506216
747.6360000000001,0.6680000000000064,1383,[],1087
748.356,0.37599999999997635,1384,[],1088
748.856,0.5080000000000382,1385,[],1089
749.4440000000001,0.5919999999999845,1386,297,[],301,1,0,483,509,135,148,0.9188206
