-1256.6370614359173,14.999999999999996,0.0,5.684341886080802e-14,15
-1253.270857913961,15.300925099800972,0.22,-3.150863222903183,15.148396492004395
-1250.546084308578,15.137631141016547,0.4,0.215340299053139,14.99545669555664
-1247.5178147611887,15.141347736946106,0.6,-2.9387313104076043,14.998499870300293
-1244.5190101455712,14.99402307808681,0.8,0.08953823698169572,14.998499870300293
-1241.4907457323075,15.141322066318809,1.0,0.059473223692918964,15.144295692443848
-1238.4630362297778,15.13854751264842,1.2,-2.9399723239808395,14.99564266204834
-1235.4647850466415,14.99125591568149,1.4,0.0877371785488208,14.99564266204834
-1232.437312481819,15.137362824113358,1.6,-2.9123026539398893,14.995729446411133
-1229.4393182407273,14.989971205457854,1.8,0.11516991088268469,14.995729446411133
-1226.4118112510496,15.137534948388645,2.0,0.08484383947433116,15.141777038574219
-1223.4140748473897,14.988682018299972,2.2,0.1134494619645352,14.994354248046875
-1220.387117740259,15.13478553565293,2.4,-2.9154864976567865,14.993005752563477
-1217.3896312496734,14.987432452928314,2.6,0.11147060947376985,14.993005752563477
-1214.3921191295224,14.987560600755359,2.8,0.11029987349701287,14.993075370788574
-1211.3945822463195,14.987684416013906,3.0,0.10921580224174932,14.993144989013672
-1208.3970204280956,14.987809091119717,3.2,0.10809545888213279,14.993213653564453
-1205.369901364159,15.135595319683274,3.4,0.07776421069974049,15.139483451843262
-1202.3725894083157,14.986559779216176,3.6,0.1065312238551428,14.991886138916016
-1199.345533304905,15.135280517052491,3.8,0.07601114844845824,15.139081001281738
-1196.3484703719882,14.98531466458467,4.0,0.10495934170279497,14.990562438964844
-1193.3216363482,15.134170118941597,4.2,0.0744343839946282,15.13789176940918
-1190.3248176508196,14.984093486901447,4.4,0.1034046382516749,14.989263534545898
-1187.298417412952,15.132001189337988,4.6,0.07312372625705166,15.13565731048584
-1184.3018331953235,14.98292108814261,4.8,0.10190433521842124,14.988016128540039
-1181.2756699744539,15.130816104347968,5.0,0.07157204894059532,15.134394645690918
-1178.2793186877457,14.981756433541575,5.2,0.10042081668524361,14.986777305603027
-1175.282930647898,14.98194019923884,5.4,0.0993966151121981,14.986909866333008
-1172.257291131933,15.128197579824256,5.6,-2.899088391915086,14.98717212677002
-1169.261122150266,14.980844908335875,5.8,0.12655112404985402,14.98717212677002
-1166.2061690783346,15.274765359656977,6.0,-2.930685656001799,15.13228702545166
-1163.1809542834412,15.126073974466427,6.2,0.1242674159295234,14.98461627960205
-1160.15629905652,15.123276134605339,6.4,-2.844414273552104,14.984770774841309
-1157.1318693167625,15.1221486987885,6.6,-2.8167072888184634,14.984923362731934
-1154.1076629911422,15.121031628101344,6.8,-2.789286826404634,14.985074996948242
-1151.1129967546888,14.973331182267682,7.0,0.23491949921566402,14.985074996948242
-1148.0886990477356,15.12148853476595,7.2,0.20321854816910445,15.131648063659668
-1145.094224228067,14.972374098342739,7.4,0.23075111840347518,14.983909606933594
-1142.099693863808,14.972651821295571,7.6,0.22839976619701474,14.98406982421875
-1139.0755384429754,15.1207771041625,7.8,0.19680708358117727,15.130616188049316
-1136.0811998399731,14.971693015011585,8.0,0.22438047316376242,14.98291015625
-1133.0575190524382,15.118403937674817,8.2,-2.8035587558652537,14.981786727905273
-1130.0633625717185,14.970782403598802,8.4,0.22012203166963218,14.981786727905273
-1127.069147666268,14.971074527252846,8.6,0.21794062176439866,14.981969833374023
-1124.0748742719243,14.971366971718936,8.8,0.2156955662773612,14.982150077819824
-1121.0805429730924,14.971656494159223,9.0,0.21350899968359727,14.982330322265625
-1118.0565497029097,15.119966350913701,9.2,0.18202242742171393,14.981218338012695
-1115.062403726316,14.970729882968667,9.4,0.20979987729191407,14.981218338012695
-1112.0385759152114,15.119139055523492,9.6,0.17831108826061381,15.128053665161133
-1109.014969755062,15.118030800746228,9.8,0.1767482743652522,15.126867294311523
-1106.021243148077,14.968633034925764,10.0,0.20456586029575874,14.978859901428223
-1102.997640153526,15.118014972755887,10.2,0.17296287743710081,15.126662254333496
-1100.0040917399415,14.967742067921938,10.4,0.20102143839443443,14.977791786193848
-1097.0104785135427,14.96806613199404,10.6,0.19896438322888343,14.978013038635254
-1094.016801122038,14.968386957523458,10.8,0.19697214087767634,14.97823429107666
-1091.0230595586438,14.968707816971554,11.0,0.19492199331983784,14.978452682495117
-1088.0292550368808,14.969022608814768,11.2,0.19293601765156154,14.978668212890625
-1085.035387766557,14.969336351618677,11.4,0.1909519651957794,14.979094505310059
-1082.0414589469883,14.96964409784335,11.6,0.18903066130081925,14.979094505310059
-1079.0182093665865,15.116247902008878,11.8,-2.837853507411694,14.978045463562012
-1076.0244540222207,14.968776721829657,12.0,0.1853960729901587,14.978045463562012
-1073.0013818834368,15.115360693919154,12.2,-2.8412343248315324,14.977002143859863
-1070.0077996324153,14.967911255107332,12.4,0.18183781395231335,14.977231979370117
-1067.014152409037,14.968236116891926,12.6,0.1799366665363209,14.977231979370117
-1063.9905961235802,15.11778142728369,12.8,0.14855947585209606,14.976194381713867
-1060.997125827841,14.967351478695985,13.0,0.17687650349643036,14.976194381713867
-1058.003589172609,14.96768327616019,13.2,0.17504650626682405,14.976434707641602
-1055.009987774837,14.968006988859852,13.4,0.17328286853006603,14.976670265197754
-1052.016321252043,14.968332613969777,13.6,0.17146190302077002,14.97690486907959
-1049.0225910181157,14.96865116963693,13.8,0.16970606253352116,14.97713565826416
-1046.0287970997026,14.968969592065958,14.0,0.1679528980234295,14.97736644744873
-1043.0349410870438,14.969280063294878,14.2,0.16626341799900501,14.977592468261719
-1040.0410225711807,14.969592579315444,14.4,0.16451396190785772,14.97781753540039
-1037.047042558349,14.969900064158598,14.6,0.162827009020873,14.97826099395752
-1034.0530022354706,14.970201614392158,14.8,0.16120155310267137,14.97826099395752
-1031.0589015572193,14.970503391255917,15.0,0.1595143369185621,14.97847843170166
-1028.0647413176428,14.970801197882526,15.2,0.15788747610730525,14.978694915771484
-1025.040671784046,15.120347667983705,15.4,0.12671812584011377,15.126683235168457
-1022.0174381266477,15.116168286991538,15.6,-2.840301207750656,14.977852821350098
-1019.0236966828446,14.96870721901498,15.8,0.18293244964769428,14.978074073791504
-1016.000612245623,15.115422186108496,16.0,-2.8145980792054957,14.978294372558594
-1012.9777373116189,15.114374670020446,16.2,-2.7872411810463404,14.97851276397705
-1009.9843906603447,14.966733256370897,16.4,0.23563375295776723,14.97851276397705
-1006.9611123652076,15.116391475685433,16.6,0.2036508143881406,15.126572608947754
-1003.9380511820426,15.115305915824477,16.8,0.2018436603065652,15.125396728515625
-1000.8856138233544,15.26218679344074,17.0,0.1707666598777564,15.270724296569824
-997.8639144685881,15.108496773831694,17.2,-2.795533774402827,14.972250938415527
-994.8717255511687,14.960944587097293,17.4,0.22616558036355627,14.972250938415527
-991.8498066018107,15.109594746789664,17.6,0.19448975168921834,15.119318008422852
-988.8577600420996,14.96023279855564,17.8,0.22214600573471444,14.971338272094727
-985.8656331198713,14.960634611141309,18.0,0.21986883497703502,15.120010375976562
-982.8435109125946,15.11061103638337,18.2,0.18800894079907948,15.120010375976562
-979.8515310014183,14.959899555881918,18.4,0.21599052307573174,14.970697402954102
-976.7996289193746,14.960304323742994,18.604,0.21376877409585404,14.970991134643555
-973.8385837527948,15.107373298877073,18.8,0.24174507488947938,15.119458198547363
-970.8155261326255,15.115288100846644,19.0,0.17794893287560853,15.124184608459473
-967.7945600924521,15.10483020086649,19.2,-2.8153508688300803,14.967667579650879
-964.8030824385205,14.957388269658031,19.4,0.20561517134325413,15.11642837524414
-961.7815343625209,15.107740379997658,19.6,0.17377739558736494,15.11642837524414
-958.7901904905113,14.95671936004774,19.8,0.2019783036182048,14.966816902160645
-955.7987594170569,14.957155367272614,20.0,0.19991397250277032,14.96714973449707
-952.7772455087342,15.107569541613975,20.2,0.16815168658223456,15.115976333618164
-949.7859473321989,14.956490882676192,20.4,0.19637946209246593,14.96630859375
-946.7945609626906,14.956931847541373,20.6,0.19433047065894016,14.966647148132324
-943.7734458034906,15.105575796000036,20.8,0.1630117620422311,15.113725662231445
-940.7821849960449,14.95630403722884,21.0,0.19090182358598895,14.965847969055176
-937.7908358882297,14.956745539076005,21.2,0.18893753337550834,14.966191291809082
-934.7693988407349,15.107185237474434,21.4,0.15727638728441207,15.1150484085083
-931.77818149692,14.956086719074314,21.6,0.1856714425917403,14.96536922454834
-928.7868750743327,14.956532112936719,21.8,0.18372472390666417,14.965717315673828
-925.7954809211915,14.956970765705723,22.0,0.18183656641582502,14.96606159210205
-922.773989734358,15.107455934167444,22.2,0.15022046565076153,15.11496639251709
-919.7531043152446,15.104427095567088,22.4,0.14934226771862313,15.111893653869629
-916.7620556659901,14.955243246272367,22.6,0.17739931769136774,14.964112281799316
-913.7709165171387,14.95569574425679,22.8,0.1755585626489733,14.964472770690918
-910.7796876209828,14.956144480779548,23.0,0.17371675446912604,14.964829444885254
-907.7290857719388,15.253009245220042,23.2,-2.850923489999957,15.114203453063965
-904.7082415995766,15.104220861811026,23.4,0.19967835904407139,14.964381217956543
-901.7176415991812,14.95300000197686,23.6,0.22766364468753864,14.964381217956543
-898.7269465808746,14.953475091533226,23.8,0.22531320562978863,14.964738845825195
-895.7361573419819,14.953946194463503,24.0,0.22296623174889874,14.965092658996582
-892.7452750911823,14.954411253998028,24.2,0.22068296087599037,14.96544361114502
-889.7242644894721,15.105053008551058,24.4,0.18867702808182685,15.114485740661621
-886.7039012768993,15.101816062864003,24.6,0.18744031533884709,15.111186981201172
-883.7133490519221,14.952761124885903,24.8,0.21509722908359663,14.96351432800293
-880.7227012530728,14.953238994246437,25.0,0.2128821200763582,14.963881492614746
-877.7026544302328,15.100234114200614,25.2,-2.7822488896680966,14.964603424072266
-874.6827873897577,15.09933520237578,25.4,-2.7551830238592743,14.964959144592285
-871.6330671056303,15.248601420636799,25.6,-2.7581431318216687,15.11408805847168
-868.6131644394371,15.099513330965793,25.8,0.291577152305706,15.11408805847168
-865.5941602164877,15.09502111474748,26.0,-2.703290689313633,14.963055610656738
-862.6047051811522,14.947275176677628,26.2,0.315713533635801,14.963055610656738
-859.58553500277,15.095850891910889,26.4,0.28316539514315764,15.110005378723145
-856.5665391138033,15.094979444833703,26.6,0.28054602274409035,15.109003067016602
-853.5773652158167,14.945869489932663,26.8,0.30729337655458266,14.96122932434082
-850.5880816749448,14.946417704359977,27.0,0.3041271866505326,14.96161937713623
-847.5986899298898,14.946958725274706,27.2,0.30100960447560965,14.962004661560059
-844.549792067643,15.24448931123427,27.4,-2.753849138750695,15.110175132751465
-841.5307066724557,15.095426975936126,27.6,0.2950487234961088,15.110175132751465
-838.5118015501954,15.094525611301654,27.8,0.29228353274589836,15.109135627746582
-835.5231838354509,14.943088573722548,28.0,0.3193978835218445,14.959053039550781
-832.5344508052223,14.943665151143586,28.2,0.31610275646943364,14.959465026855469
-829.5159692439923,15.09240780614945,28.4,0.2835345171668564,15.10658073425293
-826.4683022041227,15.238335199347938,28.6,-2.7109538923063496,15.106013298034668
-823.4504654040647,15.08918400028966,28.8,0.33671314756333004,15.106013298034668
-820.4624598955489,14.94002754257884,29.0,0.36291176402750125,14.958585739135742
-817.4449251479485,15.087673738001897,29.2,-2.632603235269187,14.959002494812012
-814.4569720640297,14.939765419593986,29.4,0.3849315123312067,14.959002494812012
-811.4688975385537,14.940372627379993,29.6,0.38100227203125314,14.959413528442383
-808.4510419912402,15.089277736567396,29.8,0.34774501039788674,15.106657981872559
-805.4336100737619,15.087159587391533,30.0,-2.6179809852573612,14.959171295166016
-802.4457682008457,14.939209364580913,30.2,0.3994509322209865,14.959171295166016
-799.3987197493786,15.23524225733546,30.4,-2.6259823413471963,15.106880187988281
-796.3815518861917,15.085839315934523,30.6,0.4210661101198525,15.106880187988281
-793.3942288772962,14.93661504447763,30.8,0.4464432018224329,14.958922386169434
-790.3773183247789,15.084552762586235,31.0,-2.55005947287583,14.95974349975586
-787.3900347469064,14.93641788936259,31.2,0.466851079641458,14.95974349975586
-784.3731751520176,15.08429797444431,31.4,-2.5594761823297745,14.959047317504883
-781.3859363358281,14.93619408094689,31.6,0.4573834125590679,14.959047317504883
-778.398568783124,14.936837763520474,31.8,0.4527399045297784,14.95945930480957
-775.38163441184,15.084671856420497,32.0,-2.5733813122973856,14.958769798278809
-772.3943130762505,14.936606677947283,32.2,0.44355305898665165,14.959183692932129
-769.4068637451303,14.93724665560085,32.4,0.43902258793553983,14.959183692932129
-766.3892128029888,15.088254710706867,32.6,0.40477392100882525,15.108482360839844
-763.4018174160456,14.936976934716895,32.8,0.43072564440029737,14.958499908447266
-760.3548240342808,15.23496690882347,33.0,-2.65383941787519,15.105304718017578
-757.3383513465395,15.082363438706244,33.2,-2.5979043857198008,14.955313682556152
-754.3514718503295,14.93439748105009,33.4,0.41856830202146966,14.955313682556152
-751.3343656061396,15.085531220949152,33.6,0.3844822220596029,15.104745864868164
-748.3475287735494,14.93418416295148,33.8,0.41065218695263184,14.954705238342285
-745.3605593110481,14.934847312506143,34.0,0.4064611875116384,14.955159187316895
-742.3734581995234,14.935505557622935,34.2,0.402311265247306,14.955610275268555
-739.3561277039681,15.08665247777653,34.4,0.36838576544386115,15.105063438415527
-736.3690734322265,14.93527135870782,34.6,0.3947189465459928,14.954997062683105
-733.3818886590961,14.935923865651882,34.8,0.3906843511001057,14.955448150634766
-730.3644681737309,15.087102426826327,35.0,0.3568730304804717,15.104938507080078
-727.3773320046827,14.935680845240677,35.2,0.3833267189707499,14.954837799072266
-724.3900660717583,14.936329664622386,35.4,0.3794045384095739,14.955290794372559
-721.4026715183049,14.936972767266498,35.6,0.37552056899022546,14.955739974975586
-718.4151501625222,14.937606778914038,35.8,0.3717041849435532,14.956183433532715
-715.4275028135247,14.93823674498723,36.0,0.36789253291379964,14.956623077392578
-712.4397303863988,14.938862135629645,36.2,0.36411532136440883,14.957059860229492
-709.4221664361772,15.08781975110785,36.4,0.33101372505285553,15.104364395141602
-706.405063065083,15.085516855470727,36.6,-2.6631715923037405,14.955419540405273
-703.4175169976561,14.937730337135248,36.8,0.3539317787904679,14.955419540405273
-700.3703819269673,15.235675353443499,37.0,-2.7002702006575987,15.103850364685059
-697.3530791122954,15.086514073359275,37.2,0.34686487003119737,15.103850364685059
-694.3660587304026,14.935101909464223,37.4,0.3734145108749658,14.953763961791992
-691.3789074606527,14.935756348749265,37.6,0.3695901662052279,14.954687118530273
-688.3916264577316,14.936405014605707,37.8,0.3658051566582685,14.954687118530273
-685.3741072082179,15.087596247568365,38.0,0.3322426537200158,15.104202270507812
-682.386876929936,14.936151391409332,38.2,0.3589476942493661,14.95409107208252
-679.3693978485238,15.087395407061162,38.4,0.32545653698440447,15.103662490844727
-676.3822168470053,14.9359050075922,38.6,0.3522129621465524,14.953508377075195
-673.3949067841759,14.936550314147905,38.8,0.3486102722587816,14.953973770141602
-670.3777895139842,15.085586350957808,39.0,0.3156414044241842,15.101363182067871
-667.3905239167274,14.936327986284256,39.2,0.34208179473301925,14.953425407409668
-664.3737344916833,15.08394712522093,39.4,-2.652311543557005,14.95435619354248
-661.3865064186886,14.936140364973276,39.6,0.36447788148706195,14.95435619354248
-658.3690357517506,15.087353334690127,39.8,0.3309387425677528,15.103894233703613
-655.3223454814588,15.233451351458902,40.0,-2.663019423502135,15.103361129760742
-652.305508082495,15.084186994819083,40.2,0.3836708467896983,15.103361129760742
-649.2895256295826,15.079912264562058,40.4,-2.5808607728011452,14.953660011291504
-646.3031421001378,14.931917647223786,40.6,0.43512168011119456,14.953660011291504
-643.2871914482943,15.079753259218483,40.8,-2.5897710355612276,14.953083992004395
-640.3008338677092,14.931787902925198,41.0,0.42617961628235435,14.953083992004395
-637.2848903510239,15.07971758342651,41.2,-2.568984409577922,14.954021453857422
-634.298552677363,14.931688368305348,41.4,0.4469591071073751,14.954021453857422
-631.2819445469826,15.083040651901756,41.6,0.41257534522145534,15.103657722473145
-628.2956390911176,14.93152727932538,41.8,0.4384913369299852,14.953437805175781
-625.3091952871998,14.932219019588242,42.0,0.43401310138875715,14.953906059265137
-622.3226147449931,14.932902711033455,42.2,0.42958166116585517,14.954368591308594
-619.3358988675284,14.93357938732383,42.4,0.42519540649760756,14.954826354980469
-616.319389455588,15.082547059702087,42.6,0.39149502419667215,15.10211181640625
-613.3032610997001,15.080641779439551,42.8,-2.5737918285113324,14.954720497131348
-610.3167374828612,14.932618084194374,43.0,0.44233652737653983,14.954720497131348
-607.2999545622329,15.083914603141583,43.2,0.408001379566997,15.104303359985352
-604.3134663077032,14.932441272648992,43.4,0.4339548324218754,14.95412540435791
-601.3268416830987,14.933123123022401,43.6,0.42952206644378066,14.954586029052734
-598.340082240087,14.933797215059021,43.8,0.4251493765951295,14.955041885375977
-595.3531892102937,14.934465148965936,44.0,0.4208046936302594,14.955492973327637
-592.3360408879402,15.085741611767586,44.2,0.3866863708844335,15.105066299438477
-589.3491909273769,14.934249802816698,44.4,0.4128526375739625,14.954880714416504
-586.3622081640505,14.934913816631772,44.6,0.40864424852787806,14.955334663391113
-583.3456785231343,15.082648204580885,44.8,-2.6158475975207125,14.95475959777832
-580.358731281124,14.934736210051183,45.0,0.40068204339542035,14.95475959777832
-577.3716523558492,14.935394626373952,45.2,0.3965861945853817,14.95521354675293
-574.3844429096092,14.936047231200304,45.4,0.3925304763055806,14.955663681030273
-571.3674590791752,15.084919152169766,45.6,0.35917107488927513,15.102869987487793
-568.3802939663414,14.935825564169438,45.8,0.38512707329203977,14.955072402954102
-565.3635768221039,15.083585721187019,46.0,-2.609992359772548,14.955970764160156
-562.3764476758506,14.935645731266396,46.2,0.4067247844648705,14.955970764160156
-559.3891888972487,14.936293893009807,46.4,0.4025666992728816,14.956411361694336
-556.4018014373058,14.936937299714057,46.6,0.39844669369512076,14.956849098205566
-553.4142867714069,14.93757332949533,46.8,0.3943790755129726,15.106780052185059
-550.396534666441,15.088760524829434,47.0,0.3605466955135057,15.105769157409668
-547.3789506659712,15.087920002348616,47.2,0.35713486004971173,15.104765892028809
-544.3615336979051,15.087084840330633,47.4,0.35376854313670947,15.104765892028809
-541.3744314573686,14.935511202682246,47.6,0.38028737887856323,14.954516410827637
-538.3570531704474,15.086891434606297,47.8,0.3465461135556893,15.104211807250977
-535.3699985830956,14.935272936759105,48.0,0.37314070907058294,14.9539213180542
-532.3828131446377,14.935927192289524,48.2,0.3693200522818074,14.954384803771973
-529.3954985054086,14.936573196145824,48.4,0.3655310644701899,14.954841613769531
-526.3784165311129,15.08540987147837,48.6,0.3324447027227393,15.102025985717773
-523.3617599138125,15.083283086502242,48.8,-2.6613452101885855,14.95327091217041
-520.3746573509804,14.93551281416035,49.0,0.35531140711174203,14.95327091217041
-517.3572859694016,15.086856907894235,49.2,0.32182223410399047,15.10294246673584
-514.3408286500569,15.082286596723812,49.4,-2.641984668008547,14.953177452087402
-511.35393613672693,14.934462566649612,49.6,0.3744726513361343,14.953177452087402
-508.3669112666044,14.935124350612922,49.8,0.37063487902156567,14.95364761352539
-505.35034174846425,15.082847590700657,50.0,-2.624075480348097,14.954574584960938
-502.3633497576137,14.934959954252559,50.2,0.39249403779206204,14.954574584960938
-499.3468208807162,15.082644384487939,50.4,-2.6316910343456925,14.954015731811523
-496.3598642140859,14.93478333315137,50.6,0.38483784255180353,14.954015731811523
-493.3727761417641,14.935440361609368,50.8,0.3809040062524218,14.954476356506348
-490.38555755655665,14.93609292603703,51.0,0.3770023935156246,14.954934120178223
-487.36881476437776,15.083713960894249,51.2,-2.6471086721558095,14.954365730285645
-484.38163627701107,14.935892436833855,51.4,0.36963412002307905,14.954365730285645
-481.3943280235297,14.936541267406653,51.6,0.36584581051477016,14.954825401306152
-478.40689175776,14.937181328848911,51.8,0.3620995290840483,15.102560043334961
-475.38966880397885,15.08611476890548,52.0,0.3290241676564847,15.102560043334961
-472.40228165908815,14.936935724453345,52.2,0.3553108421407387,14.954693794250488
-469.38511174396683,15.08584957560693,52.4,0.32230461544941136,15.101959228515625
-466.39777269355176,14.936695252075033,52.6,0.3486488774945542,14.954120635986328
-463.3508002092495,15.23486242151173,52.8,-2.6757613396684974,15.104178428649902
-460.3336749308369,15.085626392062927,53.0,0.3712111446337758,15.104178428649902
-457.34685059766207,14.934121665873738,53.2,0.3975374728510701,14.953988075256348
-454.33046307160515,15.081937630285013,53.4,-2.5975069378706053,14.954906463623047
-451.3436681365744,14.933974675153367,53.6,0.4188805881863118,14.954906463623047
-448.327077311608,15.082954124832481,53.8,0.3852325605705573,15.102206230163574
-445.3403165611911,14.933803752083982,54.0,0.41095577079090617,14.954339981079102
-442.3237659080543,15.082753265683792,54.2,0.37739372152515216,15.101613998413086
-439.3370405364622,14.933626857960878,54.4,0.40318929348518395,14.953775405883789
-436.32076925999655,15.08135638232799,54.6,-2.620959129478365,14.953228950500488
-433.3340745334495,14.933473632735737,54.8,0.395312146987294,14.953700065612793
-430.31781613641556,15.081291985169512,55.0,-2.5995662313240473,14.954164505004883
-427.33114774703733,14.933341946891012,55.2,0.41669216570988965,14.954164505004883
-424.3149264424234,15.081106523069858,55.4,-2.6081026101950897,14.953579902648926
-421.3282893844596,14.933185289818956,55.6,0.40811869441881754,14.953579902648926
-418.3415177882635,14.933857980980656,55.8,0.4039467886070156,14.954044342041016
-415.32448596714994,15.085159105567644,56.0,0.36998848539667506,14.953461647033691
-412.33775484441264,14.933655613686303,56.2,0.3963280486290728,14.953461647033691
-409.3208800576145,15.08437393399103,56.4,-2.6287411177876834,14.955883026123047
-406.333582841205,14.936486082047374,56.6,0.38813366901047175,14.953339576721191
-403.3467606541666,14.934110935192352,56.8,0.38476258860600865,14.953339576721191
-400.35980664173746,14.934770062145434,57.0,0.3808249260960679,14.953802108764648
-397.3727209951128,14.935428233123284,57.2,0.3769256288938436,14.954265594482422
-394.3855052673386,14.936078638871248,57.4,0.37306736682711517,14.954723358154297
-391.3981602044877,14.936725314254497,57.6,0.369245725826886,15.104785919189453
-388.35117775074366,15.234912268720544,57.8,-2.685124833270436,15.103792190551758
-385.3051356049776,15.230210728830231,58.0,-2.658211501840867,15.10034465789795
-382.2889430365191,15.0809628422922,58.2,0.3878306439252128,15.10034465789795
-379.30257026108035,14.931863877193875,58.4,0.4135179938778606,14.95252799987793
-376.316059911582,14.932551747491722,58.6,0.40929018337908474,14.953004837036133
-373.2999995493695,15.08030181106275,58.8,-2.615227756917477,14.952442169189453
-370.31351729628045,14.932411265445007,59.0,0.4008326052950224,14.952442169189453
-367.29674602323877,15.083856365208263,59.2,0.36687571043484013,15.102191925048828
-364.28065649465,15.080447642944371,59.4,0.36392118391597705,15.09863567352295
-361.26494471101205,15.078558918189303,59.6,-2.600446593403433,14.951390266418457
-358.2788169242601,14.930638933759843,59.8,0.4152651902344928,14.951390266418457
-355.2925488475411,14.931340383594778,60.0,0.4110136434903211,14.951879501342773
-352.3061423010834,14.932032732288448,60.2,0.4068108339788523,15.099531173706055
-349.2901857824182,15.07978259332641,60.4,-2.6170555992997606,14.951837539672852
-346.30380516922673,14.93190306595711,60.6,0.3989009193654738,14.951837539672852
-343.25749059496957,15.2315728712863,60.8,0.3356141741584793,15.248347282409668
-340.2412724809014,15.081090570340788,61.0,0.3620846932398649,15.099186897277832
-337.2251191648904,15.080766580054757,61.2,0.29878162810882714,14.944865226745605
-334.20997214689146,15.075735089994982,61.4,-2.6039340744348465,14.948403358459473
-331.1949590825089,15.075065321912676,61.6,-2.5785712971585895,14.948920249938965
-328.2095366811683,14.927112006703222,61.8,0.4364417672239824,14.948920249938965
-325.22396706210725,14.92784809530493,62.0,0.43197311631848834,14.949433326721191
-322.2382516567583,14.928577026744694,62.2,0.42755250100452713,14.949941635131836
-319.25239253069896,14.929295630296915,62.4,0.42318611924412153,14.95044231414795
-316.266390622969,14.930009538649392,62.6,0.4188566466706334,14.950940132141113
-313.25008117169654,15.0815472563627,62.8,0.38470169404899934,14.950418472290039
-310.2045074353796,15.227868681584617,63.0,-2.609128320010541,15.10029411315918
-307.18881029781625,15.078485687816418,63.2,0.4364454163064124,15.10029411315918
-304.173262008745,15.077741445356509,63.4,0.4322679811158423,15.09934139251709
-301.1880572528861,14.926023779294363,63.6,0.45803965885897924,14.949421882629395
-298.2027033827608,14.926769350626913,63.8,0.45336099186630463,14.949421882629395
-295.21720196297554,14.927507098926098,64.0,0.44872462761662746,14.949928283691406
-292.20192201878456,15.076399720954786,64.2,0.41480160892530193,15.097127914428711
-289.1869706507971,15.074756839937045,64.4,-2.5497997335048126,14.949959754943848
-286.1419807099733,15.224949704119666,64.6,-2.554837379189223,15.099916458129883
-283.1268950224347,15.075428437692855,64.8,0.49015256163454524,15.099916458129883
-280.11252810793775,15.07183457248467,65.0,0.4860121749543964,15.096116065979004
-277.12793258453235,14.922977617026785,65.2,0.5106940308576213,14.948490142822266
-274.1431811288809,14.923757278256984,65.4,0.5054824253567745,14.949009895324707
-271.1582762877821,14.924524205494853,65.6,0.500335199367612,14.949520111083984
-268.1437494152298,15.072634362761184,65.8,-2.5244798081664044,14.94902515411377
-265.1588409360519,14.924542395889333,66.0,0.49004706438586254,14.94902515411377
-262.1737804393965,14.925302483276745,66.2,0.48505686192316944,14.950041770935059
-259.1885693660471,14.926055366746928,66.4,0.4800966066254091,14.950041770935059
-256.1730092738303,15.077800461084783,66.6,0.4453034075139044,15.100050926208496
-253.18780745381054,14.926009100098563,66.8,0.4709495593010047,14.949539184570312
-250.17300366434324,15.074018947336244,67.0,-2.55356846931204,14.949045181274414
-247.18780371332775,14.925999755077234,67.2,0.4612353201552537,14.949045181274414
-244.2024546783901,14.926745174688014,67.4,0.4565213307410545,14.949555397033691
-241.18733473639696,15.075599709966507,67.6,0.4225374799365227,15.09671401977539
-238.2019909500664,14.92671893165254,67.8,0.4478350342343447,14.949095726013184
-235.1862500436316,15.078704532173862,68.0,0.4132966184164957,15.099357604980469
-232.17125810987895,15.074959668762999,68.2,0.40994877973406574,15.09544563293457
-229.15640010066315,15.07429004607878,68.4,0.4060350738382681,15.09458065032959
-226.1713688362981,14.925156321826146,68.6,0.43154371781969303,14.946720123291016
-223.18618640201353,14.925912171422588,68.8,0.42711880542697145,14.94725513458252
-220.17140476235434,15.073908198295706,69.0,-2.566916289585322,14.948308944702148
-217.18621863483716,14.925930637585688,69.2,0.44786535007386874,14.948308944702148
-214.17122015775146,15.074992385428342,69.4,0.4139169561066751,15.09567642211914
-211.18603776020436,14.925911987736443,69.6,0.43935244491109415,14.94786548614502
-208.1712700359344,15.07383862134944,69.8,-2.5840253382058904,14.94743824005127
-205.1860871497766,14.925914430788847,70.0,0.43074238606408244,14.94743824005127
-202.1705742598549,15.077564449608213,70.2,0.396455057378148,14.946985244750977
-199.18540042549407,14.925869171804013,70.4,0.42257280569828026,14.946985244750977
-196.20007676556455,14.926618299648505,70.6,0.4182446869340879,14.947518348693848
-193.2146050430509,14.927358612567993,70.8,0.41395958221522733,14.948044776916504
-190.2289871941345,14.928089244581882,71.0,0.4097157285569324,14.948563575744629
-187.21304591900198,15.079706375662361,71.2,0.37563448079367845,15.098479270935059
-184.2274455438242,14.928001875888702,71.4,0.40195173248872607,14.94861125946045
-181.24169955967045,14.928729920769552,71.6,0.39783653149464726,15.098544120788574
-178.22562781209257,15.080358737889227,71.8,0.36386816017960655,15.098544120788574
-175.23990210557392,14.928628532593088,72.0,0.390315884319989,14.948134422302246
-172.2540326483373,14.929347286182834,72.2,0.3863107558776733,14.948653221130371
-169.26801980799837,14.930064201694472,72.4,0.38234256662991584,14.949172019958496
-166.28186619900129,14.93076804498625,72.6,0.3784262077501239,14.94968032836914
-163.265393445488,15.082363767566212,72.8,0.3446670970206469,15.099590301513672
-160.21944522997273,15.229741077576147,73.0,0.3120675849089025,15.245339393615723
-157.20439299779162,15.075261160905404,73.2,-2.6503917923492395,14.945759773254395
-154.21888603201373,14.927534828889183,73.4,0.36466043983188,14.945759773254395
-151.23323326968966,14.9282638116212,73.6,0.3609095931097386,14.946301460266113
-148.1878460488748,15.226936104074113,73.8,-2.662165671909918,15.096885681152344
-145.17229925325339,15.077733978106913,74.0,0.38322154890494176,15.096885681152344
-142.15743855737844,15.074303479374514,74.2,0.3800915867138315,15.09329891204834
-139.17240063917754,14.925189591004264,74.4,0.4058470579794289,14.945470809936523
-136.15779676294,15.073019381188544,74.6,-2.6167139007728224,14.945090293884277
-133.17275550549587,14.925206287220375,74.8,0.39788997546475,14.945090293884277
-130.18756350401375,14.925960007410334,75.0,0.3937954907214021,14.945639610290527
-127.20222192039547,14.926707918091168,75.2,0.389760197281646,14.946186065673828
-124.18730627144085,15.07457824477295,75.4,-2.603688502303214,14.947257995605469
-121.20196462729656,14.926708220722258,75.6,0.411227146651413,14.947257995605469
-118.21647498243873,14.927448224288964,75.8,0.4070058025144476,14.947787284851074
-115.23083847118966,14.92818255624513,76.0,0.40284090635663006,14.948830604553223
-112.2450572470705,14.928906120595526,76.2,0.3987008062775885,14.948830604553223
-109.25913260243136,14.929623223195513,76.4,0.39461386633422535,14.94934368133545
-106.27306581678388,14.930333928238266,76.6,0.39057879417651975,14.94985294342041
-103.28685861514461,14.931036008196134,76.8,0.3865637927146395,14.95035457611084
-100.30051186565777,14.931733747433983,77.0,0.3825976545101071,14.950854301452637
-97.28437322936226,15.080693181477356,77.2,0.34932160126260214,15.098152160644531
-94.26865583753047,15.078586959158681,77.4,-2.643878141348125,14.949389457702637
-91.28249462570417,14.93080605913235,77.6,0.3718392504836743,14.949389457702637
-88.2961937050556,14.931504603242637,77.8,0.3680102279349171,14.949896812438965
-85.27959190932998,15.083008978627896,78.0,0.33438317006789475,15.099721908569336
-82.29332235845388,14.931347754380296,78.2,0.3610862841529183,14.949394226074219
-79.27674374371503,15.082893073694008,78.4,0.3275194092477136,15.099263191223145
-76.26112283270564,15.078104555047819,78.6,-2.6651488021852856,14.947915077209473
-73.27504310409881,14.930398643033902,78.8,0.3504721088241354,14.94843578338623
-70.2888232247518,14.931099396734886,79.0,0.34686677883718176,14.94843578338623
-67.27278912316314,15.0801705079431,79.2,0.31392161912168604,15.095861434936523
-64.25721652574991,15.077862987065881,79.4,-2.678467130852141,14.947052955627441
-61.27117571291381,14.93020406418136,79.6,0.33710546656107,15.096972465515137
-58.25481796199217,15.08178875460801,79.8,0.30376761728780366,14.946609497070312
-55.26880261676499,14.93007672613568,80.0,0.33077600297508525,14.946609497070312
-52.252462969483496,15.081698236407245,80.2,0.29750423882723,15.096569061279297
-49.2664733386836,14.92994815399926,80.4,0.3245860736087707,14.946171760559082
-46.28034230374056,14.93065517471606,80.6,0.32125685675237037,14.946712493896484
-43.29407089662745,14.931357035565332,80.8,0.31791645614856634,14.947247505187988
-40.30766124436536,14.932048261310243,81.0,0.31465539255856356,14.947775840759277
-37.32111434740667,14.932734484793237,81.2,0.311379986226882,14.948298454284668
-34.30505589785828,15.08029224774172,81.4,-2.681687374626904,14.949332237243652
-31.318531915581676,14.93261991138387,81.6,0.3343710749214779,14.949332237243652
-28.30218791266901,15.081720014563116,81.8,0.3015163950886972,15.09679126739502
-25.28599158233098,15.080981651689937,82.0,0.2986953589388577,15.095911979675293
-22.269942210263434,15.080246860337517,82.2,0.2958792381049875,15.24337387084961
-19.224295606001352,15.2282330213102,82.4,-2.755515237483678,15.093841552734375
-16.20842779532448,15.079339053385223,82.6,0.29013136677838247,15.093841552734375
-13.192710216774064,15.07858789275186,82.8,0.2874139723771236,15.092954635620117
-10.207322411543641,14.9269390261519,83.0,0.31460616030256006,14.94266414642334
-7.221786647073003,14.92767882235298,83.2,0.31134650459546265,14.943241119384766
-4.236105088693682,14.92840779189639,83.4,0.3081127378160886,14.943808555603027
-1.250278544982463,14.929132718556945,83.6,0.304902694632915,14.94437313079834
1.735691115704776,14.929848303435982,83.8,0.30174608404729497,14.944931030273438
4.751148725390547,15.077288048428642,84.0,-2.7197305443280015,14.944558143615723
7.737103945247416,14.929776099284132,84.2,0.2957270653577666,14.945114135742188
10.723200921593161,14.930484881728514,84.4,0.29266861333968563,14.945114135742188
13.70943831386857,14.931186961377893,84.6,0.2896298474979062,14.945664405822754
16.725570169440616,15.080659277860013,84.8,0.2571599643827085,15.093514442443848
19.71178458763996,14.93107209099651,85.0,0.2842171129234998,14.94582748413086
22.727495451218797,15.078554317893957,85.2,-2.7079925411428007,14.946370124816895
25.71369326385752,14.930989063193419,85.4,0.30771832243601693,14.946370124816895
28.729403827076023,15.078552816093369,85.6,-2.6849657008627332,14.947440147399902
31.715585613434875,14.930908931794049,85.8,0.3307448623557434,14.947440147399902
34.701906956456895,14.931606715109872,86.0,0.3273331428552524,14.947967529296875
37.68836623295795,14.932296382505044,86.2,0.3239694272835436,14.94848918914795
40.67496233152709,14.932980492845516,86.4,0.32062157487831655,14.949006080627441
43.691815987879174,15.084268281761272,86.6,0.28750331797868967,15.098639488220215
46.70851035521984,15.083471836703144,86.8,0.2847952067526762,15.097707748413086
49.69489916604424,14.931944054121775,87.0,0.31198762096835253,14.947538375854492
52.71217925801156,15.086400459836387,87.2,0.27832638296462164,15.100313186645508
55.7282679745801,15.08044358284248,87.4,0.276746611650708,15.094277381896973
58.74420993688284,15.079709811514565,87.6,0.274158570406712,15.093414306640625
61.75960893461287,15.07699498864995,87.8,-2.6881099165092905,14.945735931396484
64.74548439819945,14.929377317932676,88.0,0.32728908122072653,14.945735931396484
67.7315020634588,14.930088326296577,88.2,0.32393724988543227,14.946279525756836
70.77711510394185,15.228065202415044,88.4,-2.7574278973551714,15.093585014343262
73.79295105291315,15.079179744857353,88.6,0.2881851431278619,15.093585014343262
76.80827873899355,15.076638430401749,88.8,0.2858326155366626,15.090926170349121
79.79366209060537,14.926916758058848,89.0,0.312665428570142,14.942544937133789
82.77919363708008,14.927657732373362,89.2,0.30940131924450043,14.943122863769531
85.76487147804144,14.928389204806605,89.4,0.3061938520473291,14.943694114685059
88.78082898226312,15.079787521109237,89.6,0.2731949351961589,15.093443870544434
91.76648755643076,14.928292870838014,89.8,0.30050497848037594,14.943313598632812
94.78163758438102,15.075750139751094,90.0,-2.720702902430105,14.942975044250488
97.76728897262441,14.928256941216752,90.2,0.2944471255201506,14.942975044250488
100.75308458370921,14.928978055423746,90.4,0.2913900176698121,14.943543434143066
103.76880142659431,15.078584214426323,90.6,0.2588750818795802,15.091525077819824
106.75458011302538,14.928893432155148,90.8,0.2859444638272066,14.943757057189941
109.74050274316642,14.929613150704924,91.0,0.28295361900825355,14.943757057189941
112.72656715394318,14.930322053883579,91.2,0.28004568274303665,14.944878578186035
115.74212721155399,15.077800288053849,91.4,-2.711978285386465,14.945430755615234
118.7281784772333,14.930256328397384,91.6,0.30358177222439053,14.945430755615234
121.71437065116812,14.930960869673925,91.8,0.300436260559934,14.945978164672852
124.70070259206472,14.931659704482778,92.0,0.2973095868384803,14.946520805358887
127.71653799294661,15.079177004409289,92.2,-2.695240308202415,14.947586059570312
130.7028503518543,14.931561794538213,92.4,0.3205950926794685,14.947586059570312
133.68930088865227,14.932252683990708,92.6,0.3172834281496648,14.948633193969727
136.6758886801794,14.932938957635514,92.8,0.3139878711976394,14.948633193969727
139.6626112490426,14.933612844315737,93.0,0.310768533818532,14.949146270751953
142.6494682782002,14.934285145787772,93.2,0.307561903462954,14.949658393859863
145.66583077889976,15.081812503497604,93.4,-2.6857446415982054,14.950663566589355
148.65265851774106,14.934138694207364,93.6,0.3306178591013804,14.950663566589355
151.69907536422141,15.23208423240162,93.8,-2.722471394244792,15.099226951599121
154.71568243271173,15.083035342451424,94.0,0.3239454522355345,15.099226951599121
157.70200586128857,14.931617142884031,94.2,0.3507453918196006,14.94914722442627
160.68846715611988,14.932306474156324,94.4,0.34713962117768915,14.94965648651123
163.70443906858418,15.0798595623223,94.6,-2.6761036738347457,14.949159622192383
166.69087361864283,14.932172750292965,94.8,0.33986823862954907,14.949159622192383
169.73729033120716,15.232083562821485,95.0,0.27710845275072415,15.096364974975586
172.75352188397937,15.0811577638609,95.2,0.30423805594006126,15.096364974975586
175.76922664260925,15.078523793149209,95.4,0.3017928508997443,14.945313453674316
178.75500628461708,14.928898210040014,95.6,0.3284229024984029,14.945313453674316
181.74093011554493,14.929619154639058,95.8,0.3250057671624518,14.945863723754883
184.72699558885873,14.930327366568752,96.0,0.3216717855902971,14.946405410766602
187.71320212828033,14.931032697107833,96.2,0.3183573760915692,14.946945190429688
190.7289275530921,15.078627124058656,96.4,-2.6745620610493006,14.947999000549316
193.71511704257608,14.930947447420873,96.6,0.3411633637624618,14.947999000549316
196.73121052485436,15.080467411391215,96.8,0.30818781418395247,15.095871925354004
199.7173775695167,14.930835223311592,97.0,0.3347793433372317,15.095505714416504
202.73305409337738,15.078382619303106,97.2,-2.6875985338754163,14.947147369384766
205.71920396393892,14.93074935280758,97.4,0.3280779899852746,14.947147369384766
208.73488013673165,15.078380863964496,97.6,-2.6649591511719564,14.948200225830078
211.72101444894255,14.930671561054268,97.8,0.3507170216207669,14.948200225830078
214.7370701066353,15.080278288463406,98.0,0.31762525961295296,15.09615421295166
217.75297803344557,15.079539634051264,98.2,0.31463794855568494,15.095266342163086
220.73893060397225,14.929762852633216,98.4,0.34116599255344227,14.94681453704834
223.72502521080852,14.930473034182294,98.6,0.33767764511134146,14.94735050201416
226.74065243892576,15.07813614058596,98.8,-2.6554757949273267,14.948397636413574
229.78620308066328,15.227753208687393,99.0,-2.6594408519663943,15.097829818725586
232.80190986408542,15.078533917110375,99.2,0.38610978977118293,15.097829818725586
235.81716854530683,15.07629340610688,99.4,0.3827736044432868,15.095422744750977
238.83228793806214,15.07559696377746,99.6,0.3791113872271694,15.09454345703125
241.81744726997468,14.925796659562547,99.8,0.4050340026387289,14.946037292480469
244.8027560855108,14.926544077680349,100.0,0.40087448689502025,14.946577072143555
247.81802893575843,15.07636425123805,100.2,0.3672013688374136,15.09471607208252
250.803332921239,14.926519927402532,100.4,0.3932774417413043,14.946173667907715
253.78878498709463,14.927260329279093,100.6,0.38920154440933175,14.946710586547852
256.80420540868937,15.077102107973506,100.8,0.35567167667124977,15.094878196716309
259.7896492124852,14.927219018979002,101.0,0.38183428576599,15.095694541931152
262.8053077862487,15.078292868817483,101.2,0.3481740856555575,15.095694541931152
265.8208204537017,15.077563337264653,101.4,0.3448507258253244,15.094799041748047
268.80609158878104,14.926355675397536,101.6,0.37141075655955547,15.094447135925293
271.82160468986876,15.077565505438416,101.8,0.33776099320141384,15.094447135925293
274.8068645687568,14.926299394440063,102.0,0.3643824927266337,14.944510459899902
277.82166277723496,15.073991042390736,102.2,-2.6589025502603363,14.944092750549316
280.80692387261365,14.926305476893248,102.4,0.35589565821783253,14.944092750549316
283.8522373172243,15.226567223054246,102.6,0.29293898015902187,15.241209983825684
286.8672989542839,15.075308185297901,102.8,0.3200029130509279,15.091302871704102
289.88149704902565,15.07099047370847,103.0,-2.6416200202019695,14.941898345947266
292.895571912308,15.070374316411463,103.2,-2.615886280928976,14.942483901977539
295.8800889100279,14.922584988599175,103.4,0.3981885823533844,14.942483901977539
298.8647619328219,14.923365113970954,103.6,0.3941191542920137,14.943060874938965
301.84958953577177,14.924138014749065,103.8,0.39002264583604074,15.091830253601074
304.8643923090658,15.074013866469857,104.0,0.35647866675464,15.091830253601074
307.84922387955373,14.924157852439306,104.2,0.38263397911117636,14.943280220031738
310.864040670588,15.074083955171197,104.4,0.34915500272410327,15.091534614562988
313.8488767215471,14.924180254796312,104.6,0.37538536797711686,14.94350814819336
316.8338649302443,14.924941043485916,104.8,0.37151292284244164,14.94350814819336
319.8490985064285,15.07616788092072,105.0,0.3378854088834373,15.093055725097656
322.86389883795977,15.074001657656146,105.2,0.3349915436613742,15.090744972229004
325.8785639098142,15.07332535927206,105.4,0.3317865040988863,15.089908599853516
328.8930935887122,15.072648394490779,105.6,0.3286903454845742,15.08907699584961
331.87763285125124,14.922696312694908,105.8,0.3551218798513105,14.940444946289062
334.89243902346226,15.074030861054785,106.0,0.32159473614035505,15.090105056762695
337.90683247999925,15.071967282684634,106.2,0.31882278335137926,15.087903022766113
340.89123080076695,14.9219916038382,106.4,0.34536223598212246,14.939252853393555
343.90564611598626,15.072076576097407,106.6,0.3122434669060681,15.08768367767334
346.89005782658853,14.922058553011018,106.8,0.3388658133753779,14.938995361328125
349.8746260287992,14.922841011052979,107.0,0.3353624849151515,14.939602851867676
352.85934999813634,14.923619846685575,107.2,0.3318935777508045,14.940208435058594
355.84422768217894,14.924388420212741,107.4,0.328458367400458,14.940805435180664
358.85864582073043,15.072090692758387,107.6,-2.663348518869441,14.941985130310059
361.872939131263,15.071466552662761,107.8,-2.6374557709429496,14.9425687789917
364.8576862944326,14.9237358158476,108.0,0.37683753958964417,14.9425687789917
367.8425874189382,14.92450562252791,108.2,0.3729372418217167,14.943143844604492
370.8276398613016,14.925262211816694,108.4,0.36912987023356436,14.944273948669434
373.8422579223495,15.07309030524042,108.6,-2.623661925684303,14.944836616516113
376.82731767496057,14.925298763055164,108.8,0.3909561353636377,14.944836616516113
379.84236187060975,15.07522097824574,109.0,0.3574001653184382,15.093083381652832
382.82742001505665,14.92529072223415,109.2,0.38355275940512,14.944458961486816
385.8126294278708,14.926047064070326,109.4,0.3795972319770158,14.94501781463623
388.8280598129934,15.077151925614064,109.6,0.34594678150989466,15.094442367553711
391.84309831675773,15.075192518821545,109.8,0.34288351428875785,15.092329978942871
394.82814744418965,14.925245637159469,110.0,0.3692135219593524,14.943697929382324
397.8133474408092,14.925999983097572,110.2,0.3654320829850235,14.944820404052734
400.7986969129874,14.926747360890921,110.4,0.36161840772956566,14.944820404052734
403.81426924361506,15.077861653139296,110.6,0.32810801662651556,15.094261169433594
406.8294432444799,15.07587000432387,110.8,0.3253087652229283,14.943500518798828
409.81462705583374,14.92591905676902,111.0,0.35177426999399586,14.943500518798828
412.7999609680924,14.92666956129332,111.2,0.3481275149416092,14.944068908691406
415.78544336706284,14.927411994851974,111.4,0.3445087904815409,15.092912673950195
418.80091254334485,15.077345881411048,111.6,0.3114365019519596,15.092912673950195
421.8458329849184,15.224602207867346,111.8,-2.6806626811410297,15.093689918518066
424.86093000119894,15.075485081402446,112.0,0.36425776043250835,15.093689918518066
427.84580005189986,14.924350253504391,112.2,0.3905852454630576,14.943869590759277
430.8308233632224,14.925116556612535,112.4,0.38656369460147744,14.944435119628906
433.8458377493507,15.07507193064247,112.6,0.3530323184240274,15.092716217041016
436.86028409350985,15.072231720795356,112.8,-2.6096754634164085,14.944631576538086
439.8451649091438,14.924404078169626,113.0,0.40477088074271705,14.944631576538086
442.86026915212733,15.075521214917238,113.2,0.3707918330954385,14.944231033325195
445.8745811660716,15.071560069721087,113.4,-2.59188712704605,14.944791793823242
448.8887675052083,15.070931695684463,113.6,-2.566649820133023,14.945344924926758
451.9028286679596,15.070305813756406,113.8,-2.541660258340073,14.945890426635742
454.88728625518274,14.922287936115287,114.0,0.47240090441124494,14.945890426635742
457.8719004576484,14.923071012328062,114.2,0.4676006791343639,14.946434020996094
460.8867401828355,15.074198625935518,114.4,0.433049842537514,15.095837593078613
463.87135725195367,14.923085345591536,114.6,0.45869279038089417,14.946003913879395
466.85612881554164,14.92385781793965,114.8,0.45399101184278834,14.946541786193848
469.8708722635612,15.073717240097563,115.0,0.4198416769932578,15.094696998596191
472.8854799556557,15.073038460472391,115.2,0.4157862968878021,15.093815803527832
475.87010958201705,14.923148131806723,115.4,0.44138031710730274,14.945202827453613
478.85489385530104,14.923921366420743,115.6,0.4368742012811708,14.945751190185547
481.8699006360077,15.07503390353311,115.8,0.40261550581516303,15.09515380859375
484.85468466865757,14.923920163249177,116.0,0.4285475794905551,14.945334434509277
487.8697026416805,15.075089865114254,116.2,0.3943496785466891,15.094797134399414
490.8839347037941,15.071160310567988,116.4,-2.568720727336654,14.945476531982422
493.86857784201266,14.923215691093414,116.6,0.4455113347769952,14.945476531982422
496.8533759090911,14.923990335391801,116.8,0.44095769565177534,14.946023941040039
499.8681459414166,15.073850161627641,117.0,0.4069569346052049,15.094186782836914
502.85294854955987,14.92401304071599,117.2,0.4325912247432484,14.945629119873047
505.8379043462037,14.924778983218879,117.4,0.42813602038648924,14.946172714233398
508.8530876754282,15.075916646123453,117.6,0.3939878131240562,15.095605850219727
511.8975129874927,15.22212656032227,117.8,-2.657723388901445,15.092283248901367
514.9121045444483,15.072957784778174,118.0,0.3867019231630593,15.092283248901367
517.8964595833673,14.92177519459469,118.2,0.4127680894936816,14.942401885986328
520.9110702555266,15.073053360795983,118.4,0.3787515463814657,15.091981887817383
523.9252558810892,15.0709281278139,118.6,0.3754178826032444,15.089690208435059
526.9094720465488,14.921080827297574,118.8,0.4013832933221124,14.941139221191406
529.8938474723612,14.921877129062139,119.0,0.39725717362540536,14.941729545593262
532.8783812163457,14.922668719921981,119.2,0.39316824396911443,14.942317008972168
535.8630712012699,14.923449924621124,119.4,0.38911556217232146,14.942895889282227
538.8479153705956,14.924220846629114,119.6,0.3850970510027878,14.943466186523438
541.8630209996412,15.075528145227922,119.8,0.3513254976722351,15.093087196350098
544.8478624374945,14.92420718926636,120.0,0.37784470093657774,14.943090438842773
547.8328567788135,14.924971706594599,120.2,0.3739166075399112,14.943658828735352
550.8180027258538,14.925729735201317,120.4,0.3700803824526133,14.944225311279297
553.8032980773957,14.926476757710077,120.6,0.3662736927742003,14.944782257080078
556.7887423707812,14.927221466927396,120.8,0.3624943372847724,14.945338249206543
559.8041395247907,15.07698577004719,121.0,0.32926187285778497,14.94495964050293
562.8490640738827,15.224622745459804,121.2,-2.663214508288945,15.094523429870605
565.8641535122399,15.07544719178608,121.4,0.3817100408030569,15.094523429870605
568.8489877879875,14.92417137873893,121.6,0.40784684244152913,14.944552421569824
571.8634136801224,15.072129460674143,121.8,-2.5854682958733406,14.945661544799805
574.8777116089349,15.071489644061865,122.0,-2.5602391810821814,14.946203231811523
577.8624147856818,14.92351588373486,122.2,0.4540587477302438,14.946203231811523
580.847272780857,14.92428997587563,122.4,0.4493820416647054,14.946743965148926
583.8617462421547,15.072367306489406,122.6,-2.544763869410133,14.947806358337402
586.8466138692131,14.924338135291707,122.8,0.4697095918875789,14.947806358337402
589.8316338975108,14.925100141488198,123.0,0.46489216035223535,14.948328018188477
592.8168052267353,14.9258566461222,123.2,0.4601660948998756,14.948848724365234
595.8021260413568,14.926604073107711,123.4,0.45546926006187505,14.949361801147461
598.8170606783192,15.074673184812655,123.6,-2.5392514292228157,14.950370788574219
601.8023815885452,14.926604551129847,123.8,0.4756832077395643,14.950370788574219
604.8179286712577,15.077735413562161,124.0,0.441045621871865,15.099773406982422
607.8032383351635,14.926548319529088,124.2,0.4666024702093523,14.949861526489258
610.8184473243999,15.076044946181455,124.4,0.43238088411516173,15.097650527954102
613.8332193526492,15.073860141247208,124.6,-2.5322685250859536,14.949885368347168
616.8183751321855,14.925778897681239,124.8,0.4825035031632865,14.949885368347168
619.8036801172706,14.926524925425587,125.0,0.4775469780120716,14.950384140014648
622.789132630782,14.927262567556916,125.2,0.4727396584096937,14.950881958007812
625.7747334481734,14.928004086957,125.4,0.4678357266085982,14.95137882232666
628.8203011078809,15.227838298538856,125.6,0.4038759971249988,15.248021125793457
631.8356727114083,15.076858017636301,125.8,0.4297903365200568,15.098334312438965
634.8208009616145,14.925641251030717,126.0,0.45553791660989873,14.948402404785156
637.8060791291085,14.926390837469707,126.2,0.45079800275362913,14.948915481567383
640.7915064826569,14.927136767741757,126.4,0.4462080061851452,15.09724235534668
643.8068350253319,15.076642713375668,126.6,0.41222618004604783,15.09724235534668
646.792251487492,14.927082310800278,126.8,0.4376865586585268,14.948952674865723
649.7778148069826,14.927816597453397,127.0,0.4332348567560871,14.949464797973633
652.7635243566322,14.92854774824717,127.2,0.428807941871753,14.94997501373291
655.7493783710743,14.929270072210217,127.4,0.4244051868337806,14.950477600097656
658.7654659396768,15.080437843013481,127.6,0.3903617403383919,14.949963569641113
661.7512964688534,14.929152645883052,127.8,0.41645907456592113,15.099493026733398
664.7673742344301,15.080388827883597,128.0,0.3822700724925312,15.099493026733398
667.7832996392663,15.079627024181326,128.2,0.3786945177567418,15.098552703857422
670.7689465627249,14.928234617291622,128.4,0.4048738288428808,14.948467254638672
673.7844668894467,15.07760163360998,128.6,0.37135571323898375,15.096160888671875
676.7700998817027,14.928164961278815,128.8,0.39725201652328224,14.948017120361328
679.7558782727715,14.928891955344858,129.0,0.393138915029283,14.948538780212402
682.7712271407638,15.076744339962168,129.2,-2.600696951714383,14.949563980102539
685.7569957924445,14.92884325840229,129.4,0.41465191627793274,14.949563980102539
688.772644649864,15.078244287098254,129.6,0.38088931795863346,14.949100494384766
691.7583990703031,14.928772102193946,129.8,0.40679208162811165,14.949100494384766
694.744297441272,14.92949185484558,130.0,0.402556267692205,14.94960880279541
697.759771843788,15.07737201258075,130.2,-2.5916479004013695,14.950614929199219
700.7456591005013,14.929436283564835,130.4,0.42382650211465034,14.950614929199219
703.7316891240636,14.930150117812502,130.6,0.419479383827877,14.951111793518066
706.7178605650392,14.930857204877363,130.8,0.41515296207768415,14.9520902633667
709.7041712502495,14.931553426052048,131.0,0.4109679577408656,14.9520902633667
712.6906207024826,14.93224726116641,131.2,0.4066780570136075,14.952569961547852
715.6772063933984,14.932928454577509,131.4,0.4025269233092672,14.953043937683105
718.694022959924,15.084082832629438,131.6,0.36860480172498455,15.10250473022461
721.6805724097272,14.932747249014504,131.8,0.3949428526256611,14.952484130859375
724.6672572943739,14.933424423234325,132.0,0.39089171649135324,14.952959060668945
727.6841797232704,15.084612144483446,132.2,0.3570687886380597,15.102458000183105
730.7009415450739,15.083809109015977,132.4,0.3537275456595239,15.10148811340332
733.687415637632,14.932370462791082,132.6,0.3802549924629943,14.951859474182129
736.6740255822511,14.933049723094529,132.8,0.3763726397085634,14.951859474182129
739.6607708609669,14.933726393579398,133.0,0.3725040687027672,14.952342987060547
742.6476511516998,14.934401453665725,133.2,0.36864876148098347,14.952825546264648
745.6643694889021,15.08359168601004,133.4,0.33550952096396713,15.100360870361328
748.6806235085725,15.081270098352567,133.6,-2.628851243396241,14.952774047851562
751.6673062272763,14.93341359351768,133.8,0.3874027762740866,14.952774047851562
754.6541226709948,14.934082218593016,134.0,0.3834849090404191,14.9532470703125
757.6704940939808,15.081857114931042,134.2,-2.6112660300536277,14.954182624816895
760.6867203880752,15.081131470470606,134.4,-2.5858614039426016,14.954645156860352
763.6733484255644,14.933140187447314,134.6,0.43036489015179313,14.955095291137695
766.6601110165391,14.933812954871872,134.8,0.4259040604535471,14.955095291137695
769.6767127919071,15.083008876840815,135.0,0.3921588389281965,15.102606773376465
772.6634420168031,14.933646124480601,135.2,0.41791588773372723,14.954529762268066
775.6503045247705,14.93431253983608,135.4,0.41367831575468017,14.954984664916992
778.6670147893195,15.083551322745874,135.6,0.3800330112221104,15.102543830871582
781.6538413607589,14.9341328571952,135.8,0.40577647889614354,14.954410552978516
784.6408015827217,14.934801109814877,136.0,0.40163625346048093,14.954872131347656
787.6278938150841,14.935461161813237,136.2,0.39750760823579867,14.955326080322266
790.6448387999687,15.084724924421693,136.4,0.36409202809824137,14.954744338989258
793.6318889427702,14.935250714008104,136.6,0.3900702161078584,14.954744338989258
796.6190700111199,14.93590534174742,136.8,0.38603149172178064,14.95519733428955
799.6357825000499,15.083562444650802,137.0,-2.638262049303478,14.95462703704834
802.6229252088108,14.935713543805164,137.2,0.37845043962653335,14.95462703704834
805.6101968940806,14.936358426347365,137.4,0.3746263515124042,14.95508098602295
808.6276515083589,15.087273071392472,137.6,0.34102401334467913,15.104317665100098
811.6449421447966,15.086453182187087,137.8,0.33784874481051475,15.103339195251465
814.6620705578233,15.08564206513454,138.0,0.33463156874819333,15.102367401123047
817.6489393557123,14.934343989445809,138.2,0.36128146614993284,14.952400207519531
820.6359409814827,14.935008128850672,138.4,0.3575496781014067,14.95287799835205
823.6528071986634,15.084331085904525,138.6,0.32440970230931043,15.100545883178711
826.6397704046955,14.93481603015911,138.8,0.3507974038649877,14.952831268310547
829.6268652328716,14.935474140881972,139.0,0.34728209427208867,14.952831268310547
832.6140901376178,14.936124523731998,139.2,0.3436542661982571,14.953300476074219
835.6014436298404,14.936767461111646,139.4,0.3401565146944563,14.953768730163574
838.6190018597038,15.087791149317434,139.6,0.3068801241045662,15.103130340576172
841.6661085845094,15.235533624026772,139.8,0.2746336664678779,15.249261856079102
844.6830242751003,15.084578452954963,140.0,0.30172086002352216,15.09965991973877
847.6997816167534,15.08378670826681,140.2,0.29886115998937157,15.098725318908691
850.7160293379139,15.081238605801518,140.4,0.29645346258001837,15.096056938171387
853.7317351882556,15.078529251709165,140.6,-2.6665468631344424,14.948274612426758
856.7178999390666,14.93082375405349,140.8,0.34915898720720406,14.948274612426758
859.7042038384226,14.931519496780805,141.0,0.3455776442681895,14.94879150390625
862.6906465258916,14.93221343734553,141.2,0.3420133795617062,14.949307441711426
865.6772247087009,14.932890914045728,141.4,0.33858790296818597,14.949813842773438
868.663939472877,14.933573820881316,141.6,0.33505378109003914,14.95032024383545
871.6805498623277,15.08305194725169,141.8,0.3021152249536385,15.098153114318848
874.6672312291228,14.93340683397657,142.0,0.32873538002928626,14.949837684631348
877.6540465479624,14.934076594199054,142.2,0.3254265124493827,14.950342178344727
880.6707658532719,15.083596526546431,142.4,0.2925885109764863,15.098221778869629
883.6575462583364,14.933902025323713,142.6,0.3193175819109797,14.949862480163574
886.6742423797814,15.083480607223684,142.8,0.28656673697554425,14.949394226074219
889.6609883036645,14.933729619416155,143.0,0.31339469435800993,14.949394226074219
892.677940749222,15.084762227788753,143.2,0.2803652276160733,15.098776817321777
895.6646462382303,14.933527445039884,143.4,0.3075715794236089,14.948901176452637
898.6514877315288,14.934207466493724,143.6,0.3042868340568816,14.949417114257812
901.6685433921481,15.085278303094642,143.8,0.2713529367304659,15.09884262084961
904.6553428492083,14.933997285301839,144.0,0.2986625035997008,14.948925971984863
907.6720556982928,15.083564245423004,144.2,0.2660527809724158,15.096863746643066
910.7182512640891,15.230977828980189,144.4,-2.726511713693128,15.097932815551758
913.7346420772657,15.081954065884132,144.6,0.3196838521031964,15.097932815551758
916.7505665262497,15.079622244918992,144.8,0.3170316965297957,15.095468521118164
919.7365425152864,14.92987994518438,145.0,0.34357626270133323,14.947052001953125
922.7821192628246,15.227883737692222,145.2,-2.7088998966995064,15.095657348632812
925.7978852355585,15.078829863668226,145.4,0.3366768508387281,14.945639610290527
928.7833816844138,14.927482244277382,145.6,0.36330708138513046,14.945639610290527
931.8285214497223,15.225698826541194,145.8,-2.6891603369470545,15.094390869140625
934.843841332178,15.076599412279382,146.0,0.3559794283614224,15.094390869140625
937.8582982725679,15.072284701950524,146.2,-2.6064838923078355,14.944833755493164
940.8431875551419,14.924446412868317,146.4,0.4079730480820558,14.944833755493164
943.8579890877637,15.074007663109967,146.6,0.3743076431559871,15.092714309692383
946.8428789324188,14.924449223274141,146.8,0.40021757421533266,14.944449424743652
949.8580678852288,15.075944764050845,147.0,0.36618652043290467,15.094245910644531
952.8727262236557,15.073291692135173,147.2,0.3631869966804402,15.091443061828613
955.8574651685049,14.923694724244328,147.4,0.3891978741698381,14.943144798278809
958.8725110923538,15.075229619245526,147.6,0.35526006120647935,15.092985153198242
961.8870120428675,15.072504752567486,147.8,0.35236164911788137,14.941871643066406
964.8716035845615,14.922957708471046,148.0,0.3784592793190882,14.941871643066406
967.8563507573027,14.923735863706685,148.2,0.37452543038813246,14.942453384399414
970.8714197814344,15.07534512065726,148.4,0.34083998594184095,15.09238052368164
973.8561666738744,14.923734462201397,148.6,0.3675056897610034,14.94210147857666
976.9006334517024,15.222333889138708,148.8,-2.6548274959239393,15.092625617980957
979.9152641531012,15.073153506995004,149.0,0.38963928190406705,14.942319869995117
982.899571856216,14.921538515574664,149.2,0.4158666629903678,14.942319869995117
985.8840390402523,14.922335920180426,149.4,0.41152690516759094,14.943472862243652
988.8686623979753,14.923116788615918,149.6,0.4073466282664526,14.944040298461914
991.8534418553734,14.923897286989373,149.8,0.40307838442691946,14.944601058959961
994.8383745202516,14.924663324391704,150.0,0.39896624026249583,14.944601058959961
997.8234591293957,14.925423045721146,150.2,0.3948852332657111,14.945157051086426
1000.8086938599561,14.926173652800541,150.4,0.390834100222321,14.94570541381836
1003.7940776701809,14.926919051124978,150.6,0.3868110182826854,14.946249961853027
1006.7796085750088,14.927654524138106,150.8,0.38281494569497454,14.947320938110352
1009.7652849160878,14.928381705396166,151.0,0.3789659677103714,14.947320938110352
1012.7511071079911,14.929110959517322,151.2,0.3750182853519277,14.948375701904297
1015.737071788036,14.929823400223592,151.4,0.37121645381768076,14.948375701904297
1018.7231784465682,14.930533292662036,151.6,0.36731296980013894,14.948890686035156
1021.7094252853254,14.931234193784949,151.8,0.36355146426984675,14.949403762817383
1024.6958115522643,14.931931334695298,152.0,0.3598080686520575,15.099601745605469
1027.7124700901695,15.083292689527,152.2,0.32629687465345114,15.099601745605469
1030.6988231534508,14.931765316404785,152.4,0.3530872484961378,14.94941234588623
1033.6853134423427,14.932451444460636,152.6,0.3494500774024232,14.94991683959961
1036.6719404249277,14.933134912923812,152.8,0.34582806160682367,14.950419425964355
1039.6587021645694,14.933808698209775,153.0,0.3423427395043177,15.100594520568848
1042.6757324226319,15.085151290312972,153.2,0.3089628775834967,15.100594520568848
1045.69184796102,15.080577691938702,153.4,-2.6542314737289985,14.950897216796875
1048.6784101426508,14.932810908155895,153.6,0.3618840646590229,14.950897216796875
1051.6651086369804,14.933492471646781,153.8,0.3580898009774387,14.95138931274414
1054.6519403670065,14.934158650131776,154.0,0.3544318499945689,14.951872825622559
1057.638905031425,14.9348233220942,154.2,0.3507850643956658,14.95235538482666
1060.6260021411886,14.935485548815537,154.4,0.3471491428767308,14.953309059143066
1063.642627526538,15.083126926748461,154.6,-2.6470769895473154,14.953780174255371
1066.6296897587713,14.935311161165089,154.8,0.3695483958021555,14.953780174255371
1069.6462947763237,15.083025087763145,155.0,-2.625200895402088,14.954699516296387
1072.6333226358709,14.935139297737065,155.2,0.3914041221502771,14.954699516296387
1075.6204820245166,14.935796943227754,155.4,0.3873431145099744,14.955154418945312
1078.6077716301752,14.936448028293736,155.6,0.38341363596822475,14.955609321594238
1081.5951883209216,14.93708345373031,155.8,0.37949230412681345,14.956048965454102
1084.6124084851663,15.086100821224807,156.0,0.3462791120606994,15.103407859802246
1087.5997789743872,14.936852446105808,156.2,0.37241040911789014,14.955464363098145
1090.58727707934,14.93749052476282,156.4,0.3685699608387836,14.955910682678223
1093.5749012198498,14.93812070254907,156.6,0.36473505797920325,14.95634937286377
1096.5626510919476,14.93874936048726,156.8,0.3610261906764549,14.956792831420898
1099.579909093968,15.086290010102342,157.0,-2.6633088981632795,14.956186294555664
1102.567608339191,14.938496226116595,157.2,0.35394910385701905,14.956186294555664
1105.5554312335871,14.939114471979071,157.4,0.3503153412677307,14.956623077392578
1108.5433765430726,14.939726547428268,157.6,0.3468052278512346,14.957059860229492
1111.5314441491798,14.940338030535534,157.8,0.34317338889917437,14.957489967346191
1114.5196326405203,14.94094245670365,158.0,0.33966384656895343,14.957919120788574
1117.537628464,15.089979117398553,158.2,0.3068562441594054,15.105317115783691
1120.5257536679794,14.940626019895811,158.4,0.3333969895140285,14.957289695739746
1123.5436811274994,15.089637297600566,158.6,0.3005260997435357,15.104659080505371
1126.5317435239094,14.94031198204901,158.8,0.3271205514510598,14.95666217803955
1129.5492852380225,15.087708570566383,159.0,-2.6971461537014534,14.956028938293457
1132.5372881659491,14.940014639634057,159.2,0.3203955604116686,14.956028938293457
1135.5547709725377,15.087414032941911,159.4,-2.7034423319742587,14.95544147491455
1138.5427198947377,14.93974461100128,159.6,0.31404047461427353,14.95544147491455
1141.56087494205,15.090775236560903,159.8,0.2809933030643492,15.10482120513916
1144.5487597542706,14.939424061103301,160.0,0.3081815535016972,14.954828262329102
1147.536766147171,14.940031964503106,160.2,0.30509956884719713,14.955282211303711
1150.5248951550784,14.940645039536317,160.4,0.3018950242475853,14.955735206604004
1153.513142692532,14.94123768726946,160.6,0.29881309465503136,14.95617389678955
1156.5015089862113,14.94183146839533,160.8,0.2957276242961484,14.956613540649414
1159.5193308563862,15.089109350875336,161.0,-2.72786897264956,14.956001281738281
1162.507632396056,14.941507698349175,161.2,0.2899528975253247,14.956001281738281
1165.5257440898067,15.090558468753354,161.4,0.25750248407001664,15.10343074798584
1168.5433404273278,15.087981687606788,161.6,-2.7065635565541584,14.955863952636719
1171.5314038926492,14.940317326605818,161.8,0.3110327809669684,14.955863952636719
1174.5195883323581,14.940922198545278,162.0,0.3077632384758431,14.956305503845215
1177.5078923477547,14.941520076983773,162.2,0.30461467037224566,14.956746101379395
1180.4963144384874,14.942110453661746,162.4,0.30146360764382507,14.957606315612793
1183.4848522810412,14.942689212769428,162.6,0.29843062025150857,14.957606315612793
1186.5031774525364,15.091625857474437,162.8,0.2659723690553051,14.956976890563965
1189.4916452428447,14.942338951541682,163.0,0.2928424624255399,14.956976890563965
1192.480228902111,14.942918296333154,163.2,0.2898551746088174,14.957406997680664
1195.4990095635908,15.093903307397705,163.4,0.25707652918771373,15.106754302978516
1198.487516407652,14.942534220307062,163.6,0.2845241828549092,14.956756591796875
1201.4761393040742,14.94311448210955,163.8,0.28157594879115777,14.957189559936523
1204.4648770937226,14.943688948243203,164.0,0.27874376708831505,14.957622528076172
1207.4834053986685,15.092641524730714,164.2,0.24648546298675456,15.104963302612305
1210.4720702589675,14.943324301493282,164.4,0.27355868980765763,14.956998825073242
1213.4905417460636,15.092357435480965,164.6,0.24134952666912568,14.956388473510742
1216.4791352056598,14.942967297979136,164.8,0.26848800595274724,14.956388473510742
1219.4678453051154,14.943550497279324,165.0,0.2657484577363789,14.95683479309082
1222.4863730360612,15.092638654729807,165.2,0.23358453375448107,15.104315757751465
1225.5043501317946,15.08988547866519,165.4,-2.7304316806121847,14.956658363342285
1228.4928071425475,14.94228505376535,165.6,0.28754541512120113,14.957098007202148
1231.4813820382287,14.942874478404843,165.8,0.28454734774908275,14.957098007202148
1234.4700721155546,14.943450386630108,166.0,0.2816671653053504,14.95753002166748
1237.4588762994163,14.944020919309402,166.2,0.278780094193678,14.957956314086914
1240.477849627363,15.094866639731807,166.4,0.24609990305538076,15.107169151306152
1243.4665732120181,14.943617923276527,166.6,0.27361815287707714,14.957295417785645
1246.4847592323526,15.090930101671242,166.8,-2.7208125593427326,14.958149909973145
1249.4734163559947,14.943285618211327,167.0,0.2973734609917642,14.958149909973145
1252.4621883695206,14.943860067630133,167.2,0.2943313658838065,14.958572387695312
1255.4807701350423,15.092908827607515,167.4,0.26186314503473795,15.105998992919922
1258.4694681828757,14.943490239168009,167.6,0.2888677621189686,14.957929611206055
1261.4582799502534,14.944058836887619,167.8,0.2858665912023639,14.958348274230957
1264.477524138757,15.09622094251833,168.0,0.2529498429550472,14.960712432861328
1267.4668672915695,14.946715764063978,168.2,0.28000653145858223,14.960712432861328
1270.4557063387492,14.94419523589712,168.4,0.27777253583366246,14.958080291748047
1273.4446578891532,14.944757752020742,168.6,0.27491236426334353,14.958499908447266
1276.4337208944225,14.9453150263457,168.8,0.2720426256047972,14.958913803100586
1279.422892715384,14.945859104808425,169.0,0.2692843418116695,14.959320068359375
1282.4121750107784,14.94641147697294,169.2,0.2665128033981432,14.959733963012695
1285.4015665617492,14.946957754853386,169.4,0.26372966910497553,14.9601411819458
1288.4207717943252,15.096026162881527,169.6,0.23163684507579774,15.107605934143066
1291.4393928022355,15.093105039550318,169.8,-2.762219445785661,14.958402633666992
1294.428509875076,14.94558536420389,170.0,0.2564015621246085,14.958402633666992
1297.4470477237512,15.092689243376974,170.2,-2.767176677534792,14.957756996154785
1300.4360860405243,14.945191583864263,170.4,0.2513611711403314,14.958172798156738
1303.4252328901412,14.945734248085115,170.6,0.24882233947590748,14.958172798156738
1306.4144911540582,14.9462913195833,170.8,0.2461479000302802,14.958596229553223
1309.4038569732859,14.94682909613981,171.0,0.24370694519728886,14.959423065185547
1312.3933307594998,14.947368931069898,171.2,0.24112940505000324,14.959423065185547
1315.4129355461298,15.098023933148838,171.4,0.20887467563892415,15.108466148376465
1318.4616444278956,15.243544408830532,171.6,-2.814245147106078,15.106432914733887
1321.4805868030426,15.094711875733934,171.8,0.23446373465975512,15.106432914733887
1324.4692825135253,14.943478552414739,172.0,0.26207310199419,14.956579208374023
1327.458092011098,14.944047487864689,172.2,0.2593137343519061,14.957010269165039
1330.4767236881971,15.09315838549417,172.4,0.22724920848708052,15.10451889038086
1333.4654565689887,14.94366440395824,172.6,0.25466994808624577,14.956395149230957
1336.4543043923313,14.944239116711563,172.8,0.25194775075277676,14.956833839416504
1339.4729875656114,15.093415866401866,173.0,0.2199215506579435,15.104410171508789
1342.4910914366076,15.090519354981312,173.2,-2.7439392213744327,14.9566650390625
1345.4796834846486,14.942960240204048,173.4,0.27416464962169584,14.9566650390625
1348.4984395207991,15.09378018075331,173.6,0.24163853360022358,15.105859756469727
1351.5170184359054,15.092894575530119,173.8,0.23939847600075836,15.104862213134766
1354.53469140406,15.08836484077342,174.0,-2.7240782729555235,14.955432891845703
1357.5228428787605,14.940757373503647,174.2,0.29359469519903314,14.955432891845703
1360.5111141859222,14.941356535807618,174.4,0.2905352323995771,14.955879211425781
1363.4995038225688,14.941948183233645,174.6,0.2874735317488444,14.956317901611328
1366.4880119420457,14.942540597382708,174.8,0.28453016058296043,14.95676326751709
1369.505990193074,15.089891255142721,175.0,-2.7098718761902205,14.957619667053223
1372.5238076153628,15.089087111445057,175.2,-2.6834707735993675,14.958044052124023
1375.5120742046054,14.941332946211485,175.4,0.33434664868940445,14.958044052124023
1378.5004588147956,14.941923050951958,175.6,0.33091401918198926,14.958462715148926
1381.5190129234,15.092770543020007,175.8,0.29769218405971287,15.107650756835938
1384.5073271638214,14.94157120210804,176.0,0.32466914422656146,14.957798957824707
1387.4957596392505,14.942162377146147,176.2,0.321406236210521,14.958227157592773
1390.5140051327342,15.091227467416738,176.4,0.2887205475771566,15.105659484863281
1393.5023691653387,14.941820163023083,176.6,0.3153888926232753,14.957584381103516
1396.4908497930307,14.94240313845864,176.8,0.31217577679029773,14.958006858825684
1399.4794485970322,14.942994020007575,177.0,0.30895718573236763,14.958436965942383
1402.497534138173,15.090427705705531,177.2,-2.6860865883912197,14.95926284790039
1405.486067937489,14.942668996578716,177.4,0.3319989527496432,14.95926284790039
1408.504079926396,15.09005994453501,177.6,-2.692772911996883,14.95858383178711
1411.4925454482973,14.942327609506178,177.8,0.32523907691000886,14.95858383178711
1414.4811274624276,14.942910070652102,178.0,0.3218833097488982,14.958998680114746
1417.4698246900912,14.94348613831899,178.2,0.3185219645042139,14.959406852722168
1420.458634645872,14.944049778903167,178.4,0.3152758327927927,14.959808349609375
1423.4776072868356,15.094863204818429,178.6,0.28235727294867274,15.108977317810059
1426.466335812734,14.94364262949093,178.8,0.3095086248496841,14.959525108337402
1429.455178853969,14.944215206176144,179.0,0.3062937913732071,14.959525108337402
1432.4735052804017,15.091632132163522,179.2,-2.6889940267668067,14.960331916809082
1435.4622795298953,14.943871247466834,179.4,0.32933239966581596,14.960331916809082
1438.451167908927,14.944441895159017,179.6,0.32604121947196063,14.960738182067871
1441.4401677115286,14.944999013007498,179.8,0.322620028191011,14.961124420166016
1444.4292781317731,14.94555210122298,180.0,0.31943233079272204,14.961518287658691
1447.4184991690609,14.94610518643923,180.2,0.31611111041223694,14.961905479431152
1450.407828383856,14.94664607397496,180.4,0.3129005070749713,14.962285995483398
1453.3972672507412,14.947194334426564,180.6,0.30967601093260555,14.963042259216309
1456.3868122704635,14.94772509861026,180.8,0.3064390965677717,14.963042259216309
1459.3764637182546,14.948257238957163,181.0,0.3033083350400716,14.963418006896973
1462.366219196243,14.948777389943444,181.2,0.3002840015812467,14.963787078857422
1465.3560791511711,14.949299774639055,181.4,0.29711955769465703,14.964151382446289
1468.3460399849737,14.949804169013442,181.6,0.2941816610602359,14.964509010314941
1471.3661255623604,15.100427886931728,181.8,0.26143741673780596,15.113496780395508
1474.3853163094363,15.095953735381157,182.0,-2.7334916543130134,14.962584495544434
1477.3749769946935,14.948303426286834,182.2,0.2856990927629681,14.962584495544434
1480.3647418116996,14.948824085028768,182.4,0.2826839967701176,14.9629545211792
1483.3846600187192,15.09959103509834,182.6,0.2501099465886796,15.11103343963623
1486.4043891002284,15.09864540754527,182.8,0.2478113567332798,15.11103343963623
1489.4234754754323,15.095431876020081,183.0,0.24593399293001994,15.107726097106934
1492.4127440564155,14.946342904916763,183.2,0.2730770087588894,14.959993362426758
1495.4021214568347,14.946887002095336,183.4,0.27028016005459676,14.960397720336914
1498.3916064743817,14.947425087735905,183.6,0.2674700604738405,14.960795402526855
1501.3811965081827,14.947950169004452,183.8,0.26476757802078055,14.961185455322266
1504.3708907753728,14.948471335950922,184.0,0.26204804150933114,15.11086654663086
1507.3907692325574,15.099392285924042,184.2,0.22952551182441994,15.11086654663086
1510.4099976943799,15.096142309110395,184.4,0.2279195940090517,15.107536315917969
1513.3993996696381,14.947009876292482,184.6,0.2552046964564738,14.95976734161377
1516.418995788,15.097980591808815,184.8,0.2227560857772346,15.109116554260254
1519.4083054254836,14.946548187418479,185.0,0.2505309150766948,14.95907211303711
1522.3977251164401,14.947098454783916,185.2,0.2478971931852243,14.959490776062012
1525.3872501373787,14.947625104692063,185.4,0.24537352476676233,14.959891319274902
1528.3768818003248,14.948158314730728,185.6,0.24283311601783453,14.960297584533691
1531.3666189246421,14.948685621585144,185.8,0.2402772789639016,14.960697174072266
1534.3863952939505,15.098881846543042,186.0,-2.7550930185937546,14.964509963989258
1537.3766510711678,14.951278886086824,186.2,0.2646833507146198,14.964509963989258
1540.3663919792848,14.948704540583709,186.4,0.2626295576193911,14.961833000183105
1543.3562370239847,14.949225223500843,186.6,0.2599388251114192,14.962599754333496
1546.3461852404541,14.94974108234574,186.8,0.25723015887382417,14.962599754333496
1549.336234262876,14.950245112109254,187.0,0.25462466440575326,14.962973594665527
1552.3564522669915,15.101090020578965,187.2,0.22221274932752522,14.9622220993042
1555.346397216422,14.949724747151372,187.4,0.24999911281810228,14.9622220993042
1558.3364428146704,14.950227991242212,187.6,0.2473903513111395,14.962594985961914
1561.3558948406735,15.097260130014687,187.8,-2.776846277003017,14.96187973022461
1564.3458452050888,14.949751822077756,188.0,0.24260574900011989,14.96187973022461
1567.3659686464202,15.100617206657708,188.2,0.21033931654045546,15.111132621765137
1570.3558148526718,14.949231031256053,188.4,0.23827525787186232,14.961142539978027
1573.3457627356117,14.949739414700435,188.6,0.23581189381087597,14.961527824401855
1576.335814025231,14.950256448095452,188.8,0.23332813612586278,14.961920738220215
1579.3560412108918,15.101135928305338,189.0,0.20116262887012226,15.11119270324707
1582.3459863742714,14.94972581689927,189.2,0.2290802442184372,14.961177825927734
1585.336033180004,14.950234028661317,189.4,0.22671583728555333,14.961567878723145
1588.3267921053362,14.953794626661388,189.6,0.22384272114317127,14.964984893798828
1591.3170319752746,14.951199349691237,189.8,0.22217000585027336,14.962306022644043
1594.3073718384737,14.951699315996736,190.0,0.21985616485125092,14.963055610656738
1597.2978081011381,14.952181313322646,190.2,0.21752024680034765,14.963055610656738
1600.288341135101,14.952665169813825,190.4,0.21528072821473643,14.963427543640137
1603.2789723378623,14.953156013806785,190.6,0.21301591061518366,14.963805198669434
1606.2997656925618,15.103966773495689,190.8,0.18106410556396213,15.113018989562988
1609.319891744424,15.100630259311576,191.0,0.18000687432589757,15.10962963104248
1612.3398325904977,15.09970423036995,191.2,0.1784044105631324,15.108623504638672
1615.3299397314595,14.950535704807477,191.4,0.20615775663685554,14.961235046386719
1618.3201474702196,14.951038693801827,191.6,0.20395532728610988,14.961235046386719
1621.3104561365524,14.951543331663094,191.8,0.20185349573370104,14.961634635925293
1624.300862318016,14.952030907318935,192.0,0.19973052144149506,14.962016105651855
1627.2913661844295,14.952519332068208,192.2,0.19770506228013573,14.962403297424316
1630.2819641650185,14.952989902943257,192.4,0.1956552177561548,14.96277141571045
1633.3027170599717,15.103764474766564,192.6,0.16391433115762766,15.111959457397461
1636.2931991156859,14.9524102785698,192.8,0.19223558548577557,14.962020874023438
1639.3134113392048,15.10106111759511,193.0,0.1609891255749858,15.109109878540039
1642.3037855621706,14.95187111482925,193.2,0.18876970846889662,14.961308479309082
1645.3243232012373,15.10268819533273,193.4,0.15717127518468033,15.110546112060547
1648.3145851280096,14.95130963386257,193.6,0.1855214142514683,14.96058464050293
1651.304946221865,14.951805469275348,193.8,0.18359584102375948,14.960984230041504
1654.324688058717,15.098709184259615,194.0,-2.810662205745814,14.961763381958008
1657.314950243403,14.951310923431073,194.2,0.20907963110602168,14.961763381958008
1660.3053100257416,14.951798911691684,194.4,0.20691017516713828,14.962142944335938
1663.32541086996,15.100504221092766,194.6,0.17529730125573906,15.109268188476562
1666.3156676326535,14.951283813465595,194.8,0.2032106454741438,14.961442947387695
1669.306021284779,14.951768260628501,195.0,0.20103576754257801,14.96181869506836
1672.355802466623,15.24890590922044,195.2,-2.8232590178318446,15.111377716064453
1675.4046985354298,15.244480344033216,195.4,-2.7952063516129897,15.10824966430664
1678.423812115215,15.095567898927055,195.6,0.25368971719393585,15.10824966430664
1681.4424365713917,15.093122280882348,195.8,-2.7113275623958657,14.960783004760742
1684.4315211703229,14.945422994657237,196.0,0.3072968937808014,14.960783004760742
1687.42071573351,14.94597281593674,196.2,0.304193992711987,14.961567878723145
1690.4100206484127,14.946524574512729,196.4,0.300956915274071,14.961567878723145
1693.399433477977,14.947064147822093,196.6,0.29783018955180296,14.96195125579834
1696.388954288985,14.947604055037749,196.8,0.294811378491147,14.962340354919434
1699.4082370037618,15.096413573885538,197.0,0.2623595332490254,15.109528541564941
1702.427341067044,15.095520316411188,197.2,0.26015787302588933,15.108525276184082
1705.4165788838584,14.946189084071209,197.4,0.2870744363080462,14.960538864135742
1708.405925137691,14.946731269163205,197.6,0.2841247531225122,14.961321830749512
1711.395377410379,14.947261363439365,197.8,0.2812835069550488,14.961715698242188
1714.3849382269327,14.947804082769332,198.0,0.2783041390181893,14.961715698242188
1717.4042850300632,15.096734015653539,198.2,0.24613643994683798,15.109038352966309
1720.393754176495,14.947345732157281,198.4,0.27329574307731264,14.961007118225098
1723.3833311272847,14.947884753950317,198.6,0.27033324888401467,14.961398124694824
1726.4023603390042,15.09514605859566,198.8,-2.7249530815761887,14.962173461914062
1729.3918551175232,14.947473892596205,199.0,0.2940761301433099,14.962173461914062
1732.3814564871518,14.94800684814434,199.2,0.2911392680372842,14.962926864624023
1735.3711620080487,14.94852760448361,199.4,0.2880648564159287,14.962926864624023
1738.3906563998262,15.097471958887871,199.6,0.2557977210628337,15.110259056091309
1741.380268772946,14.948061865598289,199.8,0.2828604722153045,14.962201118469238
1744.3699846566903,14.948579418723003,200.0,0.2800412047101304,14.962577819824219
1747.3598069826037,14.949111629567446,200.2,0.2770813072044689,14.96296215057373
1750.3794259954545,15.098095064252838,200.4,0.2449309768678063,15.110339164733887
1753.369152001373,14.94863002959379,200.6,0.2721183490936596,14.96223258972168
1756.3589835866596,14.949157926431875,200.8,0.26916857376221515,14.962613105773926
1759.3489163033878,14.949663583641724,201.0,0.2665685184237532,14.963358879089355
1762.3389504366053,14.950170666087836,201.2,0.2638254539019158,14.963358879089355
1765.3590760567572,15.100628100757797,201.4,0.23139864961939338,15.11219596862793
1768.3787053440658,15.098146436543667,201.6,0.22955161352132336,15.10962200164795
1771.3684380675802,14.948663617570555,201.8,0.25674926020491284,15.110421180725098
1774.3882775875832,15.099197600015867,202.0,0.2245093274693204,15.110421180725098
1777.4076212340658,15.096718232414547,202.2,0.22286447247228125,15.10785961151123
1780.4267881037838,15.095834348588495,202.4,0.22072374395492034,15.106868743896484
1783.4160330024206,14.946224493184763,202.6,0.24819139492291242,14.95863151550293
1786.4053853989612,14.94676198270174,202.8,0.24573707480971052,14.959046363830566
1789.3948457056456,14.947301533422406,203.0,0.2431461119753635,14.959456443786621
1792.4144213135492,15.09787803951838,203.2,0.21087790303471365,15.108420372009277
1795.403787802372,14.94683244411318,203.4,0.23875429218827549,14.958767890930176
1798.4232852231448,15.09748710386453,203.6,0.2063922653862278,15.107805252075195
1801.442598457944,15.096566173995146,203.8,0.20464945178395055,15.106797218322754
1804.4316760453137,14.945387936848885,204.0,0.2325076084582065,14.957011222839355
1807.420864751441,14.94594353063781,204.2,0.23013011770279945,14.95744800567627
1810.4398835999093,15.095094242339451,204.4,0.19832273008017864,15.105009078979492
1813.4289894073497,14.945529037202803,204.6,0.22588650042342806,14.95682144165039
1816.447941298649,15.09475945649541,204.8,0.19424035473883805,14.956223487854004
1819.436966547672,14.945126245115281,205.0,0.2219813085382043,14.956223487854004
1822.4261026767751,14.945680645516408,205.2,0.2195514794361202,14.956656455993652
1825.4153499130841,14.94623618154321,205.4,0.2172325304142646,14.957096099853516
1828.4047035223102,14.946768046131583,205.6,0.2150246885982483,14.957517623901367
1831.3941660261269,14.947312519081896,205.8,0.21267907907434846,14.957944869995117
1834.3837323701,14.947831719866302,206.0,0.21068650476598805,14.958364486694336
1837.4034282971008,15.09847963500522,206.2,0.17876847373912597,15.107417106628418
1840.3929003228184,14.947360128586803,206.4,0.20676518198996519,14.957696914672852
1843.4117552799082,15.094274785449691,206.6,-2.8162139641675026,14.957072257995605
1846.4604542603365,15.243494902140537,206.8,-2.8185992414526595,15.106182098388672
1849.479390088633,15.094679141482535,207.0,0.23009973897563896,15.106182098388672
1852.4681005985867,14.943552549769535,207.2,0.2578246297720739,14.956878662109375
1855.4569260834821,14.94412742447591,207.4,0.25508006160083596,14.957310676574707
1858.445864250276,14.944690833969595,207.6,0.25245046837125074,14.957310676574707
1861.4649529472908,15.095443485073485,207.8,0.2201484007900376,15.106449127197266
1864.483858911626,15.09452982167617,208.0,0.21824100405495983,15.105440139770508
1867.4725198132764,14.94330450825351,208.2,0.24593603089005,14.955598831176758
1870.4906016738514,15.090409302874104,208.4,-2.777121817459431,14.955016136169434
1873.4791957668976,14.94297046523223,208.6,0.24096004311553543,14.955016136169434
1876.4679041724069,14.94354202754448,208.8,0.23858733928676656,14.955469131469727
1879.4567268530602,14.944113403268078,209.0,0.23608480729598114,14.955915451049805
1882.4753753548607,15.093242509003074,209.2,0.2041555348243378,14.95531177520752
1885.4641197527792,14.943721989591156,209.4,0.2318372397498365,14.95531177520752
1888.5123391276743,15.241096874476641,209.6,-2.7916253935816826,15.105031967163086
1891.530780144288,15.092205083067503,209.8,0.25659398131341504,15.105031967163086
1894.5189684396255,14.94094147668792,210.0,0.2840682010520936,14.955141067504883
1897.5072777270598,14.941546437172256,210.2,0.28104555888961613,14.955595016479492
1900.4957050815049,14.942136772223714,210.4,0.2781439088238926,14.956040382385254
1903.4842479885078,14.94271453501579,210.6,0.27536032576898606,14.9564790725708
1906.4729063982782,14.943292048850129,210.8,0.27244815464695193,14.956911087036133
1909.4913935112493,15.092435564855997,211.0,0.24011047066727542,15.104438781738281
1912.479982717751,14.942946032509862,211.2,0.2673866461383909,14.95631217956543
1915.4686833814949,14.94350331871779,211.4,0.2647649151401197,14.956738471984863
1918.4575004527287,14.944085356170481,211.6,0.2620105007590041,14.957182884216309
1921.446431584362,14.944655658165242,211.8,0.25912835324282923,14.957609176635742
1924.464810958313,15.091896869755717,212.0,-2.735094811998863,14.958453178405762
1927.4830259005728,15.091074711300353,212.2,-2.70841465679797,14.958870887756348
1930.4717030660047,14.943385827158085,212.4,0.30980028546190397,14.958870887756348
1933.4604954505726,14.943961922840588,212.6,0.30653409151881306,14.959283828735352
1936.4494003779198,14.944524636734977,212.8,0.30338311671170004,14.959689140319824
1939.4681020377402,15.093508299102464,213.0,0.27080366905892106,15.10704517364502
1942.4569287889155,14.944133755877345,213.2,0.2978061101293292,14.959019660949707
1945.4458675504188,14.944693807515131,213.4,0.2946895019296676,14.959424018859863
1948.4946411461092,15.243867978452604,213.6,0.232602872807945,15.106024742126465
1951.5132453188228,15.093020863566808,213.8,0.26013623412330844,15.106024742126465
1954.5309761898577,15.088654355175006,214.0,-2.703925608788097,14.956659317016602
1957.5191710302854,14.94097420213951,214.2,0.3138052622468308,14.956659317016602
1960.507484462762,14.941567162382295,214.4,0.31054502454952626,14.9570894241333
1963.525966394047,15.092409656424824,214.6,0.27761822265114233,15.106287002563477
1966.5142089201936,14.941212630732302,214.8,0.30488921643603817,14.956452369689941
1969.531939355067,15.088652174367287,215.0,-2.689778413667284,14.957315444946289
1972.5495106372366,15.087856410848941,215.2,-2.6635030569189553,14.957743644714355
1975.5375201627696,14.940047627663642,215.4,0.3540682252507281,14.957743644714355
1978.55536204672,15.089209419751892,215.6,0.32108165703374425,15.105257987976074
1981.5433133203426,14.939756368111924,215.8,0.34746846285901256,14.957122802734375
1984.561090491669,15.088885856632155,216.0,0.3144236427316969,15.104601860046387
1987.5489817338448,14.93945621087988,216.2,0.3409898765580124,14.956499099731445
1990.5667149774674,15.088666218112241,216.4,0.308129165608932,14.955901145935059
1993.5839434106904,15.086142166115625,216.6,-2.656803606393453,14.956341743469238
1996.571609071018,14.938328301636252,216.8,0.36042482682950094,14.956341743469238
1999.5888047973272,15.085978631546999,217.0,-2.6345755284679058,14.957215309143066
2002.5764235232482,14.9380936296063,217.2,0.3826201978412769,14.957215309143066
2005.6236128121618,15.235946444566428,217.4,-2.642700529362685,15.106803894042969
2008.6409309078945,15.086590478664094,217.6,0.40448875955092944,15.105793952941895
2011.658086173312,15.085776327086354,217.8,0.40056662090859163,15.105793952941895
2014.6450041106932,14.93458968690639,218.0,0.42675508945120555,14.955914497375488
2017.6320556480666,14.93525768686777,218.2,0.42221794870732765,14.956356048583984
2020.6192381607582,14.935912563456435,218.4,0.41805854858074554,14.956803321838379
2023.60654896523,14.93655402236034,218.6,0.4137859831473065,14.957231521606445
2026.5939901732131,14.93720603991402,218.8,0.40939756886922396,14.957664489746094
2029.610969078266,15.084894525264778,219.0,-2.615856535647765,14.957005500793457
2032.5983611046884,14.936960132113125,219.2,0.40112236940507273,14.957005500793457
2035.6155823889983,15.086106421547877,219.4,0.36751830207748526,15.104474067687988
2038.602927781086,14.936726960438955,219.6,0.39352864888741124,14.956393241882324
2041.6198038851494,15.084380520315456,219.8,-2.6313329902748706,14.955768585205078
2044.6071040801996,14.936500975252542,220.0,0.3855431137885148,14.955768585205078
2047.5945331613084,14.937145405545117,220.2,0.3816323713387533,14.956217765808105
2050.611797896004,15.08632367347714,220.4,0.3483094993225109,15.103732109069824
2053.59918092701,14.9369151550284,220.6,0.374363296518311,14.9556245803833
2056.6164110019154,15.086150374526737,220.8,0.34123851502403113,15.103205680847168
2059.603746926865,14.936679624749095,221.0,0.3672576524294868,14.955034255981445
2062.6212748091925,15.08763941163968,221.2,0.33384162425403474,15.104325294494629
2065.6386378675547,15.086815291809335,221.4,0.3306175534566478,15.103340148925781
2068.6554745214926,15.084183269691122,221.6,0.32796108056885487,15.10057544708252
2071.7018842008274,15.232048396672571,221.8,-2.666188593618301,15.101810455322266
2074.718445912237,15.08280855704682,222.0,0.3802210857165278,15.101810455322266
2077.734850654553,15.082023711582531,222.2,0.37676326587592257,15.100852966308594
2080.7504236113473,15.077864783968476,222.4,-2.5873007418077236,14.951311111450195
2083.7364057279824,14.92991058317667,222.6,0.4282722149864071,14.951311111450195
2086.722529090732,14.930616813748504,222.8,0.42401995662152103,14.951805114746094
2089.7087932023815,14.931320558247569,223.0,0.4196648037463433,14.952291488647461
2092.6951977615113,14.932022795649809,223.2,0.4152062591455774,14.952771186828613
2095.7111776658594,15.079899521738769,223.4,-2.579590353599599,14.953706741333008
2098.69755788665,14.931901103954806,223.6,0.4363895507485154,14.953706741333008
2101.714170709335,15.08306411342518,223.8,0.40201781841409456,14.953129768371582
2104.760057537787,15.229434142260875,224.0,-2.5925998276507585,15.102632522583008
2107.775412873062,15.076776676376088,224.2,-2.5371915148239736,14.952570915222168
2110.7611490588283,14.92868092883077,224.4,0.4781638204512433,14.952570915222168
2113.7470273559247,14.92939148548251,224.6,0.4734214905924432,14.953513145446777
2116.733047640121,14.930101420981371,224.8,0.46857713143884894,14.953513145446777
2119.7192116958913,14.930820278852275,225.0,0.4636306187603054,14.953985214233398
2122.7650655236966,15.229269139027663,225.2,-2.5616799348445625,15.103915214538574
2125.780391001372,15.076627388377556,225.4,-2.5067929039142314,14.953848838806152
2128.766079822508,14.928444105678919,225.6,0.5085325737613289,14.953848838806152
2131.8117005248305,15.228103511611787,225.8,0.44417256677201067,15.250297546386719
2134.8271810296037,15.077402523866745,226.0,0.46977373784460497,15.100873947143555
2137.842127416492,15.074731934441978,226.2,0.46547885199282746,15.097989082336426
2140.827189425853,14.925310046801364,226.4,0.49067914513119604,14.949824333190918
2143.842146289645,15.074784318961818,226.6,0.4562099044919137,15.097579002380371
2146.8272090687947,14.925313895746633,226.8,0.4811765339090357,14.94935417175293
2149.812424006573,14.9260746888928,227.0,0.47624907868379296,14.949869155883789
2152.797785772379,14.926808829030552,227.2,0.4714737820872301,14.95036506652832
2155.90339871698,15.223592865691398,227.404,-2.5531742177318506,15.098637580871582
2158.857099692085,15.069902934209061,227.6,-2.437551507505816,14.950383186340332
2161.842019413382,14.924598606484501,227.8,0.5161494675989502,14.950383186340332
2164.886923214848,15.224519007331077,228.0,0.45175278264599683,15.247091293334961
2167.9016322786056,15.073545318788566,228.2,0.47712533411225877,15.097383499145508
2170.915889054618,15.071283880062044,228.4,0.4727914291196953,15.094905853271484
2173.9002117899677,14.921613676749187,228.6,0.49779039263233926,14.94648265838623
2176.914791352832,15.072897814320127,228.8,0.4628260186067905,15.096022605895996
2179.899125403442,14.921670253052058,229.0,0.4881477689709186,14.94605827331543
2182.8836157686987,14.922451826284458,229.2,0.48322400708133273,14.94659423828125
2185.8682640901316,14.923241607162788,229.4,0.4782124192128663,14.947134017944336
2188.88285447897,15.072951944192559,229.6,0.44406191252068083,15.09514045715332
2191.897312877049,15.072291990393353,229.8,0.4396093326089954,15.094258308410645
2194.9116366836192,15.07161903285308,230.0,0.43551304318810935,15.09338092803955
2197.896000369502,14.921818429414728,230.2,0.4608231778833556,14.944843292236328
2200.880521656054,14.922606432759432,230.4,0.4561731918910823,14.945399284362793
2203.8950227760333,15.07250559989769,230.6,0.421895650318163,15.093587875366211
2206.8795549181996,14.922660710830085,230.8,0.44738309842244917,14.945014953613281
2209.8642433668715,14.923442243361427,231.0,0.4429015687136939,14.945572853088379
2212.8490851857823,14.924209094555563,231.2,0.43833220488562574,14.946111679077148
2215.863536716711,15.072257654642513,231.4,-2.5555857418285655,14.947189331054688
2218.848389142913,14.924262131011591,231.6,0.4588657891003436,14.94771671295166
2221.833393443988,14.925021505373293,231.8,0.45421626217734,14.94771671295166
2224.8486163945304,15.076114752713812,232.0,0.41968931325203584,15.097086906433105
2227.8636977640545,15.07540684762132,232.2,0.41562515441950154,15.096176147460938
2230.878640344767,15.07471290356234,232.4,0.4116635551935701,15.095284461975098
2233.863332572123,14.923461136781269,232.6,0.4375924640311837,14.945326805114746
2236.878284844897,15.074761363868612,232.8,0.40324172263711944,15.0949125289917
2239.893098137916,15.074066465095482,233.0,0.39939516728594526,15.094025611877441
2242.907772546804,15.073372044441914,233.2,0.39565377280490566,15.093144416809082
2245.922308314969,15.072678840824516,233.4,0.39177349419327356,15.092257499694824
2248.9065498101627,14.92120747596911,233.6,0.4180280123582065,14.942096710205078
2251.890950227833,14.922002088348997,233.8,0.41374411692680724,14.94267749786377
2254.90565819614,15.073539841535228,234.0,0.37958984709706556,15.092510223388672
2257.890067434396,14.922046191281527,234.2,0.40577242477905884,14.942323684692383
2260.874632017344,14.922822914740646,234.4,0.4016562724099799,14.94289493560791
2263.8593535958394,14.92360789247657,234.6,0.3974513241082036,14.943470001220703
2266.844228505672,14.924374549161891,234.8,0.3934033713534859,14.944034576416016
2269.829256170812,14.925138325700077,235.0,0.38950874993628304,14.94460391998291
2272.814435746551,14.925897878696905,235.2,0.38527860257630664,14.945152282714844
2275.7997638517095,14.926640525791022,235.4,0.3814445064403458,14.945703506469727
2278.7852397255424,14.927379369164674,235.6,0.37751479909860564,14.946246147155762
2281.8006069583053,15.076836163813415,235.8,0.34419184480651666,15.094038963317871
2284.8154887115543,15.074408766246897,236.0,-2.618956547430628,14.946374893188477
2287.8008065056356,14.926588970408352,236.2,0.3959252058184006,14.946914672851562
2290.7862715947476,14.927325445559106,236.4,0.3919851873997118,14.946914672851562
2293.8314299094995,15.225791573761382,236.6,-2.631582926613248,15.09716796875
2296.846730105751,15.076500981255123,236.8,0.4135753881386677,15.09716796875
2299.8317355234813,14.925027088652927,237.0,0.4396177718899139,14.946993827819824
2302.8168928229175,14.92578649718246,237.2,0.4351212364953767,14.947528839111328
2305.802201400817,14.926542889497147,237.4,0.4305324421815726,14.9480562210083
2308.7876578415967,14.927282203900223,237.6,0.4260949263311318,14.94857406616211
2311.7732618153386,14.928019868709052,237.8,0.4218052733608033,14.949097633361816
2314.788723247534,15.07730716097869,238.0,0.3881221377277484,15.09670352935791
2317.7743129187547,14.927948356104553,238.2,0.41383747617322797,14.948628425598145
2320.7600495179518,14.92868299598325,238.4,0.4094369130188511,14.949143409729004
2323.7756365623295,15.077935221889003,238.6,0.3758864028408766,15.096720695495605
2326.761358386968,14.928609123191142,238.8,0.40172735346862964,14.948684692382812
