0.0,-50.0,0.0,418.8790204786391,0
-24.8,-100.0,0.248,431.07902028790426,-50.0
-40.0,-100.0,0.4,406.27902028790425,-50.0
-57.0,-85.0,0.6,396.53902032605123,-35.0
-74.0,-85.0,0.8,386.53902032605123,-35.0
-91.0,-85.0,1.0,376.53902032605123,-35.0
-108.0,-85.0,1.2,366.53902032605123,-35.0
-125.0,-85.0,1.4,356.53902032605123,-35.0
-142.0,-85.0,1.6,346.53902032605123,-35.0
-159.0,-85.0,1.8,336.53902032605123,-35.0
-176.0,-85.0,2.0,326.5390241407485,-35.0
-193.0,-85.0,2.2,316.5390241407485,-35.0
-209.99999999999997,-85.0,2.4,306.5390241407485,-35.0
-227.0,-85.0,2.6,296.53902414074855,-35.0
-243.99999999999997,-85.0,2.8,286.5390241407485,-35.0
-261.0,-85.0,3.0,276.53902414074855,-35.0
-278.0,-85.0,3.2,266.5390241407485,-35.0
-295.0,-85.0,3.4,256.5390241407485,-35.0
-312.0,-85.0,3.6,246.5390241407485,-35.0
-329.0,-85.0,3.8,243.5390241407485,-35.0
-346.0,-85.0,4.0,226.5390241407485,-35.0
-363.0,-85.0,4.2,216.5390241407485,-35.0
-380.0,-85.0,4.4,206.5390241407485,-35.0
-396.99999999999994,-85.0,4.6,196.5390241407485,-35.0
-413.99999999999994,-85.0,4.8,186.53902414074855,-35.0
-431.3399999999999,-84.99999999999999,5.004,183.53902414074855,-35.0
-447.99999999999994,-84.99999999999991,5.2,173.19902414074858,-35.0
-464.99999999999943,-84.99999999999747,5.4,156.53902414074855,-35.0
-481.99999999999847,-84.9999999999954,5.6,153.53902414074906,-35.0
-498.99999999997084,-84.99999999986184,5.8,136.53902414075003,-35.0
-515.9999999997667,-84.99999999897915,6.0,126.53902414077766,-35.0
-532.9999999982581,-84.9999999924569,6.2,116.53902414098178,-35.0
-549.9999999871109,-84.99999994426372,6.4,106.5390241424904,-35.0
-566.9999999047432,-84.99999958816153,6.6,96.53902415363763,-35.0
-583.9999992961237,-84.99999695690263,6.8,86.53902423600533,-35.0
-600.9999940360623,-84.9999736996927,7.0,76.53902484462475,-34.999996185302734
-617.999942354133,-84.99974159035364,7.2,73.53896906952997,-34.99978256225586
-634.9996533348004,-84.9985549033367,7.4,56.53902075145919,-34.99978256225586
-651.997256237717,-84.9880145145834,7.6,46.53872993680744,-34.99708557128906
-668.976509133903,-84.89626448092986,7.8,43.521321125687734,-34.91284942626953
-685.8605711589646,-84.4203101253079,8.0,26.542068229501695,-34.91284942626953
-702.0256672297029,-80.82548035369199,8.2,16.53038169272139,-34.361812591552734
-713.8451833915549,-59.09758080925974,8.4,6.480947243076855,-12.734940528869629
-713.6709229309847,0.8713023028508786,8.6,-2.791571848462638,-12.734940528869629
-706.820907323772,34.250078036063776,8.8,-4.914033800001846,11.483599662780762
-699.9677623612375,34.26572481267204,9.0,-4.062858524820342,15.0
-699.6878206623617,1.3997084943795262,9.2,2.7902864377140872,15.0
-696.7580476444259,14.648865089678875,9.4,0.07022813658994664,15.0
-688.011478608434,43.732845179959945,9.6,-2.9131458181305447,29.565629959106445
-692.9741153197605,-24.8131835566321,9.8,5.666858276455116,14.601502418518066
-687.8733262383005,25.503945407299845,10.0,-2.2160665208088517,14.601502418518066
-684.7580556216573,15.576353083216144,10.2,-0.11527743934885848,14.999991416931152
-681.7580487989516,15.000034113528216,10.4,-6.822705643116933e-06,15.0
-673.0114787011239,43.73285048913836,10.6,-2.913146972656193,29.565629959106445
-677.9741153441461,-24.81318321511065,10.8,5.666858183765214,0.8328753709793091
-672.87332623946,25.503945523430737,11.0,-2.216066545194451,14.601502418518066
-669.7580403648961,15.576429372819087,11.2,-0.11529269929741304,14.999991416931152
-663.8449079948155,29.565661850403146,11.4,-3.000006824733589,15.0
-663.678332393772,0.8328780052170668,11.6,2.9131255453471,15.0
-660.7580318525941,14.601502705890065,11.8,0.07970114639050507,15.0
-657.7580335401626,14.999991562157504,12.0,1.6875684991646267e-06,15.0
-654.7580335401626,15.000000000000284,12.2,-5.684341886080802e-14,15.0
-651.7580335401625,15.000000000000284,12.4,-5.684341886080802e-14,15.0
-648.7580335401626,14.999999999999716,12.6,5.684341886080802e-14,15.0
-645.7580335401625,15.000000000000284,12.8,-5.684341886080802e-14,15.0
-642.7580335401626,14.999999999999716,13.0,5.684341886080802e-14,15.0
-639.7580335401626,15.000000000000284,13.2,-5.684341886080802e-14,15.0
-636.7580335401625,15.000000000000284,13.4,-5.684341886080802e-14,15.0
-625.5365245364063,56.10754501878094,13.6,-5.913116455078068,29.565629959106445
-624.4836221446927,5.264511958567937,13.8,5.308392548678114,29.565629959106445
-629.8246463801347,-26.70512117721022,14.0,6.194714740196389,0.8328753709793091
-624.7492285986583,25.377088907382088,14.2,-2.1266103985659015,14.901481628417969
-616.0611833747398,43.44022611959241,14.4,-2.909316396386373,29.29062271118164
-620.9913992495009,-24.651079373805654,14.6,5.616756781633683,0.8099035620689392
-613.18869017506,39.01354537220466,14.8,-5.2333657093383295,14.999991416931152
-609.7582995821045,17.15195296477718,15.0,-0.4306566348973888,15.0
-609.6711822399191,0.4355867109271969,15.2,2.999733958058016,15.0
-606.7580313564542,14.565754417323792,15.4,0.08685130024349519,15.0
-603.7580335401626,14.99998908145841,15.6,2.1837083181708294e-06,15.0
-600.7580335401625,15.000000000000284,15.8,-5.684341886080802e-14,15.0
-597.7580335401626,14.999999999999716,16.0,5.684341886080802e-14,15.0
-594.7580335401626,15.000000000000284,16.2,-5.684341886080802e-14,15.0
-591.7580335401626,15.000000000000284,16.4,-5.684341886080802e-14,15.0
-583.0114915098621,43.73271015150151,16.6,-2.913116455078182,0.8328753709793091
-587.9741187139667,-24.813136020523324,16.8,5.6668453750269805,0.8328753709793091
-582.8733118663811,25.504034237928547,17.0,-2.2160851738041742,14.601502418518066
-579.7580403629861,15.576357516975202,17.2,-0.1152783262185153,14.999991416931152
-571.0114920576167,43.73274152684743,17.4,-2.9131232779016614,29.565629959106445
-575.974118858074,-24.81313400228645,17.6,5.666844827272428,0.8328753709793091
-568.1847153039961,38.947017770389714,17.8,-5.21608531791145,14.999991416931152
-567.7026991065807,2.4100809870768938,18.0,2.5733182361664717,14.999991416931152
-564.7580329754079,14.723330655863908,18.2,0.05533443358189061,15.0
-561.7580335401626,14.999997176226714,18.4,5.647546572618012e-07,15.0
-558.7580335401625,15.000000000000284,18.6,-5.684341886080802e-14,15.0
-550.0114915098624,43.73271015150099,18.8,-2.913116455078068,29.565629959106445
-554.9741187139668,-24.813136020522485,19.0,5.666845375026753,0.8328753709793091
-549.8733118663811,25.504034237929087,19.2,-2.216085173804288,14.601502418518066
-543.855054950083,30.09128458149062,19.4,-3.115270696823984,15.0
-543.6791513613972,0.8795179434284606,19.6,2.902986219474144,15.0
-540.758039533002,14.605559141976109,19.8,0.07888980815988589,15.0
-537.7580411695571,14.999991817224725,20.0,1.6365550550290209e-06,15.0
-534.7580411695571,15.000000000000284,20.2,-5.684341886080802e-14,15.0
-531.7580411695571,15.000000000000284,20.4,-5.684341886080802e-14,15.0
-523.0114921223703,43.732745235933606,20.6,-2.913124084472713,29.565629959106445
-527.9741188751099,-24.813133763697508,20.8,5.666844762518792,0.8328753709793091
-517.4067989150373,52.836599800363004,21.0,-5.135801216294965,29.200101852416992
-516.6353734290864,3.8571274297545894,21.2,2.351242254519832,15.401383399963379
-519.4943442632053,-14.294854170595013,21.4,3.0357918249433737,0.4343772828578949
-508.5392716385155,54.7753631234484,21.6,-5.656598808980277,29.167125701904297
-513.1086816537849,-22.847050076346527,21.8,5.138493041783761,0.7998979091644287
-507.88067683880894,26.14002407487978,22.0,-2.3506404842277675,14.598616600036621
-504.75804903373455,15.613139025371993,22.2,-0.12263566925184932,14.999991416931152
-498.84491571242086,29.565666606568655,22.4,-3.000007864177462,15.0
-495.7580433550189,15.434361787009541,22.6,-0.08687454286376806,15.0
-495.6711674795378,0.4343793774055591,22.8,2.999997814538176,15.0
-489.8377423773347,29.167125511015815,23.0,-2.9131263099807256,15.0
-489.67776279206885,0.7998979263292245,23.2,2.920298792222411,15.0
-486.7580394450567,14.598616735060983,23.4,0.0802783774882414,15.0
-480.8449148986948,29.56562273180883,23.6,-2.9999982754995926,15.0
-480.6783399649201,0.8328746688736963,23.8,2.9131262708622785,15.0
-477.7580394819849,14.601502414676139,24.0,0.07970120463699004,15.0
-474.7580411695571,14.99999156213903,24.2,1.6875721939868527e-06,15.0
-466.01148861392835,43.73276277814371,24.4,-2.913127899169922,29.565629959106445
-465.7707003208749,1.203941465267329,24.6,2.746552555628739,14.601502418518066
-465.7519368367984,0.0938174203825497,24.8,2.9873408486822086,14.601502418518066
-457.01100103581103,43.70467900493691,25.0,-2.907023566411226,29.565622329711914
-456.7706653078985,1.2016786395625108,25.2,2.7470401337460544,14.601502418518066
-456.7519338890524,0.0936570942306787,25.4,2.9873758616585633,14.601502418518066
-448.0110008000941,43.70466544479083,25.6,-2.9070206186652285,15.434357643127441
-447.60409601640566,2.034523918442124,25.8,2.7470422768116123,15.434357643127441
-450.49160494107076,-14.43754462332564,26.0,3.067071144972715,0.43437936902046204
-444.9110229153518,27.90291012859496,26.2,-2.7335656788623055,14.565642356872559
-441.7580552008409,15.764838572554675,26.4,-0.1529817457947047,14.99998950958252
-438.75804116955703,15.000070156418985,26.6,-1.4031283797066862e-05,15.0
-432.8449150450412,29.565630622579285,26.8,-2.999999999999943,15.0
-432.6783399766692,0.8328753418600492,27.0,2.913126124515884,15.0
-424.00525607308595,43.36541951791634,27.2,-2.833424798933379,29.565629959106445
-420.75808942113304,16.235833259764515,27.4,-0.24721490352885667,15.00001049041748
-420.6711692907028,0.434600652151353,27.6,2.9999517484240528,15.00001049041748
-423.4974195895466,-14.131251494219168,27.8,2.9999978706755996,0.43436938524246216
-417.9114372316681,27.9299117893926,28.0,-2.739380804175312,14.99998950958252
-414.7580550596902,15.766910859889734,28.2,-0.1533963005296073,14.99998950958252
-406.01149104474047,43.73282007474888,28.4,-2.9131403587915656,29.565629959106445
-410.97412069992345,-24.81314827591463,28.6,5.666848701171602,14.601502418518066
-405.87331741079083,25.504016445663154,28.8,-2.2160814377149904,14.601502418518066
-397.0210964446024,44.26110483094233,29.0,-3.028402233055033,0.8328746557235718
-401.97664511932715,-24.77774337362392,29.2,5.657244254983993,0.8328746557235718
-391.4073651790011,52.8463997016306,29.4,-5.138325553163611,29.200101852416992
-396.0780402441315,-23.353375325651676,29.6,5.270443370316741,0.8025510311126709
-390.87901630807744,25.995119680270335,29.8,-2.3200009819230445,14.598849296569824
-384.85557551067575,30.117203987008445,30.0,-3.1209751385203504,15.0
-384.6791928717721,0.8819131945181997,30.2,2.90246565888134,15.0
-376.00531929781494,43.3693678697861,30.4,-2.834279601384935,29.565629959106445
-380.9724962534742,-24.83588477829618,30.6,5.67302140177145,0.8328753709793091
-375.873242046565,25.496271034546247,30.8,-2.21445508391713,14.601502418518066
-372.7580479820961,15.575970322344531,31.0,-0.11520087700790782,14.999991416931152
-369.7580411695571,15.000034062695136,31.2,-6.812539027123421e-06,15.0
-366.7580411695571,15.0,31.4,0.0,29.565629959106445
-358.01148861392824,43.73276277814371,31.6,-2.913127899169922,29.565629959106445
-362.9741207631815,-24.81316074626617,31.8,5.6668520856581495,0.8328753709793091
-355.1847216203318,38.94699571424849,32.0,-5.216079593624386,14.999991416931152
-354.7027066527242,2.4100748380380015,32.2,2.573319549225289,14.999991416931152
-351.75804060479993,14.723330239621676,32.4,0.05533451683288604,15.0
-342.9030916331014,44.27474485849216,32.6,-3.031386764344404,29.565629959106445
-348.04721433536156,-25.720613511301302,32.8,5.766547742022112,0.29087650775909424
-337.43079433331144,53.08210001024989,33.0,-5.209590951449002,29.160104751586914
-342.0840861945744,-23.266459306314605,33.2,5.246955088198774,0.7993347644805908
-331.4323233359291,53.25881429322766,33.4,-5.245814312126697,29.197402954101562
-336.08388163391425,-23.257791489925573,33.6,5.245479491342849,14.598830223083496
-330.8793261285563,26.022777526790552,33.8,-2.3258404643571566,14.598830223083496
-327.75804883284343,15.606386478564026,34.0,-0.12128495899918335,14.999991416931152
-319.0114927376024,43.73278047620459,34.2,-2.913131747758996,29.565629959106445
-323.97411903696934,-24.813131496835243,34.4,5.666844147286724,0.8328753709793091
-318.8733191483863,25.503999442914868,34.6,-2.2160778674122525,14.601502418518066
-315.75804799233447,15.57635578025956,34.8,-0.11527797882922641,14.999991416931152
-312.75804116955703,15.000034113886898,35.0,-6.822777379511535e-06,15.0
-309.75804116955703,14.999999999999716,35.2,5.684341886080802e-14,15.0
-306.75804116955715,14.999999999999716,35.4,5.684341886080802e-14,15.0
-303.75804116955703,15.000000000000284,35.6,-5.684341886080802e-14,15.0
-300.75804116955715,14.999999999999716,35.8,5.684341886080802e-14,15.0
-292.0114921223703,43.732745235933606,36.0,-2.913124084472713,29.565629959106445
-296.9741188751099,-24.813133763697508,36.2,5.666844762518792,0.8328753709793091
-291.87331914069074,25.503998672096433,36.4,-2.2160777055528342,14.601502418518066
-283.02109833662234,44.26110402034135,36.6,-3.028402055606307,29.565622329711914
-287.9766428018515,-24.7777223261462,36.8,5.6572385482667755,0.8328746557235718
-282.87343200922464,25.516053963133796,37.0,-2.2186092616889255,14.601502418518066
-279.7580403789671,15.576958151287446,37.2,-0.11539846906208595,14.999991416931152
-271.0114920588998,43.732741600337505,37.4,-2.913123293882677,29.565629959106445
-275.9741188584116,-24.813133997558694,37.6,5.666844825989301,0.8328753709793091
-270.8733118732489,25.504034925813947,37.8,-2.2160853182490428,14.601502418518066
-264.85504801634386,30.091319284524687,38.0,-3.115278333086337,15.0
-264.67914378748486,0.8795211442950297,38.2,2.9029855238186997,15.0
-258.83837738450774,29.20383201488638,38.4,-2.9211102473223036,15.0
-255.7580352688853,15.401710578111963,38.6,-0.0803438443451796,15.0
-255.67115981138306,0.43437728751121796,38.8,2.9999982712772635,15.0
-252.7580313547621,14.565642283104644,39.0,0.08687372877949429,15.0
-249.7580335401625,14.999989072997835,39.2,2.185400433063478e-06,15.0
-243.84490741564676,29.565630622579285,39.4,-2.999999999999943,15.0
-235.01866414817178,44.131216337374326,39.6,-2.999990330562298,29.565629959106445
-234.35124744500555,3.3370835158311536,39.8,5.826252936912681,29.565629959106445
-239.7838195097387,-27.162860323665356,40.0,6.327089439883537,0.8328753709793091
-234.8649970596602,24.594112250392186,40.2,-2.025785969576134,14.601502418518066
-231.75803933589114,15.534788618845562,40.4,-0.10696351949763994,14.999991416931152
-228.75803354016256,15.000028978642774,40.6,-5.795728554858215e-06,15.0
-225.75803354016261,15.0,40.8,0.0,15.0
-219.84490741564656,29.565630622579807,41.0,-3.000000000000057,15.0
-219.67833234727465,0.8328753418595269,41.2,2.9131261245159976,15.0
-216.75803185259116,14.601502473417806,41.4,0.07970119288791011,15.0
-213.7580335401625,14.999991562143009,41.6,1.6875713981789886e-06,15.0
-210.75803354016261,14.999999999999716,41.8,5.684341886080802e-14,15.0
-207.7580335401625,15.000000000000284,42.0,-5.684341886080802e-14,15.0
-204.7580335401625,14.999999999999716,42.2,5.684341886080802e-14,15.0
-201.75803354016261,14.999999999999716,42.4,5.684341886080802e-14,29.565629959106445
-193.0114915098622,43.73271015150151,42.6,-2.913116455078182,29.565629959106445
-197.9741187139667,-24.813136020523118,42.8,5.666845375026924,0.8328753709793091
-192.87331186638093,25.504034237928547,43.0,-2.2160851738041742,14.601502418518066
-186.85504801571818,30.091319253313323,43.2,-3.1152783262184016,15.0
-183.7580365836536,15.485057160323311,43.4,-0.09701447555562481,15.0
-183.67115992295808,0.4343833034775102,43.6,2.9999969565089373,15.0
-177.83773475378607,29.16712584586074,43.8,-2.9131263827954967,15.0
-177.67775516314578,0.7998979532013788,44.0,2.9202987863764633,15.0
-174.75803181566212,14.598616737418128,44.2,0.08027837701678209,15.0
-171.75803354016264,14.999991377497679,44.4,1.7245004642063577e-06,15.0
-163.01149150986222,43.73271015150151,44.6,-2.913116455078182,0.8328753709793091
-167.9741187139667,-24.8131360205229,44.8,5.666845375026867,0.8328753709793091
-162.87331186638093,25.504034237928547,45.0,-2.2160851738041742,14.601502418518066
-159.75805561974772,15.576281233165854,45.2,-0.11526306742933912,14.999991416931152
-151.01147924872646,43.73288185510722,45.4,-2.913153793452352,29.565629959106445
-155.97411548821384,-24.813181197436485,45.6,5.666857636162661,0.8328753709793091
-148.18472628968348,38.94694599265256,45.8,-5.21606668926222,14.999991416931152
-147.70271409444473,2.4100609761937566,46.0,2.5733225092681664,14.999991416931152
-139.00711560368296,43.47799245380815,46.2,-2.8578122681493596,29.565629959106445
-143.97296674542147,-24.829255708693054,46.4,5.671221281206158,0.8328753709793091
-138.87327165637663,25.498475445223875,46.6,-2.214917946469825,14.999991416931152
-135.75805561440805,15.576080209843179,46.8,-0.11522285742501026,29.565629959106445
-127.01147924829749,43.73288183055219,47.0,-2.913153788112652,0.8328753709793091
-131.97411548810095,-24.81318119901694,47.2,5.666857636591601,0.8328753709793091
-126.87332624630442,25.503946208983233,47.4,-2.2160666891493292,14.601502418518066
-123.75805562165826,15.576353123230584,47.6,-0.11527744735280976,14.999991416931152
-120.60557142666458,15.762420974968729,47.8,-3.0797187367691663,0.8328753709793091
-120.51176052645573,0.46905450104427654,48.0,0.07276545822452363,0.8328753709793091
-114.90530396905346,28.032282787010914,48.2,-2.7537117275041396,14.601502418518066
-111.75806115828782,15.736214053828604,48.4,-0.1472551701018574,14.999991416931152
-105.8449237232905,29.56568717498613,48.6,-3.0000123593362105,15.0
-105.6783476902689,0.8328801651081044,48.8,2.913125075661128,15.0
-102.75804711138547,14.601502894416909,49.0,0.07970110868274105,15.0
-99.75804879895159,14.999991562169157,49.2,1.6875661685844534e-06,15.0
-91.0114787011241,43.73285048913836,49.4,-2.913146972656193,29.565629959106445
-95.97411534414614,-24.813183215109813,49.6,5.666858183764987,0.8328753709793091
-90.87332623946006,25.503945523431007,49.8,-2.216066545194508,14.601502418518066
-87.75805562165733,15.576353089013404,50.0,-0.11527744050846422,14.999991416931152
-84.75804879895159,15.0000341135285,50.2,-6.822705699960352e-06,15.0
-81.7580487989517,14.999999999999716,50.4,5.684341886080802e-14,15.0
-78.7580487989516,15.000000000000284,50.6,-5.684341886080802e-14,15.0
-75.75804879895168,15.0,50.8,0.0,15.0
-72.75804879895158,15.000000000000284,51.0,-5.684341886080802e-14,15.0
-69.75804879895159,14.999999999999716,51.2,5.684341886080802e-14,15.0
-61.011478701124105,43.73285048913836,51.4,-2.913146972656193,29.565629959106445
-65.97411534414614,-24.813183215109813,51.6,5.666858183764987,0.8328753709793091
-60.87332623946005,25.503945523431007,51.8,-2.216066545194508,14.601502418518066
-57.75805562165738,15.57635308901312,52.0,-0.11527744050840738,14.999991416931152
-54.75804879895158,15.000034113528784,52.2,-6.822705756803771e-06,15.0
-51.7580487989517,14.999999999999716,52.4,5.684341886080802e-14,15.0
-45.84492267443565,29.565630622579807,52.6,-3.000000000000057,15.0
-37.01865147920645,44.13135597614697,52.8,-3.0000208481403092,29.565629959106445
-36.35123289887008,3.3370929016817854,53.0,5.826250347088944,29.565629959106445
-41.78381494945185,-27.16291025290847,53.2,6.32710398601904,0.8328753709793091
-31.365588313163805,52.09113318144136,53.4,-4.94550492003151,29.200101852416992
-36.0682319642266,-23.513218255313642,53.6,5.312229772897183,0.8025510311126709
-30.878517889633923,25.94857037296393,53.8,-2.310183165274964,14.598849296569824
-24.85553688828879,30.11490500672523,54.0,-3.1204690906823203,15.0
-24.67919681354208,0.8817003737335192,54.2,2.902511910662838,15.0
-18.838395691135087,29.204005612035594,54.4,-2.9211480145904716,15.0
-18.677822489648868,0.8028660074310814,54.6,2.9196531078165435,15.0
-15.758047077804527,14.598877059222016,54.8,0.08022630930275909,15.0
-7.0114785629431875,43.732842574306076,55.0,-2.9131452515091496,29.565629959106445
-11.974115307792403,-24.81318372424573,55.2,5.666858321945938,14.601502418518066
-6.873326237731559,25.50394535030476,55.4,-2.216066508840811,14.601502418518066
-3.7580556216571566,15.576353080371794,55.6,-0.1152774387799127,14.999991416931152
-0.7580487989516911,15.000034113527647,55.8,-6.822705529430095e-06,15.0
2.2419512010484084,15.000000000000284,56.0,-5.684341886080802e-14,15.0
5.241951201048394,14.999999999999716,56.2,5.684341886080802e-14,15.0
8.24195120104833,15.0,56.4,0.0,15.0
11.24195120104843,15.000000000000284,56.6,-5.684341886080802e-14,15.0
14.241951201048309,14.999999999999716,56.8,5.684341886080802e-14,15.0
17.301951201048375,15.000000000000284,57.004,-5.684341886080802e-14,15.0
26.029865373908564,44.53017435132635,57.2,-3.0273107910156227,29.839677810668945
20.982434941081504,-25.237152164135836,57.4,5.639934436532087,14.26020622253418
26.05633827181457,25.369516653664974,57.6,-2.2595467775449833,14.26020622253418
29.241919016210723,15.927903721981092,57.8,-0.18561292923379824,14.999945640563965
37.98851871491996,43.73299849354558,58.0,-2.9131791574939143,29.565629959106445
33.02588397604596,-24.81317369436965,58.2,5.666855599809082,0.8328753709793091
38.126673728218265,25.503948760862073,58.4,-2.216067225002405,14.601502418518066
41.24194437833832,15.576353250600043,58.6,-0.11527747283008694,14.999991416931152
44.394428573335105,15.762420974984261,58.8,-3.079718736772577,0.8328753709793091
44.48823947354425,0.4690545010456975,59.0,0.07276545822423941,0.8328753709793091
50.09469603094651,28.032282787010914,59.2,-2.7537117275041396,14.999991416931152
56.14199553906069,30.236497540571555,59.4,-3.1472551701018574,15.0
56.320606603711184,0.8930553232524794,59.6,2.9000443380123215,15.0
59.24195282305884,14.60673109673858,59.8,0.07865540266283233,15.0
65.15507746321302,29.565623200770514,60.0,-2.9999983779895274,15.0
65.3216524049871,0.8328747088704027,60.2,2.913126262164667,15.0
73.99475568099756,43.36551638005321,60.4,-2.8334457687175245,0.8328753709793091
69.02752631700875,-24.836146819943654,60.6,5.673092565886691,0.8328753709793091
74.12675175786309,25.496127204272273,60.8,-2.2144248840396017,14.999991416931152
77.24194438869971,15.575963154182846,61.0,-0.11519944318530406,14.999991416931152
80.24195120104841,15.000034061743293,61.2,-6.812348658513656e-06,15.0
83.2419512010483,14.999999999999716,61.4,5.684341886080802e-14,15.0
86.2419512010484,15.000000000000284,61.6,-5.684341886080802e-14,15.0
89.24195120104832,15.0,61.8,0.0,15.0
92.24195120104842,15.000000000000284,62.0,-5.684341886080802e-14,15.0
95.24195120104841,14.999999999999716,62.2,5.684341886080802e-14,15.0
98.2419512010483,14.999999999999716,62.4,5.684341886080802e-14,15.0
101.2419512010484,15.000000000000284,62.6,-5.684341886080802e-14,15.0
104.24195120104832,15.0,62.8,0.0,15.0
107.24195120104842,15.000000000000284,63.0,-5.684341886080802e-14,15.0
110.24195120104841,14.999999999999716,63.2,5.684341886080802e-14,15.0
113.2419512010483,14.999999999999716,63.4,5.684341886080802e-14,15.0
116.2419512010484,15.000000000000284,63.6,-5.684341886080802e-14,15.0
119.24195120104832,15.0,63.8,0.0,15.0
122.24195120104842,15.000000000000284,64.0,-5.684341886080802e-14,15.0
125.24195120104841,14.999999999999716,64.2,5.684341886080802e-14,15.0
128.24195120104838,14.999999999999716,64.4,5.684341886080802e-14,15.0
131.2419512010482,15.0,64.6,0.0,15.0
134.24195120104844,15.000000000000853,64.8,-1.7053025658242404e-13,15.0
137.24195120104844,14.999999999999716,65.0,5.684341886080802e-14,15.0
140.24195120104844,14.999999999999716,65.2,5.684341886080802e-14,15.0
146.15507732556438,29.565630622579285,65.4,-2.999999999999943,15.0
149.24194901563672,15.43435845036254,65.6,-0.08687387548400238,15.0
149.32882489107195,0.43437937717615327,65.8,2.999997814588312,15.0
152.24195338644594,14.565642476869803,66.0,0.08687369002353762,15.0
155.24195120104838,14.999989073012046,66.2,2.185397590892535e-06,15.0
158.24195120104844,15.0,66.4,0.0,15.0
161.2419512010482,14.999999999999716,66.6,5.684341886080802e-14,15.0
164.39442918162308,15.762389902874196,66.8,-3.0797119140626705,0.8328753709793091
164.48823947357647,0.46905145976692064,67.0,0.07276606651220163,0.8328753709793091
172.68116742221784,40.9646397432062,67.2,-5.753711727471909,14.999991416931152
176.2413640915317,17.800983346568966,67.4,-0.5607837788305119,15.0
176.328775261824,0.437055851461583,67.6,2.9994128904833133,15.0
179.2419533827027,14.565890604393164,67.8,0.08682406077565474,15.0
182.24195120104838,14.99998909172831,68.0,2.181654338073713e-06,15.0
190.98852129887624,43.73285048913862,68.2,-2.91314697265625,29.565629959106445
191.22929330923054,1.2038600517715565,68.4,2.746570097827828,14.601502418518066
194.24194947767415,15.063280842218964,68.6,-0.012657891817809741,14.999991416931152
194.32882321366802,0.4343686799692694,68.8,2.9999982766257745,14.999991416931152
197.24195338631935,14.565650863256524,69.0,0.08687201261960809,15.0
200.24195120104844,14.999989073645281,69.2,2.185270943755313e-06,15.0
203.24195120104844,14.999999999999716,69.4,5.684341886080802e-14,15.0
206.2419512010482,14.999999999999716,69.6,5.684341886080802e-14,15.0
209.24195120104844,15.000000000000853,69.8,-1.7053025658242404e-13,15.0
212.24195120104844,14.999999999999716,70.0,5.684341886080802e-14,15.0
215.24195120104844,14.999999999999716,70.2,5.684341886080802e-14,15.0
221.15507732556438,29.565630622579285,70.4,-2.999999999999943,15.0
221.32165239393626,0.8328753418595269,70.6,2.9131261245159976,15.0
224.24195288861992,14.60150247341809,70.8,0.07970119288785327,15.0
227.24195120104838,14.999991562142156,71.0,1.6875715687092452e-06,15.0
230.24195120104844,15.0,71.2,0.0,15.0
233.24195120104844,14.999999999999716,71.4,5.684341886080802e-14,15.0
236.2419512010482,14.999999999999716,71.6,5.684341886080802e-14,15.0
244.9885212988762,43.7328504891394,71.8,-2.9131469726564205,29.565629959106445
240.02588465585393,-24.81318321511107,72.0,5.666858183765328,0.8328753709793091
245.12667376054014,25.503945523430737,72.2,-2.216066545194451,14.601502418518066
251.14493680618017,30.091315228199683,72.4,-3.115277440508237,15.0
251.32084096021123,0.8795207701552794,72.6,2.9029856051317893,15.0
254.24195283760048,14.60555938694605,72.8,0.07888975916284835,15.0
257.24195120104844,14.999991817239504,73.0,1.6365520991712401e-06,15.0
260.24195120104844,14.999999999999716,73.2,5.684341886080802e-14,15.0
263.24195120104844,14.999999999999716,73.4,5.684341886080802e-14,15.0
266.2419512010482,14.999999999999716,73.6,5.684341886080802e-14,15.0
269.24195120104844,15.000000000000853,73.8,-1.7053025658242404e-13,15.0
272.24195120104844,14.999999999999716,74.0,5.684341886080802e-14,15.0
275.24195120104844,14.999999999999716,74.2,5.684341886080802e-14,15.0
278.24195120104844,14.999999999999716,74.4,5.684341886080802e-14,15.0
281.2419512010482,14.999999999999716,74.6,5.684341886080802e-14,15.0
287.1550773255644,29.56563062258033,74.8,-3.0000000000001705,15.0
287.3216523939363,0.8328753418595269,75.0,2.9131261245159976,15.0
290.2419528886199,14.601502473417806,75.2,0.07970119288791011,15.0
298.98852143436125,43.73284272870611,75.4,-2.913145285084738,29.565629959106445
294.0258846914988,-24.813183714313734,75.6,5.666858319250366,0.8328753709793091
299.1266737622349,25.50394535368017,75.8,-2.2160665095495915,14.601502418518066
302.24194437834285,15.576353080539745,76.0,-0.11527743881350716,14.999991416931152
305.24195120104844,15.000034113527647,76.2,-6.822705529430095e-06,15.0
308.24195120104844,14.999999999999716,76.4,5.684341886080802e-14,15.0
311.2419512010482,14.999999999999716,76.6,5.684341886080802e-14,15.0
314.24195120104844,15.000000000000853,76.8,-1.7053025658242404e-13,15.0
320.1550773255644,29.565630622579285,77.0,-2.999999999999943,15.0
320.3216523939363,0.8328753418595269,77.2,2.9131261245159976,15.0
323.2419528886199,14.601502473417806,77.4,0.07970119288791011,15.0
331.9885214343606,43.73284272870611,77.6,-2.913145285084738,0.8328753709793091
327.0258846914983,-24.813183714311425,77.8,5.666858319249741,0.8328753709793091
332.1266737622349,25.503945353682603,78.0,-2.216066509550103,14.601502418518066
340.9789149909896,44.26120614377295,78.2,-3.028424411469757,0.8328746557235718
336.0233606948016,-24.777771480939663,78.4,5.657251875878728,0.8328746557235718
341.1265536256937,25.515964654461836,78.6,-2.2185905062467555,14.601502418518066
344.2419443623628,15.576953683345412,78.8,-0.11539757535467743,14.999991416931152
347.24195120104844,15.000034193427894,79.0,-6.838685578713921e-06,15.0
350.24195120104844,14.999999999999716,79.2,5.684341886080802e-14,15.0
353.24195120104844,14.999999999999716,79.4,5.684341886080802e-14,15.0
356.2419512010482,14.999999999999716,79.6,5.684341886080802e-14,15.0
359.3944291816231,15.762389902874196,79.8,-3.0797119140626705,0.8328753709793091
359.48823947357647,0.46905145976692064,80.0,0.07276606651220163,0.8328753709793091
365.09469603094885,28.032282786861387,80.2,-2.7537117274719094,14.601502418518066
368.2419388417123,15.736214053816953,80.4,-0.14725517009952682,14.999991416931152
374.15507627670905,29.565687174985612,80.6,-3.000012359336097,15.0
374.3216523097311,0.8328801651101987,80.8,2.9131250756606732,15.0
377.24195288861455,14.601502894416909,81.0,0.07970110868274105,15.0
380.24195120104844,14.999991562169157,81.2,1.6875661685844534e-06,15.0
383.24195120104844,14.999999999999716,81.4,5.684341886080802e-14,15.0
386.2419512010482,14.999999999999716,81.6,5.684341886080802e-14,15.0
389.24195120104844,15.000000000000853,81.8,-1.7053025658242404e-13,15.0
392.39442918162314,15.76238990287316,82.0,-3.079711914062443,0.8328753709793091
392.48823947357647,0.46905145976663637,82.2,0.07276606651225848,0.8328753709793091
398.09469603094885,28.032282786861387,82.4,-2.7537117274719094,14.601502418518066
401.24193884171206,15.736214053816953,82.6,-0.14725517009952682,14.999991416931152
404.24195120104844,15.00006179668162,82.8,-1.2359336324152537e-05,15.0
407.24195120104844,14.999999999999716,83.0,5.684341886080802e-14,15.0
410.24195120104844,14.999999999999716,83.2,5.684341886080802e-14,15.0
413.24195120104844,14.999999999999716,83.4,5.684341886080802e-14,15.0
416.3944291816229,15.76238990287316,83.6,-3.079711914062443,0.8328753709793091
416.48823947357647,0.46905145976777324,83.8,0.0727660665120311,0.8328753709793091
422.09469603094885,28.032282786861387,84.0,-2.7537117274719094,14.601502418518066
425.2419388417123,15.736214053816953,84.2,-0.14725517009952682,14.999991416931152
428.24195120104844,15.000061796680484,84.4,-1.2359336096778861e-05,15.0
436.98852129887564,43.73285048913836,84.6,-2.913146972656193,29.565629959106445
432.02588465585376,-24.813183215108968,84.8,5.666858183764759,0.8328753709793091
437.12667376054014,25.503945523431547,85.0,-2.2160665451946215,14.601502418518066
440.2419443783426,15.576353089012267,85.2,-0.11527744050823685,14.999991416931152
443.24195120104844,15.000034113528784,85.4,-6.822705756803771e-06,15.0
454.4634821228196,56.10765460885884,85.6,-5.913146972656193,29.565629959106445
455.51639108272974,5.264544799550826,85.8,5.308383949114955,29.565629959106445
450.1753576322319,-26.705167252488724,86.0,6.19472796761886,0.8328753709793091
455.13332564687863,24.789840073233407,86.2,-2.0665935688164723,14.601502418518066
458.24194521220824,15.543097826647708,86.4,-0.10862555416974828,14.999991416931152
461.2419512010482,15.000029944200719,86.6,-5.988840143800189e-06,15.0
464.24195120104844,15.000000000000853,86.8,-1.7053025658242404e-13,15.0
467.24195120104844,14.999999999999716,87.0,5.684341886080802e-14,15.0
470.24195120104844,14.999999999999716,87.2,5.684341886080802e-14,15.0
473.24195120104844,14.999999999999716,87.4,5.684341886080802e-14,15.0
476.2419512010482,14.999999999999716,87.6,5.684341886080802e-14,15.0
482.1550773255644,29.56563062258033,87.8,-3.0000000000001705,15.0
482.3216523939363,0.8328753418595269,88.0,2.9131261245159976,15.0
485.2419528886199,14.601502473417806,88.2,0.07970119288791011,15.0
488.24195120104844,14.99999156214244,88.4,1.6875715118658263e-06,15.0
491.2419512010482,14.999999999999716,88.6,5.684341886080802e-14,15.0
494.24195120104844,15.000000000000853,88.8,-1.7053025658242404e-13,15.0
497.24195120104844,14.999999999999716,89.0,5.684341886080802e-14,15.0
503.1550773255644,29.565630622579285,89.2,-2.999999999999943,15.0
506.2419490156369,15.43435845036254,89.4,-0.08687387548400238,15.0
506.3288248910719,0.4343793771751159,89.6,2.9999978145885393,15.0
509.2419533864459,14.565642476869803,89.8,0.08687369002353762,15.0
512.2419512010484,14.99998907301233,90.0,2.185397534049116e-06,15.0
518.1550773255644,29.565630622579285,90.2,-2.999999999999943,15.0
518.3216523939362,0.8328753418592658,90.4,2.9131261245160545,15.0
526.9947556801554,43.365516431098584,90.6,-2.8334457797683967,29.565629959106445
522.0275263167869,-24.836146816842746,90.8,5.673092565044556,0.8328753709793091
527.1267517578527,25.496127205329174,91.0,-2.2144248842615184,14.601502418518066
530.2419443886997,15.575963154234568,91.2,-0.11519944319564956,14.999991416931152
533.2419512010484,15.000034061743293,91.4,-6.812348658513656e-06,15.0
536.2419512010482,14.999999999999716,91.6,5.684341886080802e-14,15.0
539.2419512010484,15.000000000000853,91.8,-1.7053025658242404e-13,15.0
542.2419512010484,14.999999999999716,92.0,5.684341886080802e-14,15.0
545.2419512010484,14.999999999999716,92.2,5.684341886080802e-14,15.0
553.9885212988762,43.73285048913836,92.4,-2.913146972656193,29.565629959106445
554.3958645448872,2.036716230055248,92.6,2.746570097827828,15.434358596801758
551.5083654907112,-14.437495270879698,92.8,3.0670603164950876,0.43437936902046204
557.088966122594,27.903003159413554,93.0,-2.733585710337195,14.565642356872559
565.9756189690701,44.43326423237951,93.2,-3.0661320511106283,29.56562042236328
561.0224963183223,-24.765613253738298,93.4,5.653955853959189,0.8328744769096375
566.1265124224525,25.520080520652243,93.6,-2.2194548827260974,14.601502418518066
569.2419443568745,15.577159672109747,93.8,-0.11543877859588747,14.999991416931152
572.2419512010484,15.000034220869622,94.0,-6.84417392449177e-06,15.0
575.2419512010484,14.999999999999716,94.2,5.684341886080802e-14,15.0
581.1550773255644,29.565630622579285,94.4,-2.999999999999943,15.0
581.3216523939362,0.8328753418592658,94.6,2.9131261245160545,15.0
587.1616728223593,29.20010214211463,94.8,-2.9202988071121467,15.0
587.3221830342677,0.8025510595419423,95.0,2.9197216213108845,15.0
590.2419529225511,14.59884944141688,95.2,0.08023183321932947,15.0
598.9885214370854,43.7328425726705,95.4,-2.9131452511534803,29.565629959106445
594.0258846922155,-24.813183724351077,95.6,5.66685832197453,0.8328753709793091
604.5932078065915,52.83661557187931,95.8,-5.135805278364103,29.200101852416992
599.9221095878374,-23.355491093770343,96.0,5.270995375074392,0.8025510311126709
610.5691795458573,53.235349790098724,96.2,-5.23964141789844,29.197662353515625
611.2028411234782,3.1683078881043283,96.4,2.3272283448089297,14.598832130432129
611.2453131439244,0.21236010223122648,96.6,2.9608899224297716,14.598832130432129
617.1553623290188,29.550245925471494,96.8,-2.9966380571240165,15.0
617.3216752769764,0.8315647397881545,97.0,2.9134111279703916,15.0
620.2419528900739,14.601388065486974,97.2,0.0797240759280271,15.0
628.9884652993691,43.732562046475486,97.4,-2.9130842484744903,29.565629959106445
624.0258699231673,-24.812976881010332,97.6,5.666802184258188,0.8328753709793091
629.1266730600655,25.504015684490827,97.8,-2.2160812778810737,14.601502418518066
637.9788591675448,44.26093053739564,98.0,-3.0283640784828663,29.565622329711914
633.0233460489643,-24.777565592901826,98.2,5.657196052433903,0.8328746557235718
638.1265529278126,25.516034394241192,98.4,-2.2186051520840806,14.999991416931152
641.2419443622697,15.576957172286523,98.6,-0.11539827323582585,14.999991416931152
644.2419512010484,15.000034193893441,98.8,-6.838778688234015e-06,15.0
647.2419512010484,14.999999999999716,99.0,5.684341886080802e-14,15.0
650.2419512010484,14.999999999999716,99.2,5.684341886080802e-14,15.0
661.4634382867182,56.107435428347976,99.4,-5.913085937499943,29.565629959106445
662.5163341102952,5.264479117885372,99.6,5.308401148169821,29.565629959106445
657.1753403504797,-26.704968799077527,99.8,6.194670995184367,0.8328753709793091
662.1333249293191,24.789922894196643,100.0,-2.0666108505686793,14.601502418518066
670.9794325740958,44.2305382238825,100.2,-3.0217122092292925,29.565622329711914
666.0234964991027,-24.779680374964638,100.4,5.6577694589848875,0.8328746557235718
671.0367893407242,25.066464208108634,100.6,-5.298654897258132,0.8025510311126709
682.3351400877573,56.491753735164394,100.8,-6.124961665011654,29.197662353515625
683.4182369081655,5.415484102040946,101.0,5.1733890820214015,29.197662353515625
678.1401928825328,-26.39022012816288,101.2,6.096085511804574,0.8023543357849121
683.131307245362,24.955571814145483,101.4,-2.1017583185155786,14.598832130432129
686.2419449696132,15.553188621256783,101.6,-0.11064395568638474,14.999991416931152
697.4634365307794,56.107457805830336,101.8,-5.913092168935179,29.565629959106445
698.5163336955104,5.264485823654905,102.0,5.308399392231024,29.565629959106445
693.1753402246617,-26.704967354243248,102.2,6.1946705803995314,0.8328753709793091
698.133324924095,24.78992349716593,102.4,-2.0666109763866984,14.601502418518066
706.9794325736457,44.230538247756186,102.6,-3.02171221445343,29.565622329711914
702.0234964989846,-24.77968037330472,102.8,5.657769458534801,0.8328746557235718
707.1265600964064,25.515317987108418,103.0,-2.2184547020637524,14.601502418518066
710.2419443632244,15.576921334089871,103.2,-0.11539110464201485,14.999991416931152
713.2419512010484,15.00003418911973,103.4,-6.837823946170829e-06,15.0
716.2419512010482,14.999999999999716,103.6,5.684341886080802e-14,15.0
719.2419512010484,15.000000000000853,103.8,-1.7053025658242404e-13,15.0
722.2419512010484,14.999999999999716,104.0,5.684341886080802e-14,15.0
725.2419512010484,14.999999999999716,104.2,5.684341886080802e-14,15.0
728.2419512010484,14.999999999999716,104.4,5.684341886080802e-14,15.0
731.2419512010482,14.999999999999716,104.6,5.684341886080802e-14,15.0
734.2419512010484,15.000000000000853,104.8,-1.7053025658242404e-13,15.0
737.2419512010484,14.999999999999716,105.0,5.684341886080802e-14,15.0
740.2419512010484,14.999999999999716,105.2,5.684341886080802e-14,15.0
746.1550773255644,29.565630622579285,105.4,-2.999999999999943,15.0
746.3216523939362,0.8328753418592658,105.6,2.9131261245160545,15.0
749.24195288862,14.60150247341809,105.8,0.07970119288785327,15.0
752.2419512010484,14.999991562142156,106.0,1.6875715687092452e-06,15.0
755.2419512010484,14.999999999999716,106.2,5.684341886080802e-14,15.0
758.2419512010484,14.999999999999716,106.4,5.684341886080802e-14,15.0
766.9884651637722,43.73256981362093,106.6,-2.913085937499943,29.565629959106445
762.0258698874935,-24.812976381392613,106.8,5.666802048661282,0.8328753709793091
767.1266730583694,25.504015854379073,107.0,-2.2160813135548665,14.601502418518066
770.2419443782493,15.576356599399368,107.2,-0.1152781426789602,14.999991416931152
773.2419512010484,15.000034113995468,107.4,-6.82279909369754e-06,15.0
776.2419512010482,14.999999999999716,107.6,5.684341886080802e-14,15.0
779.2419512010484,15.000000000000853,107.8,-1.7053025658242404e-13,15.0
782.2419512010484,14.999999999999716,108.0,5.684341886080802e-14,15.0
785.2419512010484,14.999999999999716,108.2,5.684341886080802e-14,15.0
791.1550773255644,29.565630622579285,108.4,-2.999999999999943,15.0
791.3216523939362,0.8328753418592658,108.6,2.9131261245160545,15.0
794.24195288862,14.60150247341809,108.8,0.07970119288785327,15.0
800.1550774687768,29.565622900783573,109.0,-2.9999983124284313,15.0
800.3216524054338,0.8328746832851621,109.2,2.913126267728387,15.0
803.2419528886206,14.60150241593372,109.4,0.07970120438545791,15.0
806.3944293320802,15.762382217299098,109.6,-3.079710226490249,0.8328753709793091
806.4882394735845,0.4690507075210517,109.8,0.07276621696934171,0.8328753709793091
812.0946960309494,28.032282786824204,110.0,-2.7537117274638945,14.601502418518066
815.2419388417123,15.73621405381411,110.2,-0.1472551700989584,15.0
818.2419512010484,15.0000617966802,110.4,-1.2359336039935442e-05,15.0
821.2419512010482,14.999999999999716,110.6,5.684341886080802e-14,15.0
824.2419512010484,15.000000000000853,110.8,-1.7053025658242404e-13,15.0
827.2419512010484,14.999999999999716,111.0,5.684341886080802e-14,15.0
830.2419512010484,14.999999999999716,111.2,5.684341886080802e-14,15.0
833.2419512010484,14.999999999999716,111.4,5.684341886080802e-14,15.0
836.2419512010482,14.999999999999716,111.6,5.684341886080802e-14,15.0
839.2419512010484,15.000000000000853,111.8,-1.7053025658242404e-13,15.0
842.2419512010484,14.999999999999716,112.0,5.684341886080802e-14,15.0
845.2419512010484,14.999999999999716,112.2,5.684341886080802e-14,15.0
853.9884651637727,43.73256981362093,112.4,-2.913085937499943,29.565629959106445
849.0258698874941,-24.812976381394712,112.6,5.66680204866185,0.8328753709793091
854.1266730583694,25.504015854376362,112.8,-2.216081313554298,14.999991416931152
857.2419443782493,15.576356599399368,113.0,-0.1152781426789602,14.999991416931152
860.3944285733272,15.762420975389663,113.2,-3.0797187368615937,0.8328753709793091
860.4882394735442,0.46905450108520164,113.4,0.07276545821633817,0.8328753709793091
866.0946960309461,28.032282787010914,113.6,-2.7537117275041396,14.601502418518066
874.9760694347002,44.406867018769816,113.8,-3.0603411076022553,29.565622329711914
870.022614434662,-24.767275000190494,114.0,5.654406319589327,0.8328746557235718
875.1265180546749,25.519518100063834,114.2,-2.219336766386334,14.601502418518066
878.2419443576249,15.5771315147501,114.4,-0.11543314637350477,14.999991416931152
881.2419512010482,15.000034217117388,114.6,-6.8434234776759695e-06,15.0
884.2419512010484,15.000000000000853,114.8,-1.7053025658242404e-13,15.0
887.2419512010484,14.999999999999716,115.0,5.684341886080802e-14,15.0
890.2419512010484,14.999999999999716,115.2,5.684341886080802e-14,15.0
898.9884651637727,43.73256981362093,115.4,-2.913085937499943,29.565629959106445
894.0258698874941,-24.812976381394712,115.6,5.66680204866185,0.8328753709793091
899.1266730583694,25.504015854376362,115.8,-2.216081313554298,14.601502418518066
902.2419443782493,15.576356599399368,116.0,-0.1152781426789602,14.999991416931152
905.2419512010484,15.000034113995468,116.2,-6.82279909369754e-06,15.0
908.2419512010484,14.999999999999716,116.4,5.684341886080802e-14,15.0
911.2419512010482,14.999999999999716,116.6,5.684341886080802e-14,15.0
914.2419512010484,15.000000000000853,116.8,-1.7053025658242404e-13,15.0
922.9884651637727,43.73256981362093,117.0,-2.913085937499943,29.565629959106445
918.0258698874937,-24.812976381394712,117.2,5.66680204866185,0.8328753709793091
928.5931571026529,52.83643607579499,117.4,-5.135759047929639,29.200101852416992
923.9220509644504,-23.355530691014106,117.6,5.271005706291987,0.8025510311126709
929.120979388679,25.994642121142494,117.8,-2.3199002365980164,14.598849296569824
932.2419435837027,15.604820975118574,118.0,-0.12097181236941879,14.999991416931152
940.9884645522441,43.73260484270635,118.2,-2.913093554845716,29.565629959106445
936.0258697266104,-24.81297412816801,118.4,5.666801437133188,0.8328753709793091
943.8152703188454,38.94700296117685,118.6,-5.216081474437999,14.999991416931152
944.2972856905277,2.4100768584115997,118.8,2.5733191177969843,14.999991416931152
952.9928280698533,43.47771189662768,119.0,-2.8577514480206787,29.565629959106445
948.0270184172945,-24.829048262793627,119.2,5.671164954742437,0.8328753709793091
958.5934137167808,52.83197649743103,119.4,-5.134610518128909,29.200101852416992
953.9221108722166,-23.3565142228219,119.6,5.271262320419908,0.8025510311126709
959.1209825005485,25.994358141658925,119.8,-2.319840328831731,14.598849296569824
962.2419435841581,15.604805418047546,120.0,-0.12096870049987274,15.0
965.2419512010484,15.000038084451432,120.2,-7.616890286499256e-06,15.0
968.2419512010484,14.999999999999716,120.4,5.684341886080802e-14,15.0
971.2419512010482,14.999999999999716,120.6,5.684341886080802e-14,15.0
979.9884651637727,43.732569813621964,120.8,-2.9130859375001705,29.565629959106445
975.0258698874937,-24.812976381394712,121.0,5.66680204866185,0.8328753709793091
980.1266730583694,25.50401585437799,121.2,-2.216081313554639,14.601502418518066
983.2419443782493,15.576356599399368,121.4,-0.1152781426789602,14.999991416931152
986.2419512010482,15.000034113995468,121.6,-6.82279909369754e-06,15.0
989.2419512010484,15.000000000000853,121.8,-1.7053025658242404e-13,15.0
992.2419512010484,14.999999999999716,122.0,5.684341886080802e-14,15.0
1000.9884651637727,43.73256981362093,122.2,-2.913085937499943,29.565629959106445
1001.3958605145366,2.0369767538192622,122.4,2.74651396272435,15.434358596801758
998.5084207696981,-14.43719872419328,122.6,3.0669952509882137,0.43437936902046204
1004.0889700558436,27.902746430726992,122.8,-2.733530431350289,14.565642356872559
1007.2419371699052,15.764835570307929,123.0,-0.1529811452048193,14.99998950958252
1010.2419512010484,15.000070155715832,123.2,-1.40311431664486e-05,15.0
1013.2419512010484,14.999999999999716,123.4,5.684341886080802e-14,15.0
1016.2419512010482,14.999999999999716,123.6,5.684341886080802e-14,15.0
1019.2419512010484,15.000000000000853,123.8,-1.7053025658242404e-13,15.0
1022.2419512010484,14.999999999999716,124.0,5.684341886080802e-14,15.0
1025.2419512010483,14.999999999999716,124.2,5.684341886080802e-14,15.0
1031.1550773255644,29.565630622579807,124.4,-3.000000000000057,15.0
1031.3216523939363,0.8328753418592658,124.6,2.9131261245160545,15.0
1034.2419528886198,14.601502473417522,124.8,0.07970119288796695,15.0
1037.3944293320803,15.762382217302724,125.0,-3.079710226491045,0.8328753709793091
1037.4882394735844,0.4690507075204833,125.2,0.0727662169694554,0.8328753709793091
1043.0946960309493,28.032282786824737,125.4,-2.753711727464008,14.601502418518066
1046.241938841712,15.73621405381468,125.6,-0.14725517009907207,14.999991416931152
1052.1550762767095,29.565687174986913,125.8,-3.000012359336381,15.0
1052.3216523097312,0.832880165108369,126.0,2.913125075661071,15.0
1055.2419528886146,14.60150289441634,126.2,0.07970110868285474,15.0
1063.9884652992519,43.73256205318614,126.4,-2.9130842499337746,29.565629959106445
1059.0258699231365,-24.81297688057846,126.6,5.666802184140977,14.601502418518066
1064.1266730600641,25.504015684637544,126.8,-2.216081277911883,14.601502418518066
1067.2419443782496,15.576356590926846,127.0,-0.1152781409842305,14.999991416931152
1070.2419512010483,15.000034113993763,127.2,-6.822798752637027e-06,15.0
1073.2419512010483,15.000000000000284,127.4,-5.684341886080802e-14,15.0
1076.2419512010483,15.000000000000284,127.6,-5.684341886080802e-14,15.0
1084.9884651637728,43.732569813621446,127.8,-2.913085937500057,29.565629959106445
1080.0258698874939,-24.812976381395128,128.0,5.666802048661964,0.8328753709793091
1085.126673058369,25.504015854377446,128.2,-2.2160813135545254,14.601502418518066
1088.2419443782496,15.576356599401073,128.4,-0.11527814267930125,14.999991416931152
1091.2419512010483,15.000034113993763,128.6,-6.822798752637027e-06,15.0
1097.155077325565,29.565630622579807,128.8,-3.000000000000057,15.0
1097.3216523939363,0.8328753418571733,129.0,2.913126124516509,15.0
1105.9946992942419,43.3652345015297,129.2,-2.833384744612033,29.565629959106445
1101.0275114558647,-24.835939191884144,129.4,5.673036179130975,0.8328753709793091
1106.1267510522937,25.496197982146825,129.6,-2.214439745183711,14.999991416931152
1109.2419443886063,15.575966681561665,129.8,-0.11520014875469542,14.999991416931152
1117.988464616862,43.732601141281656,130.0,-2.913092749942109,29.565629959106445
1113.0258697436107,-24.812974366258278,130.2,5.666801501751195,0.8328753709793091
1118.1266730515288,25.504016539588143,130.4,-2.216081457437724,14.601502418518066
1121.2419443782483,15.576356633598078,130.6,-0.1152781495196109,14.999991416931152
1129.9884646160317,43.73260118891392,130.8,-2.913092760300117,0.8328753709793091
1125.0258697433921,-24.812974363198713,131.0,5.666801500920826,0.8328753709793091
1130.1266730515176,25.504016540628733,131.2,-2.21608145765623,14.601502418518066
1138.978859166807,44.2609305764432,131.4,-3.028364087030752,29.565622329711914
1134.0233460487711,-24.77756559018098,131.6,5.657196051696189,0.8328746557235718
1139.1265529278037,25.516034395160936,131.8,-2.2186051522772345,14.601502418518066
1142.2419443622696,15.576957172330856,132.0,-0.11539827324469343,14.999991416931152
1150.9884646147477,43.73260126239341,132.2,-2.913092776278802,0.8328753709793091
1146.0258697430538,-24.81297435846779,132.4,5.666801499636847,14.601502418518066
1151.1266730515015,25.504016542239956,132.6,-2.2160814579945622,14.601502418518066
1154.2419443782487,15.576356633734484,132.8,-0.11527814954689575,14.999991416931152
1157.2419512010483,15.00003411399831,133.0,-6.822799662131729e-06,15.0
1160.2419512010483,15.000000000000284,133.2,-5.684341886080802e-14,15.0
1163.2419512010486,15.000000000000284,133.4,-5.684341886080802e-14,15.0
1171.9884651637722,43.7325698136204,133.6,-2.9130859374998295,29.565629959106445
1167.0258698874932,-24.812976381392613,133.8,5.666802048661282,0.8328753709793091
1172.126673058369,25.504015854380697,134.0,-2.2160813135552075,14.999991416931152
1175.2419443782492,15.576356599401073,134.2,-0.11527814267930125,14.999991416931152
1181.15507674656,29.56566184155203,134.4,-3.0000068227992074,15.0
1181.321652347452,0.8328780044600563,134.6,2.9131255455117184,15.0
1184.241952888617,14.60150270582413,134.8,0.07970114640369275,15.0
1187.2419512010483,14.999991562156367,135.0,1.6875687265383021e-06,15.0
1193.155077325564,29.565630622579807,135.2,-3.000000000000057,15.0
1193.3216523939363,0.8328753418613584,135.4,2.9131261245155997,15.0
1201.9946992942419,43.3652345015297,135.6,-2.833384744612033,29.565629959106445
1197.0275114558647,-24.835939191884144,135.8,5.673036179130975,0.8328753709793091
1202.1267510522937,25.496197982146825,136.0,-2.214439745183711,14.601502418518066
1208.1449438472264,30.090963974665485,136.2,-3.1152001487546954,15.0
1208.3208415217723,0.8794883727299485,136.4,2.9029926461780065,15.0
1211.2419528376352,14.605556579315389,136.6,0.07889032072392865,15.0
1214.2419512010486,14.999991817066132,136.8,1.6365867736567452e-06,15.0
1217.2419512010483,14.999999999999147,137.0,1.7053025658242404e-13,15.0
1223.155077325564,29.565630622579807,137.2,-3.000000000000057,15.0
1231.9812926652355,44.13107669835391,137.4,-2.9999598129844003,29.565629959106445
1232.6487074912677,3.337074130161678,137.6,5.8262555266871345,29.565629959106445
1227.2161663626584,-27.162705643044138,137.8,6.3270443761568345,0.8328753709793091
1232.134987726731,24.59410682036407,138.0,-2.0257848383899386,14.601502418518066
1235.241945405325,15.53478839297026,138.2,-0.1069634743174106,14.999991416931152
1238.2419512010486,15.000028978617195,138.4,-5.7957234389505174e-06,15.0
1241.2419512010483,14.999999999999147,138.6,1.7053025658242404e-13,15.0
1244.2419512010486,15.000000000000284,138.8,-5.684341886080802e-14,15.0
1252.9884651637722,43.7325698136204,139.0,-2.9130859374998295,0.8328753709793091
1248.0258698874939,-24.812976381392613,139.2,5.666802048661282,0.8328753709793091
1253.1266730583698,25.504015854377446,139.4,-2.2160813135545254,14.999991416931152
1256.2419443782492,15.576356599397663,139.6,-0.11527814267861913,14.999991416931152
1259.2419512010486,15.000034113996037,139.8,-6.822799207384378e-06,15.0
1262.2419512010483,14.999999999999147,140.0,1.7053025658242404e-13,15.0
1265.2419512010483,15.000000000000284,140.2,-5.684341886080802e-14,15.0
1268.2419512010486,15.000000000000284,140.4,-5.684341886080802e-14,15.0
1271.2419512010483,14.999999999999147,140.6,1.7053025658242404e-13,15.0
1274.2419512010486,15.000000000000284,140.8,-5.684341886080802e-14,15.0
1277.2419512010483,14.999999999999147,141.0,1.7053025658242404e-13,15.0
1280.2419512010483,15.000000000000284,141.2,-5.684341886080802e-14,15.0
1283.2419512010486,15.000000000000284,141.4,-5.684341886080802e-14,15.0
1286.2419512010483,14.999999999999147,141.6,1.7053025658242404e-13,15.0
1289.2419512010486,15.000000000000284,141.8,-5.684341886080802e-14,15.0
1292.2419512010483,14.999999999999147,142.0,1.7053025658242404e-13,15.0
1295.2419512010483,15.000000000000284,142.2,-5.684341886080802e-14,15.0
1298.2419512010486,15.000000000000284,142.4,-5.684341886080802e-14,15.0
1301.2419512010483,14.999999999999147,142.6,1.7053025658242404e-13,15.0
1309.9884651637733,43.732569813621446,142.8,-2.913085937500057,29.565629959106445
1305.0258698874943,-24.812976381396805,143.0,5.666802048662419,0.8328753709793091
1310.126673058369,25.504015854375282,143.2,-2.2160813135540707,14.601502418518066
1313.2419443782496,15.576356599401073,143.4,-0.11527814267930125,14.999991416931152
1316.394428573327,15.762420975388107,143.6,-3.0797187368612526,0.8328753709793091
1316.4882394735444,0.46905450108577,143.8,0.07276545821622449,0.8328753709793091
1322.0946960309461,28.032282787010388,144.0,-2.753711727504026,14.601502418518066
1325.241938841712,15.736214053830592,144.2,-0.1472551701022553,14.999991416931152
1331.15507627671,29.565687174986913,144.4,-3.000012359336381,15.0
1331.3216523097312,0.8328801651062765,144.6,2.913125075661526,15.0
1334.2419528886148,14.60150289441634,144.8,0.07970110868285474,15.0
1337.2419512010483,14.999991562167736,145.0,1.6875664528015477e-06,15.0
1345.9884651637722,43.732569813621446,145.2,-2.913085937500057,29.565629959106445
1346.2292892788798,1.2041205755382105,145.4,2.746513962723782,14.601502418518066
1346.2480553005316,0.09383010825922966,145.6,2.9873380778314527,14.601502418518066
1349.241949485193,14.969470923305538,145.8,0.006104099483252412,15.0
1355.1550771799511,29.56563847379305,146.0,-3.0000017158554897,15.0
1355.321652382246,0.8328760114743599,146.2,2.9131259789027695,15.0
1358.2419528886194,14.601502531865897,146.4,0.07970118119754943,15.0
1361.2419512010483,14.999991562144999,146.6,1.6875710002750566e-06,15.0
1364.2419512010486,15.000000000000284,146.8,-5.684341886080802e-14,15.0
1367.2419512010483,14.999999999999147,147.0,1.7053025658242404e-13,15.0
1375.9884651637722,43.732569813621446,147.2,-2.913085937500057,29.565629959106445
1376.3958605145365,2.036976753821902,147.4,2.746513962723782,15.434358596801758
1373.5084207696982,-14.437198724192763,147.6,3.0669952509881,0.43437936902046204
1379.088970055844,27.902746430726467,147.8,-2.733530431350175,14.565642356872559
1385.1414629163057,30.262464302310597,148.0,-3.1529811452044783,15.0
1385.320564213052,0.8955064837307347,148.2,2.899511715257347,15.0
1388.2419528204382,14.60694303692956,148.4,0.07861301200358639,15.0
1396.988465293778,43.73256236670189,148.6,-2.9130843181101795,29.565629959106445
1392.0258699216956,-24.81297686040983,148.8,5.666802178667183,0.8328753709793091
1397.1266730599953,25.504015691499344,149.0,-2.21608127935275,14.601502418518066
1400.2419443782494,15.57635659127127,149.2,-0.11527814105312473,14.999991416931152
1403.2419512010486,15.0000341139949,149.4,-6.8227989800107025e-06,15.0
1409.155077325564,29.565630622578766,149.6,-2.9999999999998295,15.0
1409.3216523939363,0.8328753418613584,149.8,2.9131261245155997,15.0
1412.2419528886196,14.601502473417522,150.0,0.07970119288796695,15.0
1418.1550774687762,29.565622900785137,150.2,-2.9999983124287724,15.0
1418.3216524054337,0.8328746832877769,150.4,2.9131262677278187,15.0
1426.9946992951175,43.36523444842169,150.6,-2.8333847331146558,29.565629959106445
1427.2297378313601,1.175192681213236,150.8,2.7527480940690907,14.601502418518066
1427.248093069073,0.09177618856464242,151.0,2.9877866303117457,14.601502418518066
1430.2419494852068,14.969282080669036,151.2,0.006141868024712949,14.999991416931152
1433.2419512010486,15.0000085792081,151.4,-1.7158416198981286e-06,15.0
1441.9884651637722,43.7325698136204,151.6,-2.9130859374998295,29.565629959106445
1442.3958605145365,2.036976753821902,151.8,2.746513962723782,15.434358596801758
1439.5084207696982,-14.437198724192763,152.0,3.0669952509881,0.43437936902046204
1450.461442116555,54.76510673428724,152.2,-5.653818517287675,29.167125701904297
1445.8915076240608,-22.849672462469588,152.4,5.139168649881583,0.7998979091644287
1456.562029329435,53.35260852687459,152.6,-5.2702433816751295,29.19744873046875
1451.9147774153914,-23.236259570215683,152.8,5.239877933074183,0.802337110042572
1457.1205966006685,26.02909592638658,153.0,-2.327173785656953,14.598830223083496
1460.2419435275126,15.606734634221855,153.2,-0.12135460037990242,14.999991416931152
1463.2419512010486,15.000038367678883,153.4,-7.67353577657559e-06,15.0
1466.2419512010483,14.999999999999147,153.6,1.7053025658242404e-13,15.0
1472.155077325565,29.565630622579807,153.8,-3.000000000000057,15.0
1472.3216523939363,0.8328753418571733,154.0,2.913126124516509,15.0
1475.2419528886196,14.601502473417522,154.2,0.07970119288796695,15.0
1483.988465299253,43.732562053163136,154.4,-2.9130842499287724,29.565629959106445
1484.3958605242635,2.036976125052611,154.6,2.7465140982046137,15.434358596801758
1481.5084207705581,-14.43719876852545,154.8,3.066995260715146,0.43437936902046204
1487.0889700559044,27.902746426732755,155.0,-2.733530430490248,14.565642356872559
1490.241937169905,15.764835570003887,155.2,-0.15298114514399686,14.99998950958252
1496.1550761348342,29.56569482464299,155.4,-3.000014031143394,15.0
1496.321652298341,0.8328808175338818,155.6,2.9131249337858094,15.0
1499.241952888614,14.601502951364143,155.8,0.07970109729257047,15.0
1502.2419512010483,14.999991562172283,156.0,1.687565543306846e-06,15.0
1505.2419512010483,15.000000000000284,156.2,-5.684341886080802e-14,15.0
1516.4634382867189,56.10743542834839,156.4,-5.913085937500057,29.565629959106445
1517.5163341102955,5.264479117882768,156.6,5.308401148170503,29.565629959106445
1512.1753403504792,-26.704968799078316,156.8,6.194670995184595,0.8328753709793091
1522.6257421521018,52.252009008115344,157.0,-4.986288584944134,29.200101852416992
1517.9296971383421,-23.48022506879993,157.2,5.303590755740913,0.8025510311126709
1523.1213753119807,25.958390868191024,157.4,-2.312254062706245,14.598849296569824
1526.2419436414475,15.60284164733518,157.6,-0.12057588906765204,14.999991416931152
1529.2419512010486,15.00003779800437,157.8,-7.559600874174066e-06,15.0
1532.2419512010483,14.999999999999147,158.0,1.7053025658242404e-13,15.0
1540.9884651637722,43.732569813621446,158.2,-2.913085937500057,29.565629959106445
1536.0258698874932,-24.812976381392613,158.4,5.666802048661282,0.8328753709793091
1541.126673058369,25.504015854380697,158.6,-2.2160813135552075,14.601502418518066
1544.2419443782496,15.576356599401073,158.8,-0.11527814267930125,14.999991416931152
1550.1550767465592,29.565661841549947,159.0,-3.0000068227987526,15.0
1550.321652347452,0.8328780044642379,159.2,2.913125545510809,15.0
1553.241952888617,14.60150270582413,159.4,0.07970114640369275,15.0
1556.2419512010483,14.999991562156367,159.6,1.6875687265383021e-06,15.0
1559.2419512010486,15.000000000000284,159.8,-5.684341886080802e-14,15.0
1562.2419512010483,14.999999999999147,160.0,1.7053025658242404e-13,15.0
1565.2419512010483,15.000000000000284,160.2,-5.684341886080802e-14,15.0
1568.2419512010486,15.000000000000284,160.4,-5.684341886080802e-14,15.0
1571.2419512010483,14.999999999999147,160.6,1.7053025658242404e-13,15.0
1574.2419512010486,15.000000000000284,160.8,-5.684341886080802e-14,15.0
1577.2419512010483,14.999999999999147,161.0,1.7053025658242404e-13,15.0
1580.2419512010483,15.000000000000284,161.2,-5.684341886080802e-14,15.0
1583.2419512010486,15.000000000000284,161.4,-5.684341886080802e-14,15.0
1591.9884651637722,43.7325698136204,161.6,-2.9130859374998295,29.565629959106445
1587.0258698874932,-24.812976381392613,161.8,5.666802048661282,0.8328753709793091
1592.126673058369,25.504015854380697,162.0,-2.2160813135552075,14.601502418518066
1598.1449367422126,30.091318419219114,162.2,-3.1152781426793013,15.0
1598.3208409551096,0.8795210644843046,162.4,2.9029855411642416,15.0
1601.2419528376,14.605559412452662,162.6,0.07888975406120835,15.0
1604.2419512010486,14.999991817242346,162.8,1.6365515307370515e-06,15.0
1607.2419512010483,14.999999999999147,163.0,1.7053025658242404e-13,15.0
1610.2419512010483,15.000000000000284,163.2,-5.684341886080802e-14,15.0
1618.9884651637733,43.732569813621446,163.4,-2.913085937500057,29.565629959106445
1614.0258698874943,-24.812976381396805,163.6,5.666802048662419,0.8328753709793091
1621.8152703557505,38.947002341277994,163.8,-5.216081313554071,14.999991416931152
1622.2972856928675,2.4100766855852918,164.0,2.5733191547021192,14.999991416931152
1625.2419517658047,14.723330364686726,164.2,0.0553344918191101,15.0
1628.2419512010486,14.999997176218187,164.4,5.64756362564367e-07,15.0
1631.2419512010483,14.999999999999147,164.6,1.7053025658242404e-13,15.0
1639.988577433786,43.73313116368551,164.8,-2.913208007812557,29.565629959106445
1635.0258994244018,-24.813390046923015,165.0,5.666914318675197,0.8328753709793091
1640.126790728918,25.5044565225819,165.2,-2.216173846959066,14.601502418518066
1643.2420664479773,15.576378595295843,165.4,-0.11528254244291247,14.999991416931152
1646.2420732713608,15.000034116917789,165.6,-6.823383557730267e-06,15.0
1649.242073271361,15.000000000000284,165.8,-5.684341886080802e-14,15.0
1657.9885872340847,43.7325698136204,166.0,-2.9130859374998295,0.8328753709793091
1653.0259020027893,-24.81342615647878,166.2,5.666924118973782,0.8328753709793091
1658.1267908515201,25.504444243652447,166.4,-2.2161712685715997,14.601502418518066
1661.2420664479932,15.576377982366507,166.6,-0.11528241984075294,14.999991416931152
1664.242073271361,15.000034116838208,166.8,-6.823367641572986e-06,15.0
1667.2420732713608,14.999999999999147,167.0,1.7053025658242404e-13,15.0
1670.2420732713608,15.000000000000284,167.2,-5.684341886080802e-14,15.0
1673.242073271361,15.000000000000284,167.4,-5.684341886080802e-14,15.0
1676.2420732713608,14.999999999999147,167.6,1.7053025658242404e-13,15.0
1682.1551993958774,29.565630622579807,167.8,-3.000000000000057,15.0
1682.3217744642488,0.8328753418571733,168.0,2.913126124516509,15.0
1685.4013737629182,15.397996493347087,168.2,-2.999888650862033,0.8328753709793091
1685.488239877479,0.43433057280339354,168.4,0.0797106478073033,14.601502418518066
1691.0948093221318,28.03284722326662,168.6,-2.753833393881962,14.601502418518066
1694.2420609101216,15.736257939947041,168.8,-0.14726394922905683,14.999991416931152
1702.9885862417095,43.73262665794218,169.0,-2.9130982987392713,29.565629959106445
1703.4531823939665,2.3229807612852245,169.2,2.684989532848647,0.15239901840686798
1700.4615105151038,-14.95835939431257,169.4,3.119556388230592,0.15239901840686798
1706.0809592854912,28.097243851938572,169.6,-2.7805627562570976,14.999987602233887
1709.2420568527514,15.805487836299514,169.8,-0.16111398586969017,14.999987602233887
1712.2420732713608,15.000082093047524,170.0,-1.641860950485352e-05,15.0
1718.1551993958765,29.565630622579807,170.2,-3.000000000000057,15.0
1718.3217744642488,0.8328753418613584,170.4,2.9131261245155997,15.0
1721.242074958932,14.601502473417522,170.6,0.07970119288796695,15.0
1727.1551995390896,29.565622900785137,170.8,-2.9999983124287724,15.0
1727.3217744757462,0.8328746832835918,171.0,2.913126267728728,15.0
1730.242074958933,14.601502415934288,171.2,0.07970120438534423,15.0
1733.242073271361,14.999991562139314,171.4,1.6875721371434338e-06,15.0
1736.2420732713608,14.999999999999147,171.6,1.7053025658242404e-13,15.0
1742.1551993958774,29.565630622579807,171.8,-3.000000000000057,15.0
1742.3217744642488,0.8328753418571733,172.0,2.913126124516509,15.0
1745.242074958932,14.601502473417522,172.2,0.07970119288796695,15.0
1748.242073271361,14.999991562143862,172.4,1.687571227648732e-06,15.0
1751.2420732713608,14.999999999999147,172.6,1.7053025658242404e-13,15.0
1754.242073271361,15.000000000000284,172.8,-5.684341886080802e-14,15.0
1757.2420732713608,14.999999999999147,173.0,1.7053025658242404e-13,15.0
1760.2420732713608,15.000000000000284,173.2,-5.684341886080802e-14,15.0
1768.9885872340858,43.732569813621446,173.4,-2.913085937500057,29.565629959106445
1764.0259020027895,-24.81342615648297,173.6,5.666924118974919,0.8328753709793091
1769.1267908515201,25.504444243651363,173.8,-2.2161712685713724,14.601502418518066
1775.1450584228787,30.09133785679486,174.0,-3.115282419840753,15.0
1775.3209629943456,0.8795228573347593,174.2,2.9029851515178393,15.0
1778.242074907911,14.605559567825614,174.4,0.07888972298468389,15.0
1781.2420732713608,14.999991817249168,174.6,1.6365501664949988e-06,15.0
1784.242073271361,15.000000000000284,174.8,-5.684341886080802e-14,15.0
1787.2420732713608,14.999999999999147,175.0,1.7053025658242404e-13,15.0
1790.2420732713608,15.000000000000284,175.2,-5.684341886080802e-14,15.0
1793.242073271361,15.000000000000284,175.4,-5.684341886080802e-14,15.0
1796.2420732713608,14.999999999999147,175.6,1.7053025658242404e-13,15.0
1799.242073271361,15.000000000000284,175.8,-5.684341886080802e-14,15.0
1802.2420732713608,14.999999999999147,176.0,1.7053025658242404e-13,15.0
1805.2420732713608,15.000000000000284,176.2,-5.684341886080802e-14,15.0
1808.242073271361,15.000000000000284,176.4,-5.684341886080802e-14,15.0
1811.2420732713608,14.999999999999147,176.6,1.7053025658242404e-13,15.0
1814.242073271361,15.000000000000284,176.8,-5.684341886080802e-14,15.0
1817.2420732713608,14.999999999999147,177.0,1.7053025658242404e-13,15.0
1820.2420732713608,15.000000000000284,177.2,-5.684341886080802e-14,15.0
1823.242073271361,15.000000000000284,177.4,-5.684341886080802e-14,15.0
1826.2420732713608,14.999999999999147,177.6,1.7053025658242404e-13,15.0
1829.242073271361,15.000000000000284,177.8,-5.684341886080802e-14,15.0
1832.2420732713608,14.999999999999147,178.0,1.7053025658242404e-13,15.0
1835.2420732713608,15.000000000000284,178.2,-5.684341886080802e-14,15.0
1838.242073271361,15.000000000000284,178.4,-5.684341886080802e-14,15.0
1844.1551993958765,29.565630622578766,178.6,-2.9999999999998295,15.0
1844.3217744642488,0.8328753418613584,178.8,2.9131261245155997,15.0
1847.242074958932,14.601502473417522,179.0,0.07970119288796695,15.0
1853.1551995390887,29.565622900785137,179.2,-2.9999983124287724,15.0
1853.3217744757462,0.8328746832877769,179.4,2.9131262677278187,29.565629959106445
1861.99482136543,43.36523444842169,179.6,-2.8333847331146558,29.565629959106445
1857.0275436289264,-24.836388682515796,179.8,5.673158250319091,0.8328753709793091
1862.1268688543187,25.49662612696295,180.0,-2.2145296424344565,14.601502418518066
1865.242066458352,15.57598802016713,180.2,-0.1152044170422073,14.999991416931152
1868.242073271361,15.000034065044758,180.4,-6.813008951667143e-06,15.0
1871.2420732713608,14.999999999999147,180.6,1.7053025658242404e-13,15.0
1879.9885872340858,43.732569813621446,180.8,-2.913085937500057,29.565629959106445
1875.0259020027895,-24.81342615648297,181.0,5.666924118974919,0.8328753709793091
1880.1267908515194,25.504444243651363,181.2,-2.2161712685713724,14.601502418518066
1883.2420664479937,15.576377982369918,181.4,-0.11528241984143506,14.999991416931152
1891.9885866862976,43.732601191521645,181.6,-2.913092760867187,29.565629959106445
1892.2294113098635,1.2041231178291554,181.8,2.7465134149367145,14.601502418518066
1892.2481773675331,0.09383028834807661,182.0,2.987338038502628,14.601502418518066
1895.2420715555052,14.96947093986061,182.2,0.00610409617223695,14.999991416931152
1898.242073271361,15.000008579278585,182.4,-1.715855717066006e-06,15.0
1904.1551993958765,29.565630622578766,182.6,-2.9999999999998295,15.0
1904.3217744642488,0.8328753418613584,182.8,2.9131261245155997,15.0
1910.1617948926714,29.200102142114112,183.0,-2.920298807112033,15.0
1913.2420715468602,15.401383270944706,183.2,-0.08027837868945653,15.0
1913.3289470004986,0.4343772681924687,183.4,2.9999982754993084,15.0
1916.242075456761,14.565642281313643,183.6,0.08687372913772151,15.0
1919.242073271361,14.999989072998972,183.8,2.1854002056898025e-06,15.0
1922.2420732713608,14.999999999999147,184.0,1.7053025658242404e-13,15.0
1925.3944400645382,15.761833965887446,184.2,-3.079589843750057,0.8328753709793091
1925.4882394741528,0.46899704807270437,184.4,0.07277694942735025,0.8328753709793091
1931.0948092930278,28.032849094376274,184.6,-2.753833797208074,14.601502418518066
1934.2420609101152,15.736258085435777,184.8,-0.14726397833311466,14.999991416931152
1937.2420732713608,15.000061806228189,185.0,-1.2361245637748652e-05,15.0
1940.2420732713608,15.000000000000284,185.2,-5.684341886080802e-14,15.0
1943.242073271361,15.000000000000284,185.4,-5.684341886080802e-14,15.0
1951.9885872340847,43.7325698136204,185.6,-2.9130859374998295,29.565629959106445
1952.2294113491923,1.2041205755382105,185.8,2.746513962723782,14.601502418518066
1952.2481773708441,0.09383010825922966,186.0,2.9873380778314527,14.601502418518066
1955.2420715555052,14.969470923305538,186.2,0.006104099483252412,15.0
1958.242073271361,15.000008579278585,186.4,-1.715855717066006e-06,15.0
1966.9885872340847,43.7325698136204,186.6,-2.9130859374998295,29.565629959106445
1962.0259020027884,-24.81342615647878,186.8,5.666924118973782,0.8328753709793091
1967.1267908515194,25.504444243656778,187.0,-2.2161712685725092,14.999991416931152
1970.2420664479932,15.576377982369918,187.2,-0.11528241984143506,14.999991416931152
1973.242073271361,15.000034116838208,187.4,-6.823367641572986e-06,15.0
1976.2420732713608,14.999999999999147,187.6,1.7053025658242404e-13,15.0
1979.242073271361,15.000000000000284,187.8,-5.684341886080802e-14,15.0
1982.2420732713608,14.999999999999147,188.0,1.7053025658242404e-13,15.0
1990.9885872340847,43.732569813621446,188.2,-2.913085937500057,29.565629959106445
1986.0259020027884,-24.81342615647878,188.4,5.666924118973782,0.8328753709793091
1991.1267908515194,25.504444243656778,188.6,-2.2161712685725092,14.601502418518066
1994.2420664479937,15.576377982369918,188.8,-0.11528241984143506,14.999991416931152
1997.2420732713608,15.000034116835934,189.0,-6.823367186825635e-06,15.0
2000.2420732713608,15.000000000000284,189.2,-5.684341886080802e-14,15.0
2003.242073271361,15.000000000000284,189.4,-5.684341886080802e-14,15.0
2006.2420732713608,14.999999999999147,189.6,1.7053025658242404e-13,15.0
2009.242073271361,15.000000000000284,189.8,-5.684341886080802e-14,15.0
2012.2420732713608,14.999999999999147,190.0,1.7053025658242404e-13,15.0
2015.2420732713608,15.000000000000284,190.2,-5.684341886080802e-14,15.0
2018.242073271361,15.000000000000284,190.4,-5.684341886080802e-14,15.0
2021.2420732713608,14.999999999999147,190.6,1.7053025658242404e-13,15.0
2024.242073271361,15.000000000000284,190.8,-5.684341886080802e-14,15.0
2027.2420732713608,14.999999999999147,191.0,1.7053025658242404e-13,15.0
2030.2420732713608,15.000000000000284,191.2,-5.684341886080802e-14,15.0
2033.242073271361,15.000000000000284,191.4,-5.684341886080802e-14,15.0
2036.2420732713608,14.999999999999147,191.6,1.7053025658242404e-13,15.0
2039.242073271361,15.000000000000284,191.8,-5.684341886080802e-14,15.0
2042.2420732713608,14.999999999999147,192.0,1.7053025658242404e-13,15.0
2045.2420732713608,15.000000000000284,192.2,-5.684341886080802e-14,15.0
2048.2420732713613,15.000000000000284,192.4,-5.684341886080802e-14,15.0
2051.242073271361,14.99999999999801,192.6,3.979039320256561e-13,15.0
2054.2420732713613,15.000000000000284,192.8,-5.684341886080802e-14,15.0
2057.242073271361,14.99999999999801,193.0,3.979039320256561e-13,15.0
2060.242073271361,15.000000000000284,193.2,-5.684341886080802e-14,15.0
2063.2420732713613,15.000000000000284,193.4,-5.684341886080802e-14,15.0
2066.242073271361,14.99999999999801,193.6,3.979039320256561e-13,15.0
2069.2420732713613,15.000000000000284,193.8,-5.684341886080802e-14,15.0
2080.46356035703,56.10743542834675,194.0,-5.913085937499602,29.565629959106445
2081.5164561806077,5.264479117887976,194.2,5.308401148169139,29.565629959106445
2081.441156974013,-0.37649603297304246,194.4,3.2743829092468673,15.434358596801758
2084.2421016670996,14.004723465431896,194.6,0.19908370265233089,15.00001049041748
2087.2420732713613,14.999858021306238,194.8,2.8395738752351463e-05,15.0
2084.4953346382576,-13.733693165518995,195.0,2.913330078125398,0.43436938524246216
2092.683167667897,40.93916514819938,195.2,-5.746738633103234,14.99998950958252
2093.28943044668,3.0313138939129587,195.4,2.4410943965362435,15.0
2096.2420736253844,14.763215893522707,195.6,0.04735717531906403,15.0
2104.9885872625073,43.73256818561032,195.8,-2.9130855834765157,29.565629959106445
2100.025902010267,-24.813426261202903,196.0,5.666924147396401,0.8328753709793091
