0.16000000000000014,1.2999999999999998,1,[],1
1.4959999999999996,0.41999999999999993,2,[],2
2.024,0.548,3,[],3
2.604,0.5199999999999996,4,[],4
3.224,0.5520000000000005,5,[],5
3.9400000000000004,0.5040000000000004,6,[],6
4.4879999999999995,0.41999999999999993,7,[],7
5.0280000000000005,0.41199999999999903,8,[],8
5.548,0.3439999999999994,9,[],9
6.008000000000001,0.5280000000000005,10,[],10
6.644,0.38400000000000034,11,[],11
7.1,0.41600000000000037,12,[],12
7.612,0.37599999999999945,13,[],13
8.092,0.33999999999999986,14,[],14
8.491999999999999,0.4720000000000013,15,[],15
9.008000000000001,0.35599999999999987,16,[],16
9.436,0.5280000000000005,17,[],17
9.991999999999999,0.4560000000000013,18,[],18
10.5,0.32399999999999984,19,[],19
10.904,0.6600000000000001,20,[],20
11.62,0.3960000000000008,21,[],21
12.16,0.33199999999999896,22,[],22
12.595999999999998,0.5640000000000001,23,[],23
13.184,0.5999999999999979,24,[],24
13.912,0.3359999999999985,25,[],25
14.304,0.4519999999999982,26,[],26
14.812,0.4400000000000013,27,[],27
15.284,0.24799999999999756,28,[],28
15.6,0.347999999999999,29,[],29
16.008000000000003,0.4720000000000013,30,[],30
16.631999999999998,0.2839999999999989,31,[],31
17.04,0.4759999999999991,32,[],32
17.612000000000002,0.4480000000000004,33,[],33
18.131999999999998,0.4120000000000026,34,[],34
18.6,0.35600000000000165,35,[],35
19.028,0.36799999999999855,36,[],36
19.5,0.40400000000000347,37,[],37
19.996000000000002,0.36400000000000077,38,[],38
20.415999999999997,0.45200000000000173,39,[],39
20.912,0.4319999999999986,40,[],40
21.439999999999998,0.2920000000000016,41,[],41
21.799999999999997,0.4440000000000026,42,[],42
22.344,0.4480000000000004,43,[],43
22.880000000000003,0.46000000000000085,44,[],44
23.387999999999998,0.44399999999999906,45,[],45
23.896,0.33999999999999986,46,[],46
24.284,0.39199999999999946,47,[],47
24.704,0.5479999999999983,48,[],48
25.284,0.3999999999999986,49,[],49
25.792,0.3999999999999986,50,[],50
26.292,0.41600000000000037,51,[],51
26.787999999999997,0.4800000000000004,52,[],52
27.328000000000003,0.347999999999999,53,[],53
27.728,0.3279999999999994,54,[],54
28.119999999999997,0.46799999999999997,55,[],55
28.688000000000002,0.4519999999999982,56,[],56
29.18,0.5480000000000018,57,[],57
29.788000000000004,0.5479999999999947,58,[],58
30.388000000000005,0.5640000000000001,59,[],59
31.0,0.46000000000000085,60,[],60
31.508000000000003,0.4160000000000039,61,[],61
31.980000000000004,0.49200000000000443,62,[],62
32.488,0.5879999999999939,63,[],63
33.092,0.4280000000000044,64,[],64
33.612,0.4239999999999995,65,[],65
34.1,0.43599999999999994,66,[],66
34.572,0.3240000000000052,67,[],67
34.996,0.41199999999999903,68,[],68
35.484,0.3159999999999954,69,[],69
35.88,0.38000000000000256,70,[],70
36.312000000000005,0.3200000000000003,71,[],71
36.684000000000005,0.35599999999999454,72,[],72
37.076,0.480000000000004,73,[],73
37.592,0.5840000000000032,74,[],74
38.292,0.2680000000000007,75,[],75
38.628,0.35999999999999943,76,[],76
38.992000000000004,0.2680000000000007,77,[],77
39.28,0.4720000000000013,78,[],78
39.824000000000005,0.35599999999999454,79,[],79
40.188,0.4799999999999969,80,[],80
40.676,0.23199999999999932,81,[],81
41.024,0.4440000000000026,82,[],82
41.504000000000005,0.46399999999999864,83,[],83
41.984,0.3719999999999999,84,[],84
42.412,0.35999999999999943,85,[],85
42.808,0.43200000000000216,86,[],86
43.288000000000004,0.40400000000000347,87,[],87
43.784,0.5760000000000005,88,[],88
44.388000000000005,0.46000000000000085,89,[],89
44.884,0.35999999999999943,90,[],90
45.308,0.4720000000000013,91,[],91
45.792,0.2839999999999989,92,[],92
46.132000000000005,0.21999999999999886,93,[],93
46.416000000000004,0.4959999999999951,94,[],94
47.02,0.2839999999999989,95,[],95
47.392,0.30799999999999983,96,[],96
47.792,0.3119999999999976,97,[],97
48.208,0.3680000000000021,98,[],98
48.592,0.3639999999999972,99,[],99
49.0,0.24399999999999977,100,[],100
49.32,0.3760000000000048,101,[],101
49.784,0.32800000000000296,102,[],102
50.184000000000005,0.32399999999999807,103,[],103
50.632000000000005,0.3960000000000008,104,[],104
51.112,0.6359999999999957,105,[],105
51.796,0.38400000000000034,106,[],106
52.300000000000004,0.4239999999999995,107,[],107
52.788000000000004,0.6640000000000015,108,[],108
53.496,0.5760000000000005,109,[],109
54.08,0.3960000000000008,110,[],110
54.6,0.5519999999999996,111,[],111
55.18,0.4799999999999969,112,[],112
55.732,0.7280000000000015,113,[],113
56.532000000000004,0.4200000000000017,114,[],114
56.992000000000004,0.4719999999999942,115,[],115
57.52,0.49199999999999733,116,[],116
58.120000000000005,0.8279999999999959,117,[],117
59.008,0.22400000000000375,118,[],118
59.276,0.6640000000000015,119,[],119
59.996,0.30799999999999983,120,[],120
60.388000000000005,0.38000000000000256,121,[],121
60.808,0.4399999999999977,122,[],122
61.303999999999995,0.671999999999997,123,[],123
62.02400000000001,0.539999999999992,124,[],124
62.608,0.347999999999999,125,[],125
62.992,0.32800000000000296,126,[],126
63.4,0.4720000000000084,127,[],127
63.892,0.3359999999999985,128,[],128
64.29599999999999,0.4240000000000066,129,[],129
64.788,0.5,130,[],130
65.396,0.6239999999999952,131,[],131
66.08399999999999,0.4519999999999982,132,[],132
66.588,0.5360000000000014,133,[],133
67.204,0.46399999999999864,134,[],134
67.692,0.6640000000000015,135,[],135
68.39999999999999,0.49200000000000443,136,[],136
69.01599999999999,0.33199999999999363,137,[],137
69.43599999999999,0.30000000000001137,138,[],138
69.79599999999999,0.6920000000000073,139,[],139
70.488,0.4159999999999968,140,[],140
70.996,0.5319999999999965,141,[],141
71.6,0.3439999999999941,142,[],142
72.0,0.32399999999999807,143,[],143
72.38,0.5240000000000009,144,[],144
72.99199999999999,0.5760000000000076,145,[],145
73.6,0.48399999999999466,146,[],146
74.19999999999999,0.35200000000000387,147,[],147
74.612,0.4200000000000017,148,[],148
75.08399999999999,0.5,149,[],149
75.708,0.43200000000000216,150,[],150
76.22399999999999,0.32399999999999807,151,[],151
76.576,0.3919999999999959,152,[],152
77.01599999999999,0.35999999999999943,153,[],153
77.39999999999999,0.3440000000000083,154,[],154
77.79599999999999,0.40399999999999636,155,[],155
78.3,0.5160000000000053,156,[],156
78.884,0.3719999999999999,157,[],157
79.28399999999999,0.5279999999999916,158,[],158
79.91199999999999,0.43600000000000705,159,[],159
80.42,0.21999999999999886,160,[],160
80.692,0.35200000000000387,161,[],161
81.092,0.5679999999999978,162,[],162
81.704,0.35200000000000387,163,[],163
82.092,0.4399999999999977,164,[],164
82.588,0.40399999999999636,165,[],165
83.09599999999999,0.416000000000011,166,[],166
83.616,0.4200000000000017,167,[],167
84.088,0.5720000000000027,168,[],168
84.704,0.46000000000000796,169,[],169
85.17599999999999,0.5560000000000116,170,[],170
85.792,0.35599999999999454,171,[],171
86.17999999999999,0.3760000000000048,172,[],172
86.60799999999999,0.43600000000000705,173,[],173
87.116,0.3159999999999883,174,[],174
87.496,0.5799999999999983,175,[],175
88.09599999999999,0.4440000000000026,176,[],176
88.59599999999999,0.3960000000000008,177,[],177
89.1,0.2560000000000002,178,[],178
89.396,0.5040000000000049,179,[],179
89.996,0.6039999999999992,180,[],180
90.684,0.4159999999999968,181,[],181
91.18799999999999,0.6400000000000006,182,[],182
91.916,0.5439999999999969,183,[],183
92.488,0.32799999999998875,184,[],184
92.91199999999999,0.6000000000000085,185,[],185
93.616,0.4239999999999924,186,[],186
94.092,0.6319999999999908,187,[],187
94.81599999999999,0.5520000000000067,188,[],188
95.384,0.4479999999999933,189,[],189
95.884,0.40399999999999636,190,[],190
96.372,0.7240000000000038,191,[],191
97.184,0.6680000000000064,192,[],192
97.904,0.5240000000000009,193,[],193
98.488,0.35999999999999943,194,[],194
98.92,0.6039999999999992,195,[],195
99.592,0.6839999999999975,196,[],196
100.288,0.2920000000000016,197,[],197
100.59599999999999,0.847999999999999,198,[],198
101.512,0.6480000000000103,199,[],199
102.17999999999999,0.5559999999999974,200,1,[],1,1,0,497,500,88,92,0.7004379
102.80799999999999,0.5840000000000032,201,[],200
103.50399999999999,0.7600000000000051,202,[],201
104.30799999999999,0.4440000000000026,203,[],202
104.788,0.5319999999999965,204,[],203
105.408,0.6199999999999903,205,[],204
106.068,0.35600000000000875,206,[],205
106.488,0.671999999999997,207,[],206
107.204,0.5559999999999974,208,[],207
107.78399999999999,0.5120000000000005,209,[],208
108.396,0.4679999999999893,210,[],209
108.95599999999999,0.48799999999999955,211,[],210
109.51599999999999,0.5640000000000072,212,[],211
110.09599999999999,0.35600000000000875,213,[],212
110.49199999999999,0.480000000000004,214,[],213
111.008,0.4519999999999982,215,[],214
111.512,0.7479999999999905,216,[],215
112.292,0.45599999999998886,217,[],216
112.80399999999999,0.44000000000001194,218,[],217
113.32,0.6720000000000113,219,[],218
114.1,0.6880000000000024,220,[],219
114.88,0.5760000000000076,221,[],220
115.488,0.7800000000000011,222,[],221
116.28399999999999,0.367999999999995,223,[],222
116.69999999999999,0.5159999999999911,224,[],223
117.292,0.43600000000000705,225,[],224
117.80799999999999,0.23199999999999932,226,[],225
118.076,0.6839999999999975,227,[],226
118.80399999999999,0.40800000000000125,228,[],227
119.28,0.480000000000004,229,[],228
119.788,0.4759999999999991,230,[],229
120.288,0.347999999999999,231,[],230
120.72,0.6079999999999899,232,[],231
121.41199999999999,0.6440000000000055,233,[],232
122.10799999999999,0.4159999999999968,234,[],233
122.61999999999999,0.43200000000000216,235,[],234
123.08399999999999,0.6400000000000006,236,[],235
123.79599999999999,0.5080000000000098,237,[],236
124.416,0.3400000000000034,238,[],237
124.776,0.7760000000000105,239,[],238
125.58,0.6640000000000157,240,[],239
126.30399999999999,0.46000000000000796,241,[],240
126.788,0.6359999999999957,242,[],241
127.48,0.5559999999999832,243,[],242
128.096,0.539999999999992,244,[],243
128.70000000000002,0.3959999999999866,245,[],244
129.22400000000002,0.775999999999982,246,[],245
130.104,0.4679999999999893,247,[],246
130.592,0.4519999999999982,248,[],247
131.08800000000002,0.37999999999999545,249,[],248
131.508,0.43199999999998795,250,[],249
131.984,0.47199999999998,251,[],250
132.488,0.3400000000000034,252,[],251
132.9,0.568000000000012,253,[],252
133.496,0.3719999999999857,254,[],253
133.888,0.4480000000000075,255,[],254
134.416,0.5120000000000005,256,[],255
135.008,0.6800000000000068,257,[],256
135.68800000000002,0.35200000000000387,258,[],257
136.092,0.43600000000000705,259,[],258
136.608,0.4000000000000057,260,[],259
137.072,0.5800000000000125,261,[],260
137.692,0.6280000000000143,262,[],261
138.40800000000002,0.73599999999999,263,[],262
139.20000000000002,0.5279999999999916,264,[],263
139.82000000000002,0.5159999999999911,265,[],264
140.39600000000002,0.1599999999999966,266,[],265
140.60000000000002,0.43199999999998795,267,[],266
141.12,0.4960000000000093,268,[],267
141.68,0.48399999999998045,269,[],268
142.22400000000002,0.30400000000000205,270,[],269
142.632,0.592000000000013,271,[],270
143.28400000000002,0.48400000000000887,272,[],271
143.812,0.4439999999999884,273,[],272
144.276,0.3640000000000043,274,[],273
144.708,0.7560000000000002,275,[],274
145.5,0.38800000000000523,276,[],275
145.892,0.6640000000000157,277,[],276
146.608,0.671999999999997,278,[],277
147.404,0.44000000000002615,279,[],278
147.916,0.38400000000001455,280,[],279
148.38400000000001,0.4480000000000075,281,[],280
148.916,0.592000000000013,282,[],281
149.624,0.33600000000001273,283,[],282
149.996,0.4720000000000084,284,[],283
150.49200000000002,0.47199999999998,285,[],284
151.032,0.3240000000000123,286,[],285
151.42000000000002,0.45599999999998886,287,[],286
151.892,0.43200000000001637,288,[],287
152.392,0.6680000000000064,289,[],288
153.096,0.2600000000000193,290,[],289
153.39600000000002,0.5160000000000196,291,[],290
154.00400000000002,0.7479999999999905,292,[],291
154.788,0.3919999999999959,293,[],292
155.328,0.2839999999999918,294,[],293
155.71200000000002,0.3800000000000239,295,[],294
156.20000000000002,0.5919999999999845,296,[],295
156.92000000000002,0.5759999999999934,297,[],296
157.62,0.3400000000000034,298,[],297
157.984,0.43200000000001637,299,[],298
158.488,0.7639999999999816,300,[],299
159.30800000000002,0.45599999999998886,301,[],300
159.79600000000002,0.5079999999999814,302,[],301
160.388,0.6479999999999961,303,[],302
161.10000000000002,0.5959999999999752,304,[],303
161.792,0.724000000000018,305,[],304
162.604,0.5240000000000009,306,[],305
163.20000000000002,0.48799999999999955,307,[],306
163.804,0.4560000000000173,308,2,[],2,1,0,494,498,93,98,0.88837075
164.29600000000002,0.45599999999998886,309,[],307
164.79600000000002,0.37999999999999545,310,[],308
165.196,0.3640000000000043,311,[],309
165.616,0.5079999999999814,312,[],310
166.18,0.3120000000000118,313,[],311
166.58800000000002,0.6239999999999952,314,[],312
167.288,0.37999999999999545,315,[],313
167.67600000000002,0.539999999999992,316,[],314
168.292,0.4240000000000066,317,[],315
168.80800000000002,0.5919999999999845,318,[],316
169.508,0.3919999999999959,319,[],317
169.98000000000002,0.6520000000000152,320,[],318
170.67600000000002,0.568000000000012,321,[],319
171.29600000000002,0.4519999999999982,322,[],320
171.78400000000002,0.7319999999999993,323,[],321
172.596,0.4519999999999982,324,[],322
173.10000000000002,0.40399999999999636,325,[],323
173.58,0.5799999999999841,326,[],324
174.208,0.46800000000001774,327,[],325
174.72,0.5440000000000111,328,[],326
175.392,0.5320000000000107,329,[],327
176.024,0.4399999999999977,330,[],328
176.49200000000002,0.6639999999999873,331,[],329
177.20000000000002,0.5960000000000036,332,[],330
177.93200000000002,0.5720000000000027,333,[],331
178.60000000000002,0.5039999999999907,334,[],332
179.18800000000002,0.4000000000000057,335,[],333
179.692,0.671999999999997,336,[],334
180.38,0.4480000000000075,337,[],335
180.904,0.48799999999999955,338,3,[],3,1,0,456,461,85,89,0.6434561
181.508,0.3879999999999768,339,4,[],4,1,0,456,462,88,93,0.7242466
181.99200000000002,0.4399999999999977,340,[],336
182.5,0.5560000000000116,341,[],337
183.096,0.6200000000000045,342,[],338
183.788,0.3760000000000048,343,[],339
184.184,0.6599999999999966,344,[],340
184.912,0.5759999999999934,345,[],341
185.616,0.5759999999999934,346,[],342
186.3,0.563999999999993,347,[],343
186.924,0.48400000000000887,348,[],344
187.488,0.4000000000000057,349,[],345
187.976,0.5040000000000191,350,[],346
188.62,0.5159999999999911,351,[],347
189.18800000000002,0.539999999999992,352,[],348
189.804,0.47999999999998977,353,[],349
190.38,0.6239999999999952,354,[],350
191.108,0.49200000000001864,355,[],351
191.728,0.5840000000000032,356,[],352
192.392,0.8000000000000114,357,[],353
193.288,0.5039999999999907,358,[],354
193.916,0.6760000000000161,359,[],355
194.684,0.8479999999999848,360,[],356
195.62,0.4759999999999991,361,[],357
196.208,0.5999999999999943,362,[],358
196.892,0.4480000000000075,363,[],359
197.392,0.4919999999999902,364,[],360
197.988,0.5720000000000027,365,[],361
198.644,0.6119999999999948,366,[],362
199.276,0.5720000000000027,367,[],363
199.916,0.40399999999999636,368,[],364
200.40800000000002,0.6639999999999873,369,[],365
201.07600000000002,0.6279999999999859,370,[],366
201.8,0.3879999999999768,371,[],367
202.336,0.3359999999999843,372,[],368
202.732,0.49200000000001864,373,[],369
203.28400000000002,0.3160000000000025,374,[],370
203.704,0.47999999999998977,375,[],371
204.3,0.6239999999999952,376,[],372
204.984,0.4240000000000066,377,[],373
205.488,0.4240000000000066,378,[],374
205.996,0.5039999999999907,379,[],375
206.58,0.49200000000001864,380,[],376
207.196,0.5159999999999911,381,[],377
207.8,0.37999999999999545,382,[],378
208.21200000000002,0.4199999999999875,383,[],379
208.68800000000002,0.3720000000000141,384,[],380
209.092,0.3919999999999959,385,[],381
209.58800000000002,0.40799999999998704,386,[],382
210.072,0.43199999999998795,387,[],383
210.608,0.5879999999999939,388,[],384
211.292,0.4200000000000159,389,[],385
211.78400000000002,0.48399999999998045,390,[],386
212.364,0.5320000000000107,391,[],387
213.032,0.3240000000000123,392,[],388
213.392,0.39200000000002433,393,[],389
213.888,0.46000000000000796,394,[],390
214.392,0.5800000000000125,395,[],391
215.0,0.5200000000000102,396,[],392
215.596,0.6160000000000139,397,[],393
216.316,0.46800000000001774,398,[],394
216.92000000000002,0.4720000000000084,399,[],395
217.52800000000002,0.6119999999999948,400,[],396
218.232,0.6359999999999957,401,[],397
218.9,0.5,402,[],398
219.488,0.3160000000000025,403,[],399
219.892,0.3760000000000048,404,[],400
220.28400000000002,0.603999999999985,405,[],401
221.02,0.5360000000000014,406,[],402
221.612,0.660000000000025,407,5,[],5,1,0,483,489,92,97,0.6821082
222.292,0.2680000000000007,408,[],403
222.592,0.4720000000000084,409,[],404
223.10000000000002,0.5719999999999743,410,[],405
223.692,0.38400000000001455,411,[],406
224.20000000000002,0.6879999999999882,412,[],407
225.01600000000002,0.5240000000000009,413,[],408
225.592,0.7239999999999895,414,[],409
226.412,0.38400000000001455,415,[],410
226.924,0.35599999999999454,416,[],411
227.304,0.3400000000000034,417,[],412
227.70000000000002,0.5480000000000018,418,[],413
228.292,0.43600000000000705,419,[],414
228.788,0.5240000000000009,420,[],415
229.412,0.592000000000013,421,[],416
230.10000000000002,0.3959999999999866,422,[],417
230.592,0.695999999999998,423,[],418
231.288,0.40799999999998704,424,[],419
231.816,0.37999999999999545,425,[],420
232.30800000000002,0.5839999999999748,426,[],421
232.984,0.6399999999999864,427,[],422
233.68800000000002,0.7119999999999891,428,[],423
234.548,0.33600000000001273,429,[],424
234.984,0.5879999999999939,430,[],425
235.624,0.6800000000000068,431,[],426
236.376,0.4000000000000057,432,[],427
236.88400000000001,0.6359999999999957,433,[],428
237.60000000000002,0.4399999999999977,434,[],429
238.12800000000001,0.5079999999999814,435,[],430
238.716,0.43600000000000705,436,[],431
239.208,0.4480000000000075,437,[],432
239.71200000000002,0.45999999999997954,438,[],433
240.288,0.5240000000000009,439,[],434
240.9,0.4759999999999991,440,[],435
241.392,0.6080000000000041,441,[],436
242.14000000000001,0.5080000000000098,442,[],437
242.68,0.5999999999999943,443,[],438
243.372,0.5039999999999907,444,[],439
244.02800000000002,0.3919999999999959,445,[],440
244.496,0.5159999999999911,446,[],441
245.10000000000002,0.4759999999999991,447,[],442
245.58800000000002,0.367999999999995,448,[],443
245.988,0.6760000000000161,449,[],444
246.692,0.3439999999999941,450,[],445
247.084,0.49200000000001864,451,[],446
247.624,0.4960000000000093,452,[],447
248.228,0.47999999999998977,453,[],448
248.8,0.43600000000000705,454,[],449
249.276,0.5200000000000102,455,[],450
249.9,0.7600000000000193,456,[],451
250.764,0.48400000000000887,457,[],452
251.28400000000002,0.5240000000000009,458,[],453
251.924,0.47999999999998977,459,[],454
252.484,0.2519999999999527,460,[],455
252.78,0.5319999999999823,461,[],456
253.39200000000002,0.42799999999999727,462,[],457
253.888,0.3639999999999759,463,[],458
254.32399999999998,0.5720000000000027,464,[],459
254.992,0.47199999999998,465,[],460
255.48,0.4519999999999982,466,[],461
256.03999999999996,0.5960000000000036,467,[],462
256.70799999999997,0.46800000000001774,468,[],463
257.2,0.4399999999999977,469,[],464
257.68399999999997,0.5040000000000191,470,[],465
258.284,0.3720000000000141,471,[],466
258.704,0.575999999999965,472,[],467
259.292,0.40399999999999636,473,[],468
259.784,0.30800000000004957,474,[],469
260.188,0.29199999999997317,475,[],470
260.52799999999996,0.3919999999999959,476,[],471
260.996,0.32799999999997453,477,[],472
261.404,0.396000000000015,478,[],473
261.9,0.5880000000000223,479,[],474
262.49199999999996,0.4759999999999991,480,[],475
263.012,0.32799999999997453,481,[],476
263.38399999999996,0.35199999999997544,482,[],477
263.772,0.367999999999995,483,[],478
264.216,0.6079999999999472,484,6,[],6,1,0,433,439,93,98,0.7677237
264.88,0.4199999999999591,485,[],479
265.392,0.3879999999999768,486,[],480
265.81199999999995,0.5199999999999818,487,[],481
266.392,0.5120000000000005,488,[],482
267.0,0.7679999999999723,489,[],483
267.78,0.3160000000000309,490,[],484
268.20799999999997,0.25600000000002865,491,[],485
268.49199999999996,0.23200000000002774,492,7,[],7,1,0,447,452,95,99,0.67325085
268.784,0.4399999999999977,493,[],486
269.292,0.3240000000000123,494,[],487
269.68399999999997,0.2839999999999918,495,[],488
270.0,0.3599999999999568,496,[],489
270.388,0.29200000000003,497,[],490
270.692,0.37199999999995725,498,[],491
271.116,0.4200000000000159,499,[],492
271.608,0.4840000000000373,500,[],493
272.188,0.5360000000000014,501,[],494
272.79999999999995,0.41600000000005366,502,[],495
273.296,0.5240000000000009,503,8,[],8,1,0,480,484,100,104,0.74931693
273.936,0.36000000000001364,504,[],496
274.38399999999996,0.45599999999996044,505,[],497
274.888,0.39999999999997726,506,[],498
275.40799999999996,0.3919999999999959,507,[],499
275.888,0.4079999999999586,508,[],500
276.38399999999996,0.6159999999999854,509,[],501
277.08799999999997,0.6080000000000041,510,[],502
277.77599999999995,0.632000000000005,511,9,[],9,1,0,500,503,99,104,0.7058394
278.47999999999996,0.4800000000000182,512,[],503
278.99199999999996,0.33199999999999363,513,[],504
279.4,0.3720000000000141,514,[],505
279.784,0.5840000000000032,515,[],506
280.4,0.5760000000000218,516,[],507
281.12399999999997,0.5840000000000032,517,[],508
281.79999999999995,0.36800000000005184,518,[],509
282.21999999999997,0.424000000000035,519,[],510
282.69599999999997,0.25600000000002865,520,[],511
283.024,0.5240000000000009,521,[],512
283.58799999999997,0.5600000000000023,522,[],513
284.18399999999997,0.42399999999997817,523,[],514
284.70799999999997,0.5120000000000005,524,[],515
285.32399999999996,0.5640000000000214,525,[],516
285.988,0.47199999999998,526,[],517
286.524,0.6920000000000073,527,[],518
287.292,0.46399999999999864,528,[],519
287.82,0.632000000000005,529,[],520
288.484,0.48799999999999955,530,[],521
289.008,0.8240000000000123,531,[],522
289.88399999999996,0.45599999999996044,532,[],523
290.38,0.42799999999999727,533,[],524
290.888,0.3480000000000132,534,[],525
291.292,0.5480000000000018,535,[],526
291.912,0.3120000000000118,536,[],527
292.304,0.5480000000000018,537,[],528
292.90799999999996,0.5520000000000209,538,[],529
293.50399999999996,0.35599999999999454,539,[],530
293.9,0.43200000000001637,540,[],531
294.39599999999996,0.6999999999999886,541,[],532
295.188,0.37999999999999545,542,[],533
295.592,0.5679999999999836,543,[],534
296.216,0.34799999999995634,544,[],535
296.58,0.6800000000000068,545,[],536
297.284,0.7680000000000291,546,[],537
298.11199999999997,0.5080000000000382,547,[],538
298.70799999999997,0.6359999999999673,548,[],539
299.39599999999996,0.33600000000001273,549,[],540
299.828,0.424000000000035,550,[],541
300.284,0.4200000000000159,551,[],542
300.81199999999995,0.7360000000000468,552,[],543
301.58799999999997,0.46800000000001774,553,[],544
302.08799999999997,0.5879999999999654,554,[],545
302.68399999999997,0.4800000000000182,555,[],546
303.2,0.33199999999999363,556,[],547
303.59999999999997,0.9759999999999991,557,[],548
304.61199999999997,0.49200000000001864,558,[],549
305.20799999999997,0.2599999999999909,559,[],550
305.512,0.4519999999999982,560,[],551
305.988,0.7199999999999704,561,[],552
306.804,0.5600000000000023,562,[],553
307.39599999999996,0.6800000000000068,563,[],554
308.08799999999997,0.7399999999999523,564,[],555
308.91999999999996,0.3439999999999941,565,[],556
309.27599999999995,0.5920000000000414,566,[],557
309.904,0.5480000000000018,567,[],558
310.508,0.33199999999999363,568,[],559
310.904,0.5399999999999636,569,[],560
311.488,0.32799999999997453,570,[],561
311.928,0.5319999999999823,571,[],562
312.496,0.6759999999999877,572,[],563
313.18,0.5919999999999845,573,[],564
313.888,0.7479999999999905,574,[],565
314.688,0.7679999999999723,575,[],566
315.472,0.5840000000000032,576,[],567
316.084,0.9320000000000164,577,[],568
317.08799999999997,0.5519999999999641,578,[],569
317.68399999999997,0.6399999999999864,579,[],570
318.39599999999996,0.5040000000000191,580,[],571
319.036,0.4959999999999809,581,[],572
319.584,0.28799999999995407,582,[],573
319.88399999999996,0.40800000000001546,583,[],574
320.40799999999996,0.5920000000000414,584,[],575
321.12,0.5559999999999832,585,[],576
321.71999999999997,0.6960000000000264,586,[],577
322.536,0.311999999999955,587,[],578
322.9,0.7080000000000268,588,[],579
323.664,0.5,589,[],580
324.308,0.5240000000000009,590,[],581
324.888,0.603999999999985,591,[],582
325.59999999999997,0.42799999999999727,592,[],583
326.08,0.7440000000000282,593,[],584
326.924,0.49200000000001864,594,[],585
327.49199999999996,0.5840000000000032,595,[],586
328.188,0.46800000000001774,596,[],587
328.712,0.4399999999999977,597,[],588
329.18399999999997,0.367999999999995,598,[],589
329.596,0.47199999999998,599,[],590
330.12,0.34799999999995634,600,[],591
330.52,0.43200000000001637,601,[],592
330.988,0.42799999999999727,602,[],593
331.51599999999996,0.25600000000002865,603,[],594
331.77599999999995,0.396000000000015,604,[],595
332.29999999999995,0.35199999999997544,605,[],596
332.716,0.4159999999999968,606,[],597
333.188,0.39999999999997726,607,10,[],10,1,0,494,501,103,107,0.7879026
333.728,0.7799999999999727,608,11,[],11,1,0,496,502,104,109,0.8815377
334.62,0.5360000000000014,609,[],598
335.19599999999997,0.396000000000015,610,[],599
335.69599999999997,0.47200000000003683,611,[],600
336.228,0.6559999999999491,612,[],601
336.988,0.45999999999997954,613,[],602
337.50399999999996,0.7280000000000086,614,[],603
338.28799999999995,0.38800000000003365,615,[],604
338.68399999999997,0.5799999999999841,616,[],605
339.296,0.5559999999999832,617,[],606
339.90799999999996,0.47200000000003683,618,[],607
340.41999999999996,0.660000000000025,619,[],608
341.132,0.3439999999999941,620,[],609
341.512,0.3159999999999741,621,[],610
341.912,0.396000000000015,622,[],611
342.376,0.27199999999999136,623,[],612
342.704,0.6239999999999668,624,[],613
343.376,0.27600000000001046,625,[],614
343.7,0.42799999999999727,626,[],615
344.168,0.5799999999999841,627,[],616
344.808,0.4519999999999982,628,[],617
345.296,0.29199999999997317,629,[],618
345.71999999999997,0.5720000000000027,630,[],619
346.392,0.33199999999999363,631,[],620
346.82,0.48799999999999955,632,[],621
347.43199999999996,0.46399999999999864,633,[],622
347.99199999999996,0.34000000000003183,634,[],623
348.376,0.5640000000000214,635,[],624
348.988,0.6519999999999868,636,[],625
349.688,0.47199999999998,637,[],626
350.2,0.5760000000000218,638,[],627
350.89599999999996,0.48799999999999955,639,[],628
351.488,0.5,640,[],629
352.084,0.7599999999999909,641,[],630
352.892,0.3599999999999568,642,[],631
353.284,0.4119999999999777,643,[],632
353.81199999999995,0.34400000000005093,644,[],633
354.19599999999997,0.6879999999999882,645,[],634
355.012,0.3480000000000132,646,[],635
355.392,0.35599999999999454,647,[],636
355.78799999999995,0.632000000000005,648,[],637
356.52,0.44399999999996,649,[],638
357.012,0.45999999999997954,650,[],639
357.52,0.3240000000000123,651,[],640
357.88399999999996,0.5960000000000036,652,[],641
358.532,0.40399999999999636,653,[],642
358.996,0.5640000000000214,654,[],643
359.596,0.9799999999999613,655,[],644
360.712,0.7639999999999532,656,[],645
361.47999999999996,0.5039999999999623,657,[],646
362.092,0.6599999999999682,658,[],647
362.804,0.26799999999997226,659,[],648
363.08799999999997,0.46399999999999864,660,[],649
363.604,0.6200000000000045,661,[],650
364.28,0.27199999999999136,662,[],651
364.592,0.47199999999998,663,[],652
365.108,0.5120000000000005,664,[],653
365.7,0.4519999999999982,665,[],654
366.17199999999997,0.43200000000001637,666,[],655
366.728,0.7679999999999723,667,[],656
367.604,0.45999999999997954,668,12,[],12,1,0,439,442,92,96,0.6352283
368.116,0.3919999999999959,669,[],657
368.58799999999997,0.3919999999999959,670,[],658
368.996,0.37999999999999545,671,[],659
369.524,0.5399999999999636,672,[],660
370.084,0.7439999999999714,673,[],661
370.9,0.33600000000001273,674,[],662
371.28,0.6080000000000041,675,[],663
371.97999999999996,0.5360000000000014,676,13,[],13,1,0,443,447,90,94,0.7361596
372.584,0.6519999999999868,677,[],664
373.284,0.37999999999999545,678,[],665
373.688,0.4159999999999968,679,[],666
374.18399999999997,0.3480000000000132,680,[],667
374.62,0.40800000000001546,681,[],668
375.092,0.4200000000000159,682,[],669
375.58,0.6479999999999677,683,[],670
376.296,0.4679999999999609,684,[],671
376.796,0.5199999999999818,685,[],672
377.428,0.5519999999999641,686,[],673
378.03999999999996,0.4840000000000373,687,[],674
378.592,0.5319999999999823,688,[],675
379.19599999999997,0.5160000000000196,689,[],676
379.792,0.6080000000000041,690,[],677
380.496,0.2799999999999727,691,[],678
380.82399999999996,0.43200000000001637,692,[],679
381.332,0.5840000000000032,693,[],680
382.00399999999996,0.46399999999999864,694,[],681
382.51599999999996,0.4159999999999968,695,[],682
382.984,0.5360000000000014,696,[],683
383.58799999999997,0.6040000000000418,697,[],684
384.316,0.6080000000000041,698,[],685
384.99199999999996,0.7240000000000464,699,[],686
385.772,0.660000000000025,700,[],687
386.488,0.5480000000000018,701,[],688
387.08799999999997,0.37999999999999545,702,[],689
387.524,0.42799999999999727,703,[],690
387.996,0.3439999999999941,704,[],691
388.41999999999996,0.5279999999999632,705,[],692
389.00399999999996,0.5880000000000223,706,[],693
389.712,0.36400000000003274,707,[],694
390.084,0.6119999999999663,708,[],695
390.784,0.5039999999999623,709,[],696
391.38399999999996,0.40399999999999636,710,[],697
391.892,0.4919999999999618,711,[],698
392.56399999999996,0.660000000000025,712,[],699
393.328,0.5720000000000027,713,[],700
394.012,0.4399999999999977,714,[],701
394.49199999999996,0.6800000000000068,715,[],702
395.20799999999997,0.5439999999999827,716,[],703
395.78799999999995,0.6120000000000232,717,[],704
396.47999999999996,0.2759999999999536,718,[],705
396.79999999999995,0.5800000000000409,719,[],706
397.40799999999996,0.5840000000000032,720,[],707
398.108,0.7199999999999704,721,[],708
398.88399999999996,0.6680000000000064,722,[],709
399.58799999999997,0.2839999999999918,723,[],710
399.904,0.5679999999999836,724,[],711
400.508,0.3919999999999959,725,[],712
401.01599999999996,0.4440000000000168,726,[],713
401.484,0.3639999999999759,727,[],714
401.892,0.4199999999999591,728,[],715
402.392,0.6999999999999886,729,[],716
403.176,0.6839999999999691,730,[],717
403.9,0.4159999999999968,731,[],718
404.428,0.5240000000000009,732,[],719
404.99199999999996,0.6480000000000246,733,[],720
405.74399999999997,0.424000000000035,734,[],721
406.188,0.2319999999999709,735,[],722
406.496,0.2880000000000109,736,[],723
406.88399999999996,0.575999999999965,737,[],724
407.496,0.6680000000000064,738,[],725
408.21999999999997,0.4000000000000341,739,[],726
408.688,0.8039999999999736,740,[],727
409.584,0.6120000000000232,741,[],728
410.28799999999995,0.5400000000000205,742,[],729
410.9,0.33199999999999363,743,[],730
411.31199999999995,0.4000000000000341,744,[],731
411.784,0.4959999999999809,745,[],732
412.38399999999996,0.575999999999965,746,[],733
413.03999999999996,0.5680000000000405,747,[],734
413.676,0.40399999999999636,748,[],735
414.216,0.35599999999999454,749,[],736
414.604,0.8079999999999927,750,[],737
415.484,0.5240000000000009,751,[],738
416.08799999999997,0.5760000000000218,752,[],739
416.7,0.6239999999999668,753,[],740
417.404,0.6959999999999695,754,[],741
418.19599999999997,0.6440000000000055,755,[],742
418.868,0.7320000000000277,756,[],743
419.676,0.37599999999997635,757,14,[],14,1,0,448,453,93,97,0.6121056
420.12399999999997,0.6279999999999859,758,[],744
420.82,0.4679999999999609,759,[],745
421.404,0.5559999999999832,760,[],746
421.99199999999996,0.4159999999999968,761,[],747
422.512,0.4200000000000159,762,[],748
422.97999999999996,0.4199999999999591,763,[],749
423.496,0.3639999999999759,764,[],750
423.924,0.4359999999999786,765,[],751
424.404,0.48399999999998045,766,[],752
424.888,0.39999999999997726,767,[],753
425.4,0.5919999999999845,768,[],754
426.11199999999997,0.5,769,[],755
426.68399999999997,0.5,770,[],756
427.28,0.5399999999999636,771,[],757
427.892,0.7040000000000077,772,[],758
428.69599999999997,0.33600000000001273,773,[],759
429.08799999999997,0.5800000000000409,774,[],760
429.73199999999997,0.40800000000001546,775,[],761
430.228,0.6199999999999477,776,[],762
430.88399999999996,0.424000000000035,777,[],763
431.38399999999996,0.4200000000000159,778,[],764
431.88399999999996,0.42399999999997817,779,[],765
432.404,0.4199999999999591,780,[],766
432.89599999999996,0.7080000000000268,781,15,[],15,1,0,459,464,93,98,0.7436125
433.724,0.40399999999999636,782,[],767
434.19599999999997,0.424000000000035,783,[],768
434.692,0.37999999999999545,784,[],769
435.096,0.4000000000000341,785,[],770
435.584,0.5799999999999841,786,[],771
436.23199999999997,0.5,787,[],772
436.796,0.42799999999999727,788,[],773
437.304,0.3919999999999959,789,[],774
437.83599999999996,0.43200000000001637,790,[],775
438.28799999999995,0.3160000000000309,791,[],776
438.676,0.5199999999999818,792,[],777
439.31199999999995,0.4600000000000364,793,[],778
439.78799999999995,0.6000000000000227,794,[],779
440.49199999999996,0.5799999999999841,795,[],780
441.12399999999997,0.5879999999999654,796,16,[],16,1,0,470,475,94,98,0.7326457
441.77599999999995,0.6479999999999677,797,[],781
442.512,0.48399999999998045,798,[],782
443.11199999999997,0.5,799,[],783
443.71999999999997,0.47199999999998,800,[],784
444.304,0.5159999999999627,801,[],785
444.90799999999996,0.48399999999998045,802,[],786
445.51599999999996,0.6000000000000227,803,[],787
446.18399999999997,0.6399999999999864,804,[],788
446.928,0.5840000000000032,805,17,[],17,1,0,460,465,92,96,0.8884555
447.59999999999997,0.367999999999995,806,[],789
447.984,0.33199999999999363,807,[],790
448.43199999999996,0.45999999999997954,808,[],791
449.01599999999996,0.367999999999995,809,[],792
449.388,0.40399999999999636,810,[],793
449.888,0.5240000000000009,811,[],794
450.47999999999996,0.5439999999999827,812,[],795
451.096,0.3199999999999932,813,18,[],18,1,0,459,463,91,95,0.8093915
451.49199999999996,0.33600000000001273,814,[],796
451.89599999999996,0.7480000000000473,815,[],797
452.68399999999997,0.30400000000003047,816,[],798
453.104,0.48799999999999955,817,19,[],19,1,0,459,463,90,94,0.6097308
453.704,0.6399999999999864,818,[],799
454.388,0.43600000000003547,819,[],800
454.904,0.48799999999999955,820,[],801
455.50399999999996,0.6680000000000064,821,[],802
456.18,0.6440000000000055,822,[],803
456.888,0.5040000000000191,823,[],804
457.47999999999996,0.47199999999998,824,[],805
458.0,0.42799999999999727,825,[],806
458.47999999999996,0.6360000000000241,826,20,[],20,1,0,460,464,91,96,0.66266304
459.19599999999997,0.5439999999999827,827,[],807
459.78,0.4519999999999982,828,[],808
460.292,0.4440000000000168,829,21,[],21,1,0,458,463,93,97,0.8913308
460.784,0.6920000000000073,830,22,[],22,1,0,459,463,90,94,0.7777308
461.512,0.6719999999999686,831,[],809
462.18399999999997,0.52800000000002,832,[],810
462.79999999999995,0.896000000000015,833,[],811
463.792,0.4759999999999991,834,[],812
464.32399999999996,0.6080000000000041,835,[],813
464.996,0.8079999999999927,836,[],814
465.892,0.6359999999999673,837,[],815
466.604,0.4959999999999809,838,[],816
467.188,0.9119999999999777,839,[],817
468.18,0.5240000000000009,840,[],818
468.78,0.41600000000005366,841,[],819
469.27599999999995,0.38400000000001455,842,[],820
469.71999999999997,0.4800000000000182,843,[],821
470.29999999999995,0.39200000000005275,844,[],822
470.78799999999995,0.34000000000003183,845,[],823
471.192,0.5480000000000018,846,[],824
471.79999999999995,0.49600000000003774,847,[],825
472.392,0.33600000000001273,848,23,[],23,1,0,460,465,94,98,0.7534135
472.804,0.14800000000002456,849,[],826
473.024,0.5600000000000023,850,[],827
473.7,0.3039999999999736,851,[],828
474.08,0.6159999999999854,852,[],829
474.78799999999995,0.5040000000000191,853,[],830
475.424,0.396000000000015,854,[],831
475.88,0.48799999999999955,855,[],832
476.38399999999996,0.3839999999999577,856,[],833
476.79999999999995,0.5360000000000014,857,[],834
477.392,0.3760000000000332,858,[],835
477.904,0.5120000000000005,859,[],836
478.49199999999996,0.4200000000000159,860,[],837
479.01599999999996,0.4440000000000168,861,[],838
479.496,0.4200000000000159,862,[],839
480.056,0.4159999999999968,863,[],840
480.508,0.3919999999999959,864,[],841
481.00399999999996,0.7839999999999918,865,[],842
481.89599999999996,0.5200000000000387,866,[],843
482.47999999999996,0.7879999999999541,867,[],844
483.296,0.4200000000000159,868,[],845
483.78799999999995,0.5519999999999641,869,[],846
484.38,0.4919999999999618,870,[],847
484.88399999999996,0.6680000000000064,871,[],848
485.58799999999997,0.4840000000000373,872,[],849
486.084,0.5480000000000018,873,[],850
486.75199999999995,0.3160000000000309,874,[],851
487.08799999999997,0.5400000000000205,875,[],852
487.73199999999997,0.2599999999999909,876,[],853
488.084,0.4000000000000341,877,[],854
488.58,0.7239999999999895,878,[],855
489.4,0.46399999999999864,879,[],856
489.912,0.5720000000000027,880,[],857
490.592,0.7280000000000086,881,[],858
491.388,0.52800000000002,882,[],859
492.044,0.6759999999999877,883,[],860
492.784,0.6920000000000073,884,[],861
493.524,0.26400000000001,885,[],862
493.89599999999996,0.5400000000000205,886,[],863
494.52799999999996,0.4759999999999991,887,[],864
495.092,0.37999999999999545,888,[],865
495.488,0.4079999999999586,889,[],866
495.99199999999996,0.5920000000000414,890,[],867
496.704,0.3599999999999568,891,[],868
497.11199999999997,0.5279999999999632,892,[],869
497.69599999999997,0.3760000000000332,893,[],870
498.104,0.5319999999999823,894,[],871
498.688,0.40399999999999636,895,[],872
499.2,0.6159999999999854,896,[],873
499.888,0.5360000000000014,897,[],874
500.49199999999996,0.5840000000000032,898,[],875
501.188,0.3039999999999736,899,[],876
501.584,0.6639999999999873,900,[],877
502.284,0.4399999999999977,901,[],878
502.784,0.5439999999999827,902,[],879
503.388,0.6720000000000255,903,[],880
504.08799999999997,0.25200000000000955,904,[],881
504.424,0.4519999999999982,905,[],882
504.928,0.18000000000000682,906,24,[],24,1,0,411,417,56,59,0.85059965
505.23199999999997,0.396000000000015,907,25,[],25,1,0,411,417,55,60,0.87199867
505.736,0.36000000000001364,908,26,[],26,1,0,249,254,73,78,0.8898294
506.192,0.32799999999997453,909,27,[],27,1,0,252,256,74,78,0.76651543
506.608,0.24399999999997135,910,[],883
506.88399999999996,0.20799999999997,911,[],884
507.192,0.44399999999996,912,[],885
507.7,0.45999999999997954,913,[],886
508.18399999999997,0.4280000000000541,914,[],887
508.7,0.34399999999993724,915,[],888
509.14799999999997,0.5919999999999845,916,[],889
509.776,0.39999999999997726,917,[],890
510.276,0.5360000000000582,918,[],891
510.87999999999994,0.34799999999995634,919,[],892
511.316,0.15600000000006276,920,[],893
511.508,0.39999999999997726,921,[],894
511.992,0.42799999999999727,922,[],895
512.496,0.2480000000000473,923,28,[],28,1,0,520,525,91,95,0.7380199
512.808,0.5960000000000036,924,29,[],29,1,0,522,528,87,91,0.6336994
513.48,0.32399999999995543,925,[],896
513.8960000000001,0.62399999999991,926,[],897
514.596,0.2839999999999918,927,[],898
514.888,0.4519999999999982,928,[],899
515.384,0.5639999999999645,929,[],900
516.0120000000001,0.6680000000000064,930,[],901
516.688,0.52800000000002,931,30,[],30,1,0,554,559,94,99,0.6352726
517.288,0.5240000000000009,932,31,[],31,1,0,558,564,94,98,0.8532351
517.916,0.37599999999997635,933,[],902
518.3960000000001,0.5480000000000018,934,[],903
519.004,0.42399999999997817,935,[],904
519.5,0.37999999999999545,936,[],905
519.888,0.5480000000000018,937,[],906
520.488,0.43600000000003547,938,[],907
520.988,0.41200000000003456,939,[],908
521.496,0.6040000000000418,940,[],909
522.2,0.40800000000001546,941,[],910
522.668,0.52800000000002,942,[],911
523.316,0.5960000000000036,943,[],912
523.98,0.42399999999997817,944,[],913
524.48,0.43600000000003547,945,[],914
524.988,0.38400000000001455,946,[],915
525.392,0.2880000000000109,947,[],916
525.792,0.2319999999999709,948,[],917
526.08,0.5480000000000018,949,[],918
526.692,0.44400000000007367,950,[],919
527.2,0.5199999999999818,951,[],920
527.796,0.6319999999999482,952,[],921
528.488,0.5119999999999436,953,[],922
529.1080000000001,0.47199999999998,954,[],923
529.592,0.47199999999998,955,[],924
530.116,0.40399999999999636,956,[],925
530.6,0.3160000000000309,957,[],926
531.028,0.37599999999997635,958,[],927
531.476,0.4519999999999982,959,[],928
532.0120000000001,0.42399999999997817,960,[],929
532.4920000000001,0.44800000000009277,961,[],930
533.0120000000001,0.43200000000001637,962,[],931
533.504,0.40800000000001546,963,[],932
533.9920000000001,0.38400000000001455,964,[],933
534.484,0.37599999999997635,965,[],934
534.916,0.2479999999999336,966,[],935
535.1800000000001,0.42799999999999727,967,[],936
535.712,0.41200000000003456,968,[],937
536.196,0.41599999999994,969,[],938
536.7080000000001,0.38399999999990087,970,[],939
537.192,0.6000000000000227,971,[],940
537.884,0.6200000000000045,972,[],941
538.6080000000001,0.4879999999999427,973,[],942
539.1840000000001,0.42399999999997817,974,[],943
539.692,0.7080000000000837,975,[],944
540.484,0.6839999999999691,976,[],945
541.1840000000001,0.5960000000000036,977,[],946
541.8000000000001,0.4679999999999609,978,[],947
542.384,0.41200000000003456,979,[],948
542.8960000000001,0.41200000000003456,980,[],949
543.4000000000001,0.41599999999994,981,[],950
543.884,0.42399999999997817,982,[],951
544.404,0.36800000000005184,983,[],952
544.808,0.636000000000081,984,[],953
545.5,0.3079999999999927,985,[],954
545.892,0.6079999999999472,986,[],955
546.58,0.4479999999999791,987,[],956
547.0880000000001,0.33600000000001273,988,[],957
547.496,0.42400000000009186,989,[],958
547.9920000000001,0.5439999999999827,990,[],959
548.5840000000001,0.36000000000001364,991,[],960
548.988,0.5480000000000018,992,[],961
549.5880000000001,0.4199999999999591,993,[],962
550.1120000000001,0.42799999999999727,994,[],963
550.6,0.4919999999999618,995,[],964
551.192,0.6280000000000427,996,[],965
551.888,0.5400000000000773,997,[],966
552.5,0.4720000000000937,998,[],967
552.988,0.6759999999999309,999,[],968
553.712,0.5520000000000209,1000,[],969
554.32,0.39199999999993906,1001,[],970
554.784,0.4679999999999609,1002,[],971
555.292,0.5199999999999818,1003,[],972
555.904,0.34400000000005093,1004,[],973
556.3000000000001,0.39999999999997726,1005,[],974
556.796,0.5480000000000018,1006,[],975
557.384,0.4880000000000564,1007,[],976
557.9440000000001,0.2599999999999909,1008,[],977
558.2800000000001,0.40399999999999636,1009,[],978
558.82,0.6399999999999864,1010,[],979
559.496,0.3080000000001064,1011,[],980
559.884,0.44399999999996,1012,[],981
560.392,0.55600000000004,1013,[],982
561.0120000000001,0.4639999999999418,1014,[],983
561.5,0.34400000000005093,1015,[],984
561.8960000000001,0.5039999999999054,1016,[],985
562.4920000000001,0.5520000000000209,1017,[],986
563.128,0.6159999999999854,1018,[],987
563.796,0.5040000000000191,1019,[],988
564.38,0.26400000000001,1020,[],989
564.72,0.39999999999997726,1021,[],990
565.2080000000001,0.32799999999997453,1022,32,[],32,1,0,402,406,116,121,0.6236849
565.592,0.40399999999999636,1023,33,[],33,1,0,407,411,118,123,0.714998
566.1,0.6080000000000609,1024,[],991
566.788,0.40800000000001546,1025,[],992
567.3280000000001,0.4839999999999236,1026,[],993
567.892,0.5199999999999818,1027,[],994
568.488,0.2959999999999354,1028,[],995
568.808,0.4920000000000755,1029,[],996
569.3960000000001,0.35200000000008913,1030,[],997
569.792,0.36000000000001364,1031,[],998
570.1800000000001,0.6000000000000227,1032,34,[],34,1,0,517,521,129,133,0.68307585
570.9000000000001,0.5079999999999245,1033,[],999
571.504,0.7799999999999727,1034,[],1000
572.416,0.4959999999999809,1035,[],1001
572.996,0.45200000000011187,1036,[],1002
573.496,0.5919999999999845,1037,[],1003
574.2,0.5320000000000391,1038,[],1004
574.788,0.35199999999997544,1039,[],1005
575.216,0.6040000000000418,1040,[],1006
575.9200000000001,0.41599999999994,1041,[],1007
576.392,0.43600000000003547,1042,[],1008
576.88,0.5040000000000191,1043,[],1009
577.5,0.636000000000081,1044,[],1010
578.196,0.3160000000000309,1045,[],1011
578.592,0.6960000000000264,1046,[],1012
579.288,0.55600000000004,1047,[],1013
579.888,0.39199999999993906,1048,[],1014
580.38,0.6240000000000236,1049,[],1015
581.0840000000001,0.42799999999999727,1050,[],1016
581.5880000000001,0.6359999999999673,1051,[],1017
582.3000000000001,0.42399999999997817,1052,[],1018
582.808,0.5720000000000027,1053,[],1019
583.388,0.6559999999999491,1054,[],1020
584.0880000000001,0.5480000000000018,1055,[],1021
584.676,0.5680000000000973,1056,[],1022
585.296,0.43200000000001637,1057,[],1023
585.8040000000001,0.4359999999999218,1058,[],1024
586.312,0.43200000000001637,1059,[],1025
586.772,0.33600000000001273,1060,[],1026
587.188,0.36000000000001364,1061,[],1027
587.628,0.2839999999999918,1062,[],1028
587.984,0.4199999999999591,1063,[],1029
588.4920000000001,0.5359999999999445,1064,[],1030
589.116,0.6760000000000446,1065,[],1031
589.916,0.42799999999999727,1066,[],1032
590.408,0.4959999999999809,1067,[],1033
590.996,0.39600000000007185,1068,[],1034
591.524,0.4759999999999991,1069,[],1035
592.072,0.5360000000000582,1070,[],1036
592.6800000000001,0.5760000000000218,1071,[],1037
593.292,0.4880000000000564,1072,[],1038
593.7800000000001,0.5240000000000009,1073,[],1039
594.428,0.32399999999995543,1074,[],1040
594.788,0.37599999999997635,1075,[],1041
595.1800000000001,0.4359999999999218,1076,35,[],35,1,0,483,489,167,171,0.72596467
595.688,0.36000000000001364,1077,36,[],36,1,0,487,493,167,171,0.60188955
596.0640000000001,0.6440000000000055,1078,[],1042
596.788,0.4959999999999809,1079,[],1043
597.392,0.67999999999995,1080,[],1044
598.0880000000001,0.5799999999999272,1081,[],1045
598.7080000000001,0.4799999999999045,1082,[],1046
599.3240000000001,0.40399999999999636,1083,[],1047
599.812,0.52800000000002,1084,[],1048
600.38,0.44000000000005457,1085,[],1049
600.884,0.5800000000000409,1086,[],1050
601.508,0.5199999999999818,1087,[],1051
602.092,0.40800000000001546,1088,[],1052
602.616,0.5440000000000964,1089,[],1053
603.188,0.5760000000000218,1090,[],1054
603.816,0.5080000000000382,1091,[],1055
604.384,0.6399999999999864,1092,[],1056
605.12,0.4479999999999791,1093,[],1057
605.576,0.5359999999999445,1094,[],1058
606.192,0.6280000000000427,1095,[],1059
606.9000000000001,0.31199999999989814,1096,[],1060
607.292,0.5879999999999654,1097,[],1061
607.916,0.4399999999999409,1098,[],1062
608.408,0.5159999999999627,1099,[],1063
609.004,0.44399999999996,1100,[],1064
609.496,0.5200000000000955,1101,[],1065
610.0880000000001,0.42399999999997817,1102,[],1066
610.5880000000001,0.5480000000000018,1103,[],1067
611.2,0.5040000000000191,1104,[],1068
611.8000000000001,0.4519999999999982,1105,[],1069
612.2800000000001,0.5040000000000191,1106,[],1070
612.904,0.16000000000008185,1107,[],1071
613.0840000000001,0.40399999999999636,1108,[],1072
613.604,0.4840000000000373,1109,[],1073
614.196,0.42399999999997817,1110,[],1074
614.696,0.4679999999999609,1111,[],1075
615.2080000000001,0.5039999999999054,1112,[],1076
615.8040000000001,0.39199999999993906,1113,37,[],37,1,0,284,288,93,97,0.8488694
616.2800000000001,0.2559999999999718,1114,[],1077
616.62,0.40399999999999636,1115,[],1078
617.12,0.76400000000001,1116,[],1079
617.9920000000001,0.6599999999999682,1117,[],1080
618.6840000000001,0.39599999999995816,1118,[],1081
619.128,0.5919999999999845,1119,[],1082
619.784,0.5160000000000764,1120,38,[],38,1,0,216,222,74,79,0.8161856
620.408,0.70799999999997,1121,39,[],39,1,0,264,268,91,95,0.814093
621.212,0.4600000000000364,1122,[],1083
621.72,0.5240000000000009,1123,[],1084
622.292,0.35599999999999454,1124,[],1085
622.688,0.5320000000000391,1125,[],1086
623.3000000000001,0.4759999999999991,1126,[],1087
623.808,0.4640000000000555,1127,[],1088
624.308,0.3240000000000691,1128,[],1089
624.692,0.5,1129,[],1090
625.296,0.5399999999999636,1130,40,[],40,1,0,385,392,126,131,0.9281395
625.9200000000001,0.5359999999999445,1131,[],1091
626.48,0.4679999999999609,1132,[],1092
627.0160000000001,0.5079999999999245,1133,41,[],41,1,0,361,366,139,143,0.75713235
627.592,0.38800000000003365,1134,[],1093
627.988,0.42799999999999727,1135,42,[],42,1,0,455,462,121,127,0.876139
628.5120000000001,0.5199999999999818,1136,[],1094
629.124,0.33600000000001273,1137,[],1095
629.488,0.5559999999999263,1138,[],1096
630.096,0.44399999999996,1139,[],1097
630.6120000000001,0.4359999999999218,1140,[],1098
631.12,0.43600000000003547,1141,[],1099
631.6,0.4759999999999991,1142,[],1100
632.196,0.38799999999991996,1143,[],1101
632.724,0.39599999999995816,1144,[],1102
633.24,0.4800000000000182,1145,[],1103
633.7760000000001,0.40800000000001546,1146,[],1104
634.288,0.38800000000003365,1147,[],1105
634.688,0.5,1148,[],1106
635.34,0.5399999999999636,1149,[],1107
635.9000000000001,0.37599999999997635,1150,[],1108
636.312,0.4600000000000364,1151,[],1109
636.792,0.4679999999999609,1152,[],1110
637.3040000000001,0.37200000000007094,1153,[],1111
637.712,0.6560000000000628,1154,[],1112
638.3960000000001,0.3079999999999927,1155,[],1113
638.8040000000001,0.6680000000000064,1156,[],1114
639.48,0.2839999999999918,1157,[],1115
639.788,0.37200000000007094,1158,[],1116
640.2080000000001,0.36799999999993815,1159,[],1117
640.58,0.4199999999999591,1160,[],1118
641.104,0.37999999999999545,1161,[],1119
641.488,0.34399999999993724,1162,[],1120
641.904,0.35599999999999454,1163,[],1121
642.3000000000001,0.2799999999999727,1164,[],1122
642.604,0.33199999999999363,1165,[],1123
642.984,0.5039999999999054,1166,[],1124
643.628,0.36799999999993815,1167,[],1125
644.1,0.4519999999999982,1168,[],1126
644.604,0.4879999999999427,1169,[],1127
645.2,0.4519999999999982,1170,[],1128
645.676,0.4599999999999227,1171,[],1129
646.216,0.34000000000003183,1172,[],1130
646.6080000000001,0.4599999999999227,1173,[],1131
647.1360000000001,0.41599999999994,1174,[],1132
647.572,0.42799999999999727,1175,[],1133
648.08,0.39599999999995816,1176,[],1134
648.58,0.5199999999999818,1177,[],1135
649.244,0.39999999999997726,1178,[],1136
649.696,0.2959999999999354,1179,[],1137
650.128,0.39599999999995816,1180,[],1138
650.6120000000001,0.4679999999999609,1181,[],1139
651.1120000000001,0.44399999999996,1182,[],1140
651.592,0.38400000000001455,1183,[],1141
652.02,0.7280000000000655,1184,[],1142
652.7800000000001,0.22800000000006548,1185,[],1143
653.0880000000001,0.5639999999999645,1186,[],1144
653.7040000000001,0.42399999999997817,1187,[],1145
654.2040000000001,0.35199999999997544,1188,[],1146
654.5840000000001,0.4359999999999218,1189,[],1147
655.096,0.6440000000000055,1190,[],1148
655.8280000000001,0.43200000000001637,1191,[],1149
656.312,0.52800000000002,1192,[],1150
656.88,0.6680000000000064,1193,[],1151
657.596,0.41200000000003456,1194,[],1152
658.0880000000001,0.4879999999999427,1195,[],1153
658.6080000000001,0.4599999999999227,1196,[],1154
659.1120000000001,0.5879999999999654,1197,[],1155
659.792,0.34000000000003183,1198,[],1156
660.2080000000001,0.2999999999999545,1199,[],1157
660.604,0.34000000000003183,1200,[],1158
661.028,0.6320000000000618,1201,[],1159
661.736,0.37600000000009004,1202,[],1160
662.192,0.39600000000007185,1203,[],1161
662.72,0.39999999999997726,1204,[],1162
663.196,0.5480000000000018,1205,[],1163
663.812,0.36400000000003274,1206,[],1164
664.1800000000001,0.5760000000000218,1207,[],1165
664.8040000000001,0.5159999999999627,1208,[],1166
665.388,0.35199999999997544,1209,[],1167
665.816,0.4919999999999618,1210,[],1168
666.38,0.6480000000000246,1211,[],1169
667.128,0.5520000000000209,1212,[],1170
667.7080000000001,0.36399999999991905,1213,[],1171
668.092,0.39599999999995816,1214,[],1172
668.592,0.38400000000001455,1215,[],1173
669.14,0.47199999999998,1216,[],1174
669.676,0.36400000000003274,1217,[],1175
670.0840000000001,0.34000000000003183,1218,[],1176
670.488,0.4959999999999809,1219,[],1177
671.076,0.6080000000000609,1220,[],1178
671.812,0.35199999999997544,1221,[],1179
672.2320000000001,0.5040000000000191,1222,[],1180
672.788,0.22400000000004638,1223,[],1181
673.08,0.6319999999999482,1224,[],1182
673.792,0.6040000000000418,1225,[],1183
674.488,0.2880000000000109,1226,[],1184
674.8960000000001,0.6039999999999281,1227,43,[],43,1,0,88,94,106,109,0.6393641
675.6080000000001,0.44399999999996,1228,[],1185
676.0880000000001,0.3039999999999736,1229,[],1186
676.508,0.5639999999999645,1230,[],1187
677.08,0.35200000000008913,1231,[],1188
677.496,0.6160000000000991,1232,[],1189
678.192,0.35599999999999454,1233,[],1190
678.5880000000001,0.39200000000005275,1234,[],1191
679.092,0.36000000000001364,1235,[],1192
679.524,0.44399999999996,1236,[],1193
680.02,0.47199999999998,1237,[],1194
680.6,0.6440000000000055,1238,[],1195
681.288,0.58400000000006,1239,[],1196
681.88,0.4879999999999427,1240,[],1197
682.4920000000001,0.40399999999999636,1241,[],1198
683.008,0.5,1242,[],1199
683.5840000000001,0.40399999999999636,1243,[],1200
684.128,0.34799999999995634,1244,[],1201
684.4920000000001,0.6840000000000828,1245,[],1202
685.296,0.5359999999999445,1246,[],1203
685.8960000000001,0.4799999999999045,1247,[],1204
686.4000000000001,0.47199999999998,1248,[],1205
686.988,0.44399999999996,1249,[],1206
687.488,0.4720000000000937,1250,[],1207
688.008,0.6040000000000418,1251,[],1208
688.6840000000001,0.37599999999997635,1252,[],1209
689.124,0.6279999999999291,1253,[],1210
689.844,0.44399999999996,1254,[],1211
690.384,0.4679999999999609,1255,[],1212
690.8960000000001,0.6159999999999854,1256,[],1213
691.6080000000001,0.39999999999997726,1257,[],1214
692.092,0.40399999999999636,1258,[],1215
692.596,0.6600000000000819,1259,[],1216
693.316,0.38799999999991996,1260,[],1217
693.8040000000001,0.5,1261,[],1218
694.392,0.6240000000000236,1262,[],1219
695.1120000000001,0.5600000000000591,1263,[],1220
695.696,0.40399999999999636,1264,[],1221
696.2040000000001,0.36399999999991905,1265,[],1222
696.616,0.4560000000000173,1266,[],1223
697.104,0.43200000000001637,1267,[],1224
697.6080000000001,0.37599999999997635,1268,[],1225
698.0880000000001,0.2880000000000109,1269,[],1226
698.388,0.5119999999999436,1270,[],1227
698.984,0.34799999999995634,1271,[],1228
699.38,0.37199999999995725,1272,[],1229
699.812,0.41200000000003456,1273,[],1230
700.3040000000001,0.37599999999997635,1274,[],1231
700.808,0.36000000000001364,1275,[],1232
701.24,0.44400000000007367,1276,[],1233
701.688,0.2759999999999536,1277,[],1234
701.996,0.4560000000000173,1278,[],1235
702.504,0.6200000000000045,1279,[],1236
703.1800000000001,0.5320000000000391,1280,[],1237
703.792,0.37999999999999545,1281,[],1238
704.2,0.4759999999999991,1282,[],1239
704.6840000000001,0.5199999999999818,1283,[],1240
705.3040000000001,0.5960000000000036,1284,[],1241
706.044,0.44400000000007367,1285,[],1242
706.596,0.4640000000000555,1286,[],1243
707.116,0.4519999999999982,1287,[],1244
707.58,0.6200000000000045,1288,[],1245
708.292,0.4800000000000182,1289,[],1246
708.8000000000001,0.3280000000000882,1290,[],1247
709.1840000000001,0.6879999999999882,1291,[],1248
709.928,0.37600000000009004,1292,[],1249
710.404,0.34800000000007003,1293,[],1250
710.772,0.4839999999999236,1294,[],1251
711.392,0.37600000000009004,1295,[],1252
711.812,0.4959999999999809,1296,[],1253
712.392,0.6119999999999663,1297,[],1254
713.0840000000001,0.6920000000000073,1298,[],1255
713.8000000000001,0.6000000000000227,1299,[],1256
714.4920000000001,0.5839999999999463,1300,[],1257
715.0880000000001,0.42799999999999727,1301,[],1258
715.6,0.40399999999999636,1302,[],1259
716.1320000000001,0.4679999999999609,1303,[],1260
716.7280000000001,0.4639999999999418,1304,[],1261
717.32,0.4560000000000173,1305,[],1262
717.8040000000001,0.33600000000001273,1306,[],1263
718.2280000000001,0.6759999999999309,1307,[],1264
718.976,0.6200000000000045,1308,[],1265
719.692,0.5520000000000209,1309,[],1266
720.296,0.5079999999999245,1310,[],1267
720.964,0.6680000000000064,1311,[],1268
721.696,0.35599999999999454,1312,[],1269
722.092,0.5040000000000191,1313,[],1270
722.688,0.6200000000000045,1314,44,[],44,1,0,105,110,65,70,0.7725653
723.428,0.2799999999999727,1315,[],1271
723.8040000000001,0.5960000000000036,1316,[],1272
724.4920000000001,0.2519999999999527,1317,[],1273
724.816,0.39599999999995816,1318,[],1274
725.288,0.33199999999999363,1319,[],1275
725.6840000000001,0.6399999999999864,1320,[],1276
726.38,0.35199999999997544,1321,[],1277
726.784,0.42000000000007276,1322,[],1278
727.3280000000001,0.7199999999999136,1323,[],1279
728.092,0.4199999999999591,1324,[],1280
728.596,0.34000000000003183,1325,[],1281
729.028,0.26400000000001,1326,[],1282
729.392,0.5599999999999454,1327,[],1283
0.2654595375061035,2.640549659729004,1,[],1
3.016200542449951,1.0578336715698242,2,[],2
4.16165018081665,1.0206775665283203,3,[],3
5.271922588348389,1.0490539073944092,4,[],4
6.6338653564453125,0.9218370914459229,5,[],5
7.615696668624878,1.0030238628387451,6,[],6
8.771180152893066,1.033489465713501,7,[],7
9.934303760528564,0.9908266067504883,8,[],8
11.1962890625,1.0364184379577637,9,[],9
12.56901502609253,1.0616354942321777,10,[],10
13.811031341552734,0.8511960506439209,11,[],11
14.714489221572876,0.9331014156341553,12,[],12
15.874658107757568,0.9668903350830078,13,[],13
17.098925590515137,1.071488618850708,14,[],14
18.59420609474182,0.8926169872283936,15,[],15
19.494760274887085,1.0291998386383057,16,[],16
20.749722242355347,0.9366307258605957,17,[],17
22.148597955703735,0.9759459495544434,18,[],18
23.396069049835205,0.9932780265808105,19,[],19
24.58277153968811,1.007350206375122,20,[],20
25.84153962135315,1.028625726699829,21,[],21
27.136590719223022,1.0480289459228516,22,[],22
28.20000195503235,0.9931778907775879,23,[],23
29.294379234313965,0.9201421737670898,24,[],24
30.423500299453735,1.0353660583496094,25,[],25
31.85481357574463,0.9125757217407227,26,[],26
33.245107889175415,0.9809761047363281,27,[],27
34.48592233657837,0.886101245880127,28,[],28
35.42522859573364,1.0584027767181396,29,[],29
37.00056266784668,0.9606904983520508,30,[],30
38.01292657852173,0.8827450275421143,31,[],31
39.10445022583008,0.9425852298736572,32,[],32
40.161826848983765,0.922386884689331,33,[],33
41.110092639923096,1.037869930267334,34,[],34
42.18916583061218,0.882988691329956,35,[],35
43.392043352127075,0.8699378967285156,36,[],36
44.447253465652466,0.9900670051574707,37,[],37
45.66252636909485,1.0762219429016113,38,[],38
47.07947540283203,0.9973421096801758,39,[],39
48.346468448638916,0.9796750545501709,40,[],40
49.49688696861267,0.9317352771759033,41,[],41
50.62707304954529,0.9391188621520996,42,[],42
51.834301233291626,0.9732928276062012,43,[],43
53.055365562438965,0.9759840965270996,44,[],44
54.44902324676514,1.0555498600006104,45,[],45
55.76533603668213,1.1412811279296875,46,[],46
57.059431314468384,1.0956416130065918,47,[],47
58.246931314468384,1.1430437564849854,48,[],48
59.58467221260071,1.1898343563079834,49,[],49
61.10344362258911,1.1446313858032227,50,[],50
62.491437911987305,1.101335048675537,51,[],51
63.63460111618042,1.1969966888427734,52,[],52
64.92378520965576,1.1454126834869385,53,[],53
66.30840921401978,1.2057888507843018,54,[],54
67.60081911087036,1.2143118381500244,55,[],55
68.85574221611023,1.2110061645507812,56,[],56
70.1324679851532,1.116182565689087,57,[],57
71.50695395469666,1.15492582321167,58,[],58
72.68857598304749,1.1371104717254639,59,[],59
73.92950201034546,1.1601672172546387,60,[],60
75.33619427680969,1.1330983638763428,61,[],61
76.73156571388245,1.183363676071167,62,[],62
77.95569801330566,1.2059636116027832,63,[],63
79.56074047088623,1.1937172412872314,64,[],64
81.03434419631958,1.1343107223510742,65,[],65
82.34415698051453,1.1959295272827148,66,[],66
83.62174606323242,1.0236492156982422,67,[],67
84.72996664047241,1.161515235900879,68,[],68
86.12996029853821,1.1919336318969727,69,[],69
87.58222842216492,1.2175087928771973,70,[],70
89.0274543762207,1.1858937740325928,71,[],71
90.49670481681824,1.1947474479675293,72,[],72
91.87338137626648,1.2171766757965088,73,[],73
93.21751570701599,1.166839599609375,74,[],74
94.62045669555664,1.1465322971343994,75,[],75
95.83913064002991,1.346874475479126,76,[],76
97.3868260383606,1.1146061420440674,77,[],77
98.58526730537415,1.2236502170562744,78,[],78
99.81812500953674,1.3419153690338135,79,[],79
101.17803406715393,1.3674139976501465,80,[],80
102.75327610969543,1.156385898590088,81,[],81
104.265873670578,1.0925204753875732,82,[],82
105.68464350700378,1.2887628078460693,83,[],83
107.20169806480408,1.1281211376190186,84,[],84
108.56238174438477,1.2113850116729736,85,[],85
110.2857894897461,1.253281831741333,86,[],86
111.7995343208313,1.2322449684143066,87,[],87
113.13057899475098,1.1394424438476562,88,[],88
114.64517188072205,1.2025094032287598,89,[],89
115.91272830963135,1.0939464569091797,90,[],90
117.05292868614197,1.1825954914093018,91,[],91
118.40412878990173,1.1470863819122314,92,[],92
119.71735954284668,1.2081193923950195,93,[],93
121.22303748130798,1.1775095462799072,94,[],94
122.4319863319397,1.2062265872955322,95,[],95
124.03211236000061,1.167450189590454,96,[],96
125.36074614524841,1.091775894165039,97,[],97
126.62514734268188,1.2259166240692139,98,[],98
127.9827778339386,1.21425461769104,99,[],99
129.37763357162476,1.1260387897491455,100,[],100
130.75032472610474,1.107839822769165,101,[],101
131.97017812728882,1.3488597869873047,102,[],102
133.41666841506958,1.240304708480835,103,[],103
134.7851095199585,1.0621073246002197,104,[],104
136.041996717453,1.1517326831817627,105,[],105
137.653874874115,1.1171696186065674,106,[],106
138.97821879386902,1.3363149166107178,107,[],107
140.8717179298401,1.0561738014221191,108,[],108
142.235520362854,1.053659200668335,109,[],109
143.57674145698547,1.077289342880249,110,[],110
144.89226412773132,1.3046894073486328,111,[],111
146.3018307685852,1.2506327629089355,112,[],112
147.59697818756104,1.235954999923706,113,[],113
148.97972965240479,1.1522040367126465,114,[],114
150.37314581871033,1.1141834259033203,115,[],115
151.66408133506775,1.1689445972442627,116,[],116
153.25634002685547,1.3529329299926758,117,[],117
154.80847477912903,1.3136708736419678,118,[],118
156.22074103355408,1.4087045192718506,119,[],119
157.80994200706482,1.1211402416229248,120,[],120
159.00902032852173,1.3064157962799072,121,[],121
160.6369378566742,1.3063101768493652,122,[],122
162.03444528579712,1.1141490936279297,123,[],123
163.24992609024048,1.3558430671691895,124,[],124
164.77389287948608,1.144967794418335,125,[],125
166.03403306007385,1.1768872737884521,126,[],126
167.2377393245697,1.1316213607788086,127,[],127
168.62483072280884,1.0967485904693604,128,[],128
169.76509189605713,1.2251811027526855,129,[],129
170.9943766593933,1.0998656749725342,130,[],130
172.17326307296753,1.382439374923706,131,[],131
173.82827281951904,1.2409801483154297,132,[],132
175.30787205696106,1.31807279586792,133,[],133
176.96273636817932,1.340904951095581,134,[],134
178.65647506713867,1.3179168701171875,135,[],135
180.124577999115,1.2719337940216064,136,[],136
181.49448585510254,1.039034128189087,137,[],137
182.61220574378967,1.3592326641082764,138,[],138
184.12155413627625,1.3065779209136963,139,[],139
185.56458282470703,1.278918743133545,140,[],140
186.89158582687378,1.1954536437988281,141,[],141
188.30299162864685,1.1484253406524658,142,[],142
189.69038486480713,1.3021111488342285,143,[],143
191.17265844345093,1.233670711517334,144,[],144
192.4835650920868,1.4045662879943848,145,[],145
194.45716381072998,1.2353794574737549,146,[],146
195.88338136672974,1.3270654678344727,147,[],147
197.3607313632965,1.161360740661621,148,[],148
198.65447092056274,1.1951310634613037,149,[],149
200.13644886016846,1.2090966701507568,150,[],150
201.44225597381592,1.2264947891235352,151,[],151
203.055894613266,1.1555454730987549,152,[],152
204.66010236740112,1.2452912330627441,153,[],153
206.12408185005188,1.3035039901733398,154,[],154
207.7186644077301,1.3894703388214111,155,[],155
209.26735067367554,1.2584507465362549,156,[],156
210.656023979187,1.1554491519927979,157,[],157
212.0408992767334,1.2588858604431152,158,[],158
213.41823196411133,1.2216684818267822,159,[],159
215.0050916671753,1.2066054344177246,160,[],160
216.53655433654785,1.1268110275268555,161,[],161
217.71783781051636,1.2131726741790771,162,[],162
219.13119220733643,1.2125890254974365,163,[],163
220.75576877593994,1.2183830738067627,164,[],164
222.2822961807251,1.095327377319336,165,[],165
223.51340746879578,1.2161376476287842,166,[],166
224.95138549804688,1.198045015335083,167,[],167
226.27630281448364,1.3037478923797607,168,[],168
227.63335490226746,1.0667369365692139,169,[],169
228.98465204238892,1.1572988033294678,170,[],170
230.44204950332642,1.2421715259552002,171,[],171
231.99828958511353,1.2362589836120605,172,[],172
233.48059964179993,1.2261531352996826,173,[],173
234.8101589679718,1.30454421043396,174,[],174
236.47722005844116,1.2930688858032227,175,[],175
238.11750745773315,1.2950584888458252,176,[],176
239.7586419582367,1.312352180480957,177,[],177
241.4965536594391,1.2007849216461182,178,[],178
242.89534258842468,1.0832009315490723,179,[],179
244.15727353096008,1.2925755977630615,180,[],180
245.53546166419983,1.0715289115905762,181,[],181
246.89361190795898,1.0630342960357666,182,[],182
248.11835503578186,1.2910776138305664,183,[],183
249.50324726104736,1.3964612483978271,184,[],184
251.09176683425903,1.2224452495574951,185,[],185
252.38878536224365,1.4088025093078613,186,[],186
253.82758283615112,1.2774698734283447,187,[],187
255.28572392463684,1.2212810516357422,188,[],188
256.61926555633545,1.1001062393188477,189,[],189
258.14517045021057,1.1207833290100098,190,[],190
259.46306562423706,1.3764078617095947,191,[],191
260.9459638595581,1.221428632736206,192,[],192
262.28925228118896,1.2272796630859375,193,[],193
263.6124973297119,1.258833885192871,194,[],194
265.12145614624023,1.2301456928253174,195,[],195
266.48101234436035,1.152250051498413,196,[],196
267.8571448326111,1.1994202136993408,197,[],197
269.2317216396332,1.3073439598083496,198,[],198
270.7945353984833,1.1418867111206055,199,1,[],1,1,0,486,491,92,96,0.6616433
272.03981828689575,1.259772539138794,200,[],199
273.43128204345703,1.120316982269287,201,[],200
274.6232879161835,1.054481029510498,202,[],201
275.87089467048645,1.2303991317749023,203,[],202
277.1255557537079,1.3201253414154053,204,2,[],2,1,0,487,491,97,102,0.6925558
278.64554500579834,1.2161016464233398,205,[],203
280.13127970695496,1.2569465637207031,206,[],204
281.6972358226776,1.284247875213623,207,[],205
283.3828423023224,1.3742971420288086,208,[],206
284.978515625,1.1082186698913574,209,[],207
286.5279059410095,1.2221355438232422,210,[],208
287.9402244091034,1.1961958408355713,211,[],209
289.3417532444,1.3392865657806396,212,[],210
290.7988579273224,1.1311845779418945,213,[],211
291.9748659133911,1.1733903884887695,214,[],212
293.16798400878906,1.2804415225982666,215,[],213
294.5853579044342,1.4177324771881104,216,[],214
296.0689125061035,1.2474045753479004,217,[],215
297.45399475097656,1.8363995552062988,218,[],216
299.6057288646698,1.5305626392364502,219,[],217
301.2829763889313,1.3342962265014648,220,[],218
302.6396379470825,1.3910706043243408,221,[],219
304.11589884757996,1.564316987991333,222,3,[],3,1,0,462,466,88,92,0.6356879
305.84544801712036,1.7895135879516602,223,[],220
308.1573987007141,1.5477395057678223,224,[],221
309.8219826221466,1.2808966636657715,225,[],222
311.25321793556213,1.2506680488586426,226,[],223
312.69207644462585,1.8371217250823975,227,[],224
314.94413781166077,1.3231468200683594,228,[],225
316.43221497535706,1.3661024570465088,229,[],226
318.0250997543335,1.2635595798492432,230,[],227
319.6539490222931,1.404167652130127,231,[],228
321.5134918689728,1.2013368606567383,232,[],229
322.87471985816956,1.1233232021331787,233,[],230
324.3908748626709,1.045201063156128,234,4,[],4,1,0,89,98,139,143,0.68167865
325.5730605125427,1.2360589504241943,235,[],231
327.22733449935913,1.2177276611328125,236,[],232
329.25024127960205,1.2007849216461182,237,[],233
330.63955760002136,1.370664119720459,238,[],234
332.2286219596863,1.1550097465515137,239,[],235
333.5835053920746,1.2092154026031494,240,[],236
335.43409156799316,0.9972424507141113,241,[],237
336.8754689693451,1.208979606628418,242,[],238
338.28149008750916,1.0085220336914062,243,[],239
339.4671308994293,1.107257604598999,244,[],240
340.87019062042236,1.232757568359375,245,[],241
342.37178230285645,1.2276132106781006,246,[],242
343.95338559150696,1.4474499225616455,247,[],243
346.08244919776917,1.287200927734375,248,[],244
347.44787859916687,1.3468260765075684,249,[],245
348.9916558265686,1.1750516891479492,250,[],246
350.57340598106384,1.213169813156128,251,[],247
352.1493945121765,1.2207579612731934,252,[],248
353.532751083374,1.3965425491333008,253,[],249
355.22079825401306,1.3307650089263916,254,[],250
356.645959854126,1.0840868949890137,255,[],251
357.8873026371002,1.2172636985778809,256,[],252
359.17701864242554,1.209228515625,257,[],253
360.6942253112793,1.1123056411743164,258,[],254
362.08351016044617,1.0509309768676758,259,[],255
363.3394932746887,1.0501501560211182,260,[],256
364.4327676296234,1.1217317581176758,261,[],257
365.7311019897461,1.2710011005401611,262,[],258
367.25198245048523,1.1959757804870605,263,[],259
368.47858142852783,1.1805808544158936,264,[],260
369.87803292274475,1.2678494453430176,265,[],261
371.4791581630707,1.154477596282959,266,[],262
372.9175326824188,1.4291930198669434,267,[],263
374.7218098640442,1.2374541759490967,268,[],264
376.0504159927368,1.3765795230865479,269,[],265
377.94253516197205,1.3030595779418945,270,[],266
379.32707500457764,1.4637091159820557,271,[],267
381.09951186180115,1.096799373626709,272,[],268
382.5658280849457,1.2784357070922852,273,[],269
384.08467626571655,1.3857181072235107,274,[],270
385.5851364135742,1.2159407138824463,275,[],271
386.8975477218628,1.2263624668121338,276,[],272
388.19714164733887,1.3634634017944336,277,[],273
389.6738395690918,1.3466863632202148,278,[],274
391.1526243686676,1.373636245727539,279,[],275
392.92098808288574,1.3539924621582031,280,[],276
394.3684937953949,1.3014328479766846,281,[],277
395.7298676967621,1.10396409034729,282,[],278
397.2088325023651,1.2327861785888672,283,[],279
398.515017747879,1.1599071025848389,284,[],280
399.89766907691956,1.2590081691741943,285,[],281
401.42671513557434,1.3295667171478271,286,[],282
402.9679856300354,1.3098688125610352,287,[],283
404.4038097858429,1.2513439655303955,288,[],284
405.8054676055908,1.2396016120910645,289,[],285
407.31166434288025,1.302351951599121,290,[],286
408.82408022880554,1.1221213340759277,291,[],287
409.99740648269653,1.2581450939178467,292,[],288
411.361848115921,1.0340077877044678,293,[],289
412.7793583869934,1.3634138107299805,294,[],290
414.6353769302368,1.2277195453643799,295,[],291
416.034548997879,1.1968932151794434,296,[],292
417.32110500335693,1.2539384365081787,297,[],293
418.60259985923767,1.1472194194793701,298,[],294
419.7712969779968,1.7414836883544922,299,[],295
0.08799999999999741,1.1640000000000015,1,[],1
1.347999999999999,0.6280000000000001,2,[],2
2.0879999999999974,0.40000000000000213,3,[],3
2.5839999999999996,0.30799999999999983,4,[],4
2.9879999999999995,0.259999999999998,5,[],5
3.2799999999999976,0.38400000000000034,6,[],6
3.759999999999998,0.360000000000003,7,[],7
4.163999999999998,0.28800000000000026,8,[],8
4.599999999999998,0.30799999999999983,9,[],9
4.9559999999999995,0.41600000000000037,10,[],10
5.503999999999998,0.3719999999999999,11,[],11
5.991999999999997,0.6040000000000028,12,[],12
6.663999999999998,0.5080000000000027,13,[],13
7.2719999999999985,0.3440000000000012,14,[],14
7.66,0.31599999999999895,15,[],15
8.091999999999999,0.28000000000000114,16,[],16
8.475999999999999,0.30799999999999983,17,[],17
8.867999999999999,0.379999999999999,18,[],18
9.267999999999997,0.23200000000000287,19,[],19
9.555999999999997,0.31599999999999895,20,[],20
9.971999999999998,0.3680000000000021,21,[],21
10.36,0.49599999999999866,22,[],22
11.008,0.28800000000000026,23,[],23
11.375999999999998,0.3279999999999994,24,[],24
11.767999999999997,0.30799999999999983,25,[],25
12.2,0.4280000000000008,26,[],26
12.655999999999999,0.49599999999999866,27,[],27
13.255999999999997,0.2880000000000038,28,[],28
13.551999999999996,0.40400000000000347,29,[],29
14.123999999999999,0.38000000000000256,30,[],30
14.556000000000001,0.259999999999998,31,[],31
14.895999999999997,0.46000000000000085,32,[],32
15.508,0.4159999999999968,33,[],33
15.971999999999998,0.2920000000000016,34,[],34
16.34,0.2639999999999958,35,[],35
16.667999999999996,0.3360000000000056,36,[],36
17.06,0.3400000000000034,37,[],37
17.496,0.37599999999999767,38,[],38
17.999999999999996,0.4000000000000057,39,[],39
18.459999999999997,0.4160000000000039,40,[],40
18.964000000000002,0.28000000000000114,41,[],41
19.400000000000002,0.37999999999999545,42,[],42
19.859999999999996,0.35600000000000165,43,[],43
20.279999999999998,0.4159999999999968,44,[],44
20.8,0.37999999999999545,45,[],45
21.279999999999998,0.2360000000000042,46,[],46
21.599999999999998,0.3640000000000043,47,[],47
22.068,0.347999999999999,48,[],48
22.508,0.3680000000000021,49,[],49
22.983999999999998,0.40800000000000125,50,[],50
23.499999999999996,0.27200000000000557,51,[],51
23.852,0.2959999999999994,52,[],52
24.163999999999998,0.3480000000000061,53,[],53
24.639999999999997,0.35200000000000387,54,[],54
25.12,0.29999999999999716,55,[],55
25.452,0.3200000000000003,56,[],56
25.904,0.27199999999999847,57,[],57
26.26,0.5479999999999947,58,[],58
26.871999999999996,0.4440000000000026,59,[],59
27.364,0.35199999999999676,60,[],60
27.828,0.23199999999999932,61,[],61
28.2,0.43599999999999994,62,[],62
28.672,0.32399999999999807,63,[],63
29.06,0.20000000000000284,64,[],64
29.447999999999997,0.3200000000000003,65,[],65
29.855999999999998,0.3480000000000061,66,[],66
30.276,0.5240000000000009,67,[],67
30.876,0.3999999999999986,68,[],68
31.368,0.347999999999999,69,[],69
31.779999999999998,0.4160000000000039,70,[],70
32.30799999999999,0.3719999999999999,71,[],71
32.763999999999996,0.392000000000003,72,[],72
33.260000000000005,0.22799999999999443,73,[],73
33.587999999999994,0.3640000000000043,74,[],74
33.952,0.35999999999999943,75,[],75
34.42399999999999,0.43599999999999994,76,[],76
34.944,0.4759999999999991,77,[],77
35.488,0.5039999999999978,78,[],78
36.06399999999999,0.3639999999999972,79,[],79
36.459999999999994,0.20400000000000063,80,[],80
36.763999999999996,0.43200000000000216,81,[],81
37.251999999999995,0.27199999999999847,82,[],82
37.55199999999999,0.22799999999999443,83,[],83
37.855999999999995,0.33200000000000074,84,[],84
38.263999999999996,0.392000000000003,85,[],85
38.756,0.4679999999999964,86,[],86
39.236000000000004,0.2560000000000002,87,[],87
39.57599999999999,0.2120000000000033,88,[],88
39.852000000000004,0.4200000000000017,89,[],89
40.348,0.3160000000000025,90,[],90
40.775999999999996,0.347999999999999,91,[],91
41.176,0.24799999999999756,92,[],92
41.459999999999994,0.3440000000000012,93,[],93
41.867999999999995,0.40400000000000347,94,[],94
42.376000000000005,0.347999999999999,95,[],95
42.751999999999995,0.44000000000000483,96,[],96
43.256,0.42799999999999727,97,[],97
43.775999999999996,0.37599999999999767,98,[],98
44.156000000000006,0.2919999999999945,99,[],99
44.471999999999994,0.3399999999999963,100,[],100
44.916,0.38800000000000523,101,[],101
45.379999999999995,0.3640000000000043,102,[],102
45.812,0.6200000000000045,103,[],103
46.45599999999999,0.3439999999999941,104,[],104
46.867999999999995,0.6599999999999966,105,[],105
47.55199999999999,0.4000000000000057,106,[],106
48.07199999999999,0.22400000000000375,107,[],107
48.37599999999999,0.3120000000000118,108,[],108
48.756,0.43600000000000705,109,[],109
49.251999999999995,0.24399999999999977,110,[],110
49.55199999999999,0.4519999999999982,111,[],111
50.048,0.5239999999999867,112,[],112
50.652,0.27200000000000557,113,[],113
50.983999999999995,0.4399999999999977,114,[],114
51.46799999999999,0.38000000000000966,115,[],115
51.855999999999995,0.28000000000000114,116,[],116
52.152,0.539999999999992,117,[],117
52.751999999999995,0.48799999999999955,118,[],118
53.29599999999999,0.3960000000000008,119,[],119
53.75999999999999,0.3440000000000083,120,[],120
54.16,0.35999999999999943,121,[],121
54.58,0.41200000000000614,122,[],122
55.05199999999999,0.2360000000000042,123,[],123
55.35199999999999,0.3240000000000123,124,[],124
55.763999999999996,0.33200000000000784,125,[],125
56.164,0.4199999999999875,126,[],126
56.67999999999999,0.2400000000000091,127,[],127
56.95599999999999,0.4399999999999977,128,[],128
57.452,0.23999999999999488,129,[],129
57.75999999999999,0.19599999999999795,130,[],130
58.087999999999994,0.3079999999999927,131,[],131
58.471999999999994,0.48799999999999955,132,[],132
59.08,0.4240000000000066,133,[],133
59.55199999999999,0.37599999999999056,134,[],134
59.97999999999999,0.48799999999999955,135,[],135
60.611999999999995,0.284000000000006,136,[],136
60.95599999999999,0.4680000000000035,137,[],137
61.44799999999999,0.5320000000000107,138,[],138
62.06399999999999,0.2120000000000033,139,[],139
62.379999999999995,0.4159999999999968,140,[],140
62.848,0.37999999999999545,141,[],141
63.28,0.33199999999999363,142,[],142
63.65599999999999,0.4720000000000084,143,[],143
64.16799999999999,0.5559999999999974,144,[],144
64.752,0.35600000000000875,145,[],145
65.176,0.4919999999999902,146,[],146
65.756,0.3119999999999976,147,[],147
66.15599999999999,0.1319999999999908,148,[],148
66.41199999999999,0.2879999999999967,149,[],149
66.756,0.3639999999999901,150,[],150
67.16799999999999,0.2400000000000091,151,[],151
67.46,0.4200000000000017,152,[],152
67.96,0.3719999999999999,153,[],153
68.368,0.4200000000000017,154,[],154
68.856,0.4040000000000106,155,[],155
69.344,0.35599999999999454,156,[],156
69.74799999999999,0.2079999999999984,157,[],157
70.068,0.42799999999999727,158,[],158
70.56,0.22399999999998954,159,[],159
70.87599999999999,0.4680000000000035,160,[],160
71.39999999999999,0.5320000000000107,161,[],161
71.95599999999999,0.2600000000000051,162,[],162
72.256,0.43599999999999284,163,[],163
72.792,0.42799999999999727,164,[],164
73.25999999999999,0.3359999999999985,165,[],165
73.66799999999999,0.32800000000000296,166,[],166
74.056,0.33199999999999363,167,[],167
74.47999999999999,0.49200000000000443,168,[],168
75.068,0.4240000000000066,169,[],169
75.556,0.4000000000000057,170,[],170
76.088,0.6080000000000041,171,[],171
76.752,0.48799999999999955,172,1,[],1,1,0,554,560,105,110,0.643518
77.25999999999999,0.38000000000000966,173,[],172
77.652,0.6440000000000055,174,[],173
78.396,0.6439999999999912,175,[],174
79.08399999999999,0.43200000000000216,176,[],175
79.576,0.5040000000000049,177,[],176
80.15599999999999,0.5880000000000081,178,[],177
80.88,0.3400000000000034,179,[],178
81.256,0.46399999999999864,180,[],179
81.756,0.43599999999999284,181,2,[],2,1,0,530,534,104,108,0.6320366
82.264,0.7560000000000002,182,[],180
83.056,0.480000000000004,183,[],181
83.60799999999999,0.4280000000000115,184,3,[],3,1,0,508,513,98,102,0.71230847
84.068,0.4399999999999977,185,[],182
84.544,0.715999999999994,186,[],183
85.36399999999999,0.3200000000000074,187,[],184
85.74,0.519999999999996,188,[],185
86.356,0.42799999999999727,189,[],186
86.868,0.37599999999999056,190,[],187
87.28399999999999,0.5,191,[],188
87.848,0.37599999999999056,192,[],189
88.292,0.1839999999999975,193,[],190
88.568,0.6359999999999957,194,[],191
89.27199999999999,0.46399999999999864,195,[],192
89.78399999999999,0.46000000000000796,196,[],193
90.28,0.40399999999999636,197,4,[],4,1,0,456,460,89,93,0.6892146
90.77199999999999,0.4680000000000035,198,[],194
91.24799999999999,0.27200000000000557,199,[],195
91.6,0.284000000000006,200,[],196
91.948,0.38000000000000966,201,[],197
92.356,0.4440000000000026,202,[],198
92.86399999999999,0.44000000000001194,203,5,[],5,1,0,434,439,81,86,0.6525325
93.368,0.41200000000000614,204,[],199
93.868,0.5480000000000018,205,[],200
94.46799999999999,0.4200000000000017,206,6,[],6,1,0,422,426,77,81,0.7159835
94.95599999999999,0.5600000000000023,207,[],201
95.55199999999999,0.37999999999999545,208,[],202
95.94399999999999,0.43200000000000216,209,[],203
96.464,0.4680000000000035,210,[],204
96.976,0.2360000000000042,211,[],205
97.304,0.47999999999998977,212,[],206
97.88,0.4440000000000026,213,[],207
98.35199999999999,0.48399999999999466,214,[],208
98.86399999999999,0.38800000000000523,215,[],209
99.384,0.4399999999999977,216,[],210
99.856,0.5400000000000063,217,[],211
100.448,0.6680000000000064,218,[],212
101.164,0.5359999999999872,219,[],213
101.752,0.5919999999999987,220,[],214
102.368,0.367999999999995,221,[],215
102.77199999999999,0.3359999999999985,222,[],216
103.148,0.46399999999999864,223,[],217
103.66,0.29999999999999716,224,[],218
104.092,0.35199999999998965,225,[],219
104.46,0.46000000000000796,226,[],220
104.948,0.42799999999999727,227,[],221
105.484,0.5319999999999965,228,[],222
106.09599999999999,0.46000000000000796,229,[],223
106.664,0.4159999999999968,230,[],224
107.192,0.4399999999999977,231,[],225
107.672,0.5679999999999978,232,[],226
108.25999999999999,0.2360000000000042,233,[],227
108.58,0.48399999999999466,234,[],228
109.164,0.5840000000000032,235,[],229
109.79199999999999,0.35200000000000387,236,7,[],7,1,0,473,477,90,94,0.6424385
110.17199999999998,0.5520000000000209,237,[],230
110.772,0.4439999999999884,238,[],231
111.25599999999999,0.3720000000000141,239,[],232
111.66799999999999,0.563999999999993,240,[],233
112.264,0.19200000000000728,241,[],234
112.58,0.32800000000000296,242,[],235
112.948,0.4679999999999893,243,[],236
113.448,0.3959999999999866,244,[],237
113.97599999999998,0.4720000000000084,245,[],238
114.45199999999998,0.5200000000000102,246,[],239
115.05999999999999,0.3919999999999959,247,[],240
115.55999999999999,0.4200000000000159,248,[],241
116.08800000000001,0.35200000000000387,249,[],242
116.448,0.5640000000000214,250,[],243
117.056,0.4000000000000057,251,[],244
117.604,0.40399999999999636,252,[],245
118.05999999999999,0.3439999999999941,253,[],246
118.472,0.4199999999999875,254,[],247
118.972,0.3959999999999866,255,[],248
119.456,0.34799999999998477,256,[],249
119.85199999999999,0.5519999999999925,257,[],250
120.45199999999998,0.5360000000000014,258,8,[],8,1,0,521,527,94,99,0.86265266
121.056,0.29599999999999227,259,[],251
121.48,0.46800000000001774,260,[],252
122.04799999999999,0.367999999999995,261,[],253
122.45199999999998,0.2879999999999825,262,[],254
122.76799999999999,0.4480000000000075,263,[],255
123.26,0.3919999999999959,264,[],256
123.76,0.4519999999999982,265,[],257
124.252,0.47999999999998977,266,[],258
124.76,0.5,267,[],259
125.35199999999999,0.5360000000000014,268,[],260
125.956,0.30400000000000205,269,[],261
126.37599999999999,0.46399999999999864,270,[],262
126.88799999999999,0.49200000000001864,271,[],263
127.48799999999999,0.3199999999999932,272,[],264
127.884,0.4959999999999809,273,[],265
128.524,0.695999999999998,274,[],266
129.26000000000002,0.3400000000000034,275,[],267
129.668,0.40799999999998704,276,[],268
130.16400000000002,0.43600000000000705,277,[],269
130.668,0.4679999999999893,278,[],270
131.17600000000002,0.3400000000000034,279,[],271
131.56,0.33199999999999363,280,[],272
131.984,0.4159999999999968,281,[],273
132.49200000000002,0.6559999999999775,282,[],274
133.16400000000002,0.2920000000000016,283,[],275
133.556,0.632000000000005,284,[],276
134.264,0.48799999999999955,285,[],277
134.788,0.563999999999993,286,[],278
135.46800000000002,0.24399999999999977,287,[],279
135.744,0.3760000000000048,288,[],280
136.18800000000002,0.3800000000000239,289,[],281
136.66400000000002,0.5439999999999827,290,[],282
137.28,0.41200000000000614,291,[],283
137.764,0.5999999999999943,292,[],284
138.48000000000002,0.29599999999999227,293,[],285
138.852,0.4399999999999977,294,[],286
139.36,0.3439999999999941,295,[],287
139.776,0.40399999999999636,296,[],288
140.256,0.5720000000000027,297,[],289
140.9,0.3439999999999941,298,[],290
141.276,0.38400000000001455,299,[],291
141.74800000000002,0.5159999999999911,300,[],292
142.372,0.5079999999999814,301,[],293
142.948,0.3959999999999866,302,[],294
143.496,0.3400000000000034,303,[],295
143.872,0.4800000000000182,304,[],296
144.45600000000002,0.539999999999992,305,[],297
145.056,0.3760000000000048,306,[],298
145.464,0.5600000000000023,307,[],299
146.084,0.32800000000000296,308,[],300
146.46800000000002,0.2639999999999816,309,[],301
146.77200000000002,0.5319999999999823,310,[],302
147.376,0.4480000000000075,311,[],303
147.872,0.3640000000000043,312,[],304
148.28,0.30000000000001137,313,[],305
148.704,0.43199999999998795,314,[],306
149.184,0.41600000000002524,315,[],307
149.656,0.2880000000000109,316,[],308
149.96800000000002,0.34799999999998477,317,[],309
150.352,0.34799999999998477,318,[],310
150.76000000000002,0.3919999999999959,319,[],311
151.276,0.6879999999999882,320,[],312
152.08,0.28000000000000114,321,[],313
152.52,0.4519999999999982,322,[],314
