-837.7580409572782,15.0,0.0,0.0,15
-833.6889734813366,15.183087596797074,0.268,-3.839988496217245,15.0
-831.6951892415069,15.104426059315536,0.4,-1.9322369382443298,15.00899887084961
-828.6666354771513,15.14276882177788,0.6,-2.9384221808365396,14.999935150146484
-825.6675497385513,14.995428693000258,0.8,0.09013158351905304,14.9999361038208
-822.6684546673375,14.99547535606872,1.0,0.08921732211905464,14.9999361038208
-819.6693508527009,14.995519073183264,1.2,0.08834291091096702,14.9999361038208
-816.670237886168,14.995564832664154,1.4,0.0874467255476361,14.999938011169434
-813.671115859237,14.995610134654745,1.6,0.08655969208047054,14.999938011169434
-810.6719853583799,14.995652504285612,1.8,0.08571223658958615,14.999938011169434
-807.6728459724287,14.995696929755587,2.0,0.0848427374467633,14.99993896484375
-804.6736980953697,14.99573938529508,2.2,0.08401264097602734,14.999939918518066
-801.6453415228285,15.141782862705588,2.4,-2.916839481964928,14.999940872192383
-798.6464684730703,14.994365248790974,2.6,0.11151709057622838,14.999940872192383
-795.6475842696007,14.994421017348186,2.8,0.11042065791258437,14.9999418258667
-792.6194678968288,15.140581863858891,3.0,-2.8906951386177866,14.999942779541016
-789.620853466764,14.993072150324716,3.2,0.13742123415403285,14.999942779541016
-786.622225488709,14.993139890275087,3.4,0.1360661817970481,14.999942779541016
-783.5943429881161,15.139412502964582,3.6,-2.8652753225698575,14.999944686889648
-780.5959799792165,14.991815044498004,3.8,0.1626071780230518,14.999944686889648
-777.5681769536664,15.139015127750628,4.0,0.13182589981323645,15.14560604095459
-774.5700784730853,14.99049240290502,4.2,0.15993410114464268,14.998488426208496
-771.5719609813522,14.990587458666113,4.4,0.15833775750689938,14.998503684997559
-768.544566641561,15.13697169895587,4.6,-2.842964916775543,14.998533248901367
-765.4880001792029,15.282832311790717,4.8,-2.84440968831251,15.144327163696289
-762.461255995952,15.133720916254482,5.0,0.21215677404558164,15.144327163696289
-759.464229112198,14.985134418769704,5.2,0.23945027370274374,14.9971342086792
-756.4671723964211,14.985283578884637,5.4,0.2370569914410794,14.9971342086792
-753.4700863372407,14.985430295902088,5.6,0.2346935412023754,14.997162818908691
-750.4729709226593,14.985577072906601,5.8,0.23232891678907208,14.997191429138184
-747.4465142661129,15.132283282731931,6.0,-2.7694265182389586,14.997246742248535
-744.449634653177,14.98439806467974,6.2,0.2570301383074707,14.997246742248535
-741.452723510054,14.984555715614375,6.4,0.2544285500715091,14.997274398803711
-738.4557814564844,14.984710267848397,6.6,0.2518890096006885,14.997302055358887
-735.4588089917904,14.984862323469542,6.8,0.24938037957662118,14.997328758239746
-732.4331109593037,15.128490162433838,7.0,-2.781479186979425,14.992895126342773
-729.4369736370758,14.980686611139484,7.2,0.2442188455073051,14.992895126342773
-726.4401918559199,14.983908905779138,7.4,0.2411496247664786,14.996004104614258
-723.4433778302358,14.984070128420633,7.6,0.23872486295357476,14.996044158935547
-720.4465318820081,14.984229741138245,7.8,0.23633234566892725,14.996044158935547
-717.4496543300173,14.984387759953796,8.0,0.23397175092787847,14.996084213256836
-714.4527453755937,14.98454477211774,8.2,0.23161224237179567,14.996123313903809
-711.4558056373544,14.984698691196694,8.4,0.22931465382663418,14.996162414550781
-708.4588350034346,14.984853169598884,8.6,0.2269868139409823,14.996238708496094
-705.4618340874111,14.985004580117023,8.8,0.2247203873138801,14.996238708496094
-702.4648030774347,14.985155049882286,9.0,0.22245372521234685,14.996275901794434
-699.4384367982356,15.131831395995453,9.2,-2.7790199034830607,14.996350288391113
-696.3817037580499,14.983985491106257,9.404,0.247346375716063,14.996350288391113
-693.4166197614683,15.127979574395887,9.6,-2.6944862579263713,14.996423721313477
-690.4200403343183,14.982897135749615,9.8,0.2705977386552263,14.996423721313477
-687.4234268737258,14.983067302962214,10.0,0.267879070102083,14.996458053588867
-684.4267793379207,14.983237679025402,10.2,0.2651944349914288,14.996528625488281
-681.4300984485081,14.98340444706256,10.4,0.2625438750933995,14.996528625488281
-678.433384042726,14.983572028911103,10.6,0.25989615122472287,14.996563911437988
-675.4073047084685,15.13039667128723,10.8,-2.7420161519774524,14.996631622314453
-672.4108182520217,14.982432282233711,11.0,0.2840631822800219,14.996665954589844
-669.4142963777774,14.982609371221674,11.2,0.2812057666564556,14.996665954589844
-666.388392616432,15.129518806726887,11.4,-2.720960103239861,14.996731758117676
-663.3920947565109,14.981489299605826,11.6,0.3049436581055147,14.996731758117676
-660.3662832155209,15.12905770495018,11.8,0.272707582479768,14.99533748626709
-657.3702093226261,14.980369464473632,12.0,0.29944990960262885,14.995384216308594
-654.3447360384204,15.12736642102912,12.2,-2.702645142815129,14.995430946350098
-651.348877009548,14.97929514436166,12.4,0.3228281413906302,14.995430946350098
-648.3236009581884,15.126380256798232,12.6,-2.679512292627635,14.995521545410156
-645.327952909454,14.978240243671916,12.8,0.3457637587319482,14.995521545410156
-642.3027651595529,15.125938749505663,13.0,0.3130914949663861,15.14158821105957
-639.2778094021731,15.124778786898917,13.2,0.31023359057058997,15.14028549194336
-636.2532373973206,15.122860024262343,13.4,-2.66192674091684,14.992820739746094
-633.2582981131114,14.974696421045886,13.6,0.36264526393568985,14.992820739746094
-630.2339282598542,15.121849266285787,13.8,-2.668538498730129,14.991501808166504
-627.2391847107289,14.973717745626736,14.0,0.3558313545270835,14.991501808166504
-624.2443884511714,14.973981297787153,14.2,0.3522533704493185,14.991586685180664
-621.220166932965,15.12110759103242,14.4,-2.6786156531963456,14.990290641784668
-618.2255634879037,14.97301722530604,14.6,0.34560586501009993,14.990290641784668
-615.2309058894573,14.973287992232345,14.8,0.34213191749319094,14.990387916564941
-612.2361947160362,14.973555867105988,15.0,0.33869686457245507,14.990484237670898
-609.2414305403084,14.973820878638422,15.2,0.33530012783734264,14.990673065185547
-606.2466139675712,14.974082863686274,15.4,0.33192587583067734,14.990673065185547
-603.2517453680512,14.974342997599969,15.6,0.3285887620444896,14.990766525268555
-600.2568252990437,14.974600345037338,15.8,0.32528841625202176,14.990859031677246
-597.261854159878,14.974855695828495,16.0,0.32200902236883167,14.990950584411621
-594.237456838778,15.121986605499943,16.2,-2.679449281824816,14.991130828857422
-591.2132857448512,15.120855469634455,16.4,-2.65329719998266,14.991218566894531
-588.2187490709215,14.972683369648243,16.6,0.3708738939441787,14.991218566894531
-585.22415747107,14.972957999257098,16.8,0.36715006982700515,14.991307258605957
-582.229511721898,14.973228745860338,17.0,0.36346591284251417,14.99139404296875
-579.234812249167,14.973497363655046,17.2,0.3598053876004883,14.991479873657227
-576.240059779204,14.97376234981513,17.4,0.3561985859174115,14.991564750671387
-573.245254535601,14.974026218014759,17.6,0.3526142638882561,14.991649627685547
-570.2503974260172,14.974285547918788,17.8,0.349082715499037,14.991732597351074
-567.226095072922,15.121511765476308,18.0,-2.65281005284686,14.991897583007812
-564.2314287713203,14.973331508008275,18.2,0.3714923002483488,14.991897583007812
-561.1777687290961,15.268300211121097,18.4,-2.6599034098687184,15.138355255126953
-558.1540332106649,15.118677592155484,18.6,0.39375663235551883,15.138355255126953
-555.1306696945576,15.11681758053649,18.8,-2.6077916626898627,14.98930549621582
-552.1369619231918,14.968538856828468,19.0,0.41557185341747527,14.98930549621582
-549.1135998579825,15.11681032604674,19.2,0.3821037214628973,15.135906219482422
-546.0904539174014,15.115729702905353,19.4,0.37853402397689706,15.134647369384766
-543.0971536040261,14.966501566876703,19.6,0.40434262324941983,14.98670768737793
-540.0743565884572,15.11398507784409,19.8,-2.5971232987267854,14.986971855163574
-537.0812163854126,14.96570101522333,20.0,0.42567371684202726,14.987102508544922
-534.0585647157371,15.113258348377512,20.2,-2.5760514975938236,14.987231254577637
-531.065581499737,14.964916080000588,20.4,0.44660017208167346,14.987231254577637
-528.0725279754345,14.965267621512924,20.6,0.4421163470661327,14.987359046936035
-525.0794049196721,14.96561527881178,20.8,0.4376723127749642,14.9874849319458
-522.0567841899054,15.113103648833452,21.0,-2.593305888786915,14.986268997192383
-519.063820903235,14.964816433352503,21.2,0.4293148409797709,14.986268997192383
-516.0707870229952,14.965169401198615,21.4,0.42499419210338374,14.986541748046875
-513.0776834052836,14.965518088558149,21.6,0.420721248612665,14.986541748046875
-510.0845106308217,14.965863872309452,21.8,0.41648752501572517,14.986676216125488
-507.061832314764,15.113391580288653,22.0,-2.5850906770849065,14.98694133758545
-504.06881713275527,14.965075910043517,22.2,0.4375876389727864,14.98694133758545
-501.07573191881175,14.96542606971774,22.4,0.4331891857275991,14.987071990966797
-498.0825775233028,14.965771977544609,22.6,0.42883787623361513,14.987200736999512
-495.0597326304879,15.11422446407481,22.8,0.3951978381488175,15.133974075317383
-492.0667404700805,14.964960802036982,23.0,0.42084271875671675,14.985990524291992
-489.04423820206114,15.112511340096816,23.2,-2.580649068589821,14.986268997192383
-486.02194479668395,15.11146702688592,23.4,-2.555423106722799,14.986406326293945
-483.02932884527564,14.963079757041466,23.6,0.4668702986543849,14.986406326293945
-480.0366390018702,14.963449217027346,23.8,0.4621794263322272,14.986676216125488
-477.04387588801177,14.963815569292114,24.0,0.4575319284290913,14.986676216125488
-474.0214110127898,15.112324376109797,24.2,0.423595976125398,15.133491516113281
-470.9991544920404,15.11128260374718,24.4,0.41960974050749655,15.132250785827637
-468.0067709787772,14.961917566315908,24.6,0.44503627468463947,14.98415470123291
-465.0143110832112,14.96229947782977,24.8,0.44055546910021803,14.984313011169434
-461.9923448099841,15.109831366135634,25.0,-2.58987663362484,14.98315715789795
-459.0000315877484,14.96156611117858,25.2,0.43208963960228175,14.98315715789795
-455.9781941793272,15.10918704210618,25.4,-2.5689633796171165,14.983491897583008
-452.98602144656485,14.96086366381145,25.6,0.45287402880410355,14.983491897583008
-449.96431052901625,15.108554587743104,25.8,-2.5484472722470173,14.983820915222168
-446.9722754522252,14.960175383955308,26.0,0.4732636453015857,14.983820915222168
-443.98016064086903,14.960574056780683,26.2,0.46850306779577977,14.98398208618164
-440.9879667556457,14.960969426116907,26.4,0.4637897999282927,14.984142303466797
-437.9956946414776,14.961360570840284,26.6,0.45912318100124594,14.984457015991211
-435.0033451349359,14.961747532708493,26.8,0.45450236609218564,14.984457015991211
-432.0109189116552,14.962131116403473,27.0,0.4499303333272451,14.984612464904785
-429.01841680278784,14.962510544336874,27.2,0.44540354604885124,14.984766006469727
-426.0258394405291,14.96288681129357,27.4,0.440921173104698,14.984918594360352
-423.0331876653665,14.963258875813054,27.6,0.4364849664852386,14.985069274902344
-420.011012781585,15.110874418907436,27.8,-2.5649801607034988,14.985365867614746
-417.0185083724191,14.96252204582954,28.0,0.4571947230779756,14.985365867614746
-413.99646698335897,15.110206945300668,28.2,-2.5445348336298252,14.98565673828125
-411.00410707531506,14.961799540219458,28.4,0.4775065554302955,14.985800743103027
-408.01167047399616,14.962183006594422,28.6,0.4727065055884623,14.985800743103027
-405.0191582339722,14.962561200119865,28.8,0.4679550156292862,14.985941886901855
-402.0265708176552,14.96293708158482,29.0,0.46325007730854395,14.986083030700684
-399.0042716616151,15.111495780200585,29.2,0.4292490536840887,15.13294506072998
-396.0118354679606,14.962180968272415,29.4,0.4545694499585693,14.984893798828125
-393.01932350078107,14.962559835897435,29.6,0.4499963662693176,14.985194206237793
-390.02673641963275,14.962935405741767,29.8,0.44547044587562823,14.985342025756836
-387.0340750492629,14.963306851849135,30.0,0.4409891218725761,14.985342025756836
-384.0413402062581,14.963674215024064,30.2,0.43655156951291474,14.985487937927246
-381.04853252742555,14.964038394162744,30.4,0.43215887955875587,14.98563289642334
-378.0556526623227,14.964399325513954,30.6,0.4278123225514605,14.985776901245117
-375.06270140674735,14.964756277876686,30.8,0.42350743423634185,14.985918998718262
-372.0696795866947,14.965109100263243,31.0,0.41924723351286275,14.986059188842773
-369.0765876385079,14.965459740934081,31.2,0.4150308943858363,14.986199378967285
-366.0540118007437,15.112879188820912,31.4,-2.6154901335015666,14.985007286071777
-363.0610789533368,14.964664237034265,31.6,0.40708570426261304,14.985007286071777
-360.03864369327516,15.112176300308095,31.8,-2.5940724822660286,14.985305786132812
-357.0164163163333,15.111136884709577,32.0,-2.5687304228879952,14.985452651977539
-354.0238576491686,14.962793335823308,32.2,0.45349695405388957,14.985452651977539
-351.0312244706807,14.963165892439816,32.4,0.44893571765413753,14.985597610473633
-348.03851744688274,14.96353511898952,32.6,0.4444222896967176,14.98574161529541
-345.04573738987864,14.96390028502093,32.8,0.43995218947122794,14.985883712768555
-342.05288491300024,14.964262384391736,33.0,0.43552460487376266,14.986024856567383
-339.0305119085434,15.111865022283778,33.2,-2.5661144953962776,14.986303329467773
-336.03781066436903,14.96350622087229,33.4,0.45625850906054666,14.986303329467773
-333.0450364125095,14.963871259297514,33.6,0.45167581768805576,14.98643970489502
-330.05218976586065,14.964233233244453,33.8,0.44713561642259947,14.98657512664795
-327.02964063490435,15.112745654781202,34.0,0.41330227039566125,15.13339900970459
-324.03695028427217,14.96345175316064,34.2,0.43877345945742263,14.985376358032227
-321.04418665421554,14.96381815028355,34.4,0.4343553506169542,14.985522270202637
-318.0513504367596,14.96418108727941,34.6,0.42998763301733334,14.98566722869873
-315.05844243167473,14.964540025424544,34.8,0.42566198523888943,14.985810279846191
-312.0654632400752,14.964895957997511,35.0,0.4213776075112605,14.985952377319336
-309.07241372403143,14.96524758021854,35.2,0.41714152811471195,14.986092567443848
-306.0498569594466,15.112783822924568,35.4,-2.584331050568096,14.986369132995605
-303.05696258688596,14.964471862802712,35.6,0.4382257140167667,14.986505508422852
-300.0639969746598,14.96482806113106,35.8,0.4338208922414424,14.986505508422852
-297.0709609090292,14.96518032815279,36.0,0.4294567925535375,14.986639976501465
-294.07785505389097,14.965529275691157,36.2,0.42514025808645783,14.986773490905762
-291.0846799904241,14.965875317334687,36.4,0.42086299554893003,14.986906051635742
-288.0914365609603,14.966217147318936,36.6,0.4166320531564338,14.98703670501709
-285.09812540875186,14.966555761042402,36.8,0.4124465885772679,14.987166404724121
-282.10474720909184,14.966890998299801,37.0,0.4082906997700775,14.98729419708252
-279.11130247761474,14.96722365738531,37.2,0.4041865996254046,14.987546920776367
-276.05876449458265,15.262689915160678,37.4,-2.62673695503031,15.134292602539062
-273.03616141286966,15.113015408564623,37.6,0.42580102800178565,15.134292602539062
-270.0434037026685,14.963788551006083,37.8,0.4511354329569599,14.986330032348633
-267.050573546204,14.96415078232225,38.0,0.4466092076112318,14.986466407775879
-264.0576713985645,14.964510738197466,38.2,0.44210965216166187,14.986601829528809
-261.03524550736955,15.112129455975051,38.4,-2.5597086591831726,14.986867904663086
-258.04249579921253,14.963748540784843,38.6,0.4627172320117552,14.986867904663086
-255.0496734574912,14.964111708607053,38.8,0.4580761930984636,14.98699951171875
-252.05677912972772,14.96447163881718,39.0,0.453462011382328,14.987129211425781
-249.06381357086252,14.964827794325739,39.2,0.44890455691921716,14.987384796142578
-246.07077771912498,14.965179258688082,39.4,0.44440307476878615,14.987384796142578
-243.04805263453045,15.113625422972412,39.6,0.4105987165453939,15.134143829345703
-240.05517672724494,14.964379536427884,39.8,0.4361009007492953,14.986170768737793
-237.06222931831047,14.964737044672125,40.0,0.4317081312769915,14.986309051513672
-234.06921134893767,14.965089846863851,40.2,0.4273716046645859,14.986445426940918
-231.04649068019515,15.113603343712981,40.4,0.39373246954522756,15.133279800415039
-228.0536322999027,14.96429190146207,40.6,0.4193980845768124,14.985249519348145
-225.03105319835927,15.112895507717418,40.8,0.3858282422129946,15.132177352905273
-222.0086839957322,15.111846013135153,41.0,0.38220800293612456,15.13094711303711
-219.0162083780645,14.962378088338326,41.2,0.40802569189128235,14.982940673828125
-215.99422495145498,15.109917133047968,41.4,-2.5927085293081973,14.983110427856445
-213.00189297995007,14.961659857524312,41.6,0.4292748973013545,14.983110427856445
-210.0094840636656,14.962044581422626,41.8,0.42494854361092393,14.98327922821045
-206.9875776255295,15.109532190680397,42.0,-2.6051339951827117,14.982144355773926
-203.99531406737734,14.961317790760527,42.2,0.41677244295334503,14.982144355773926
-201.00297294985512,14.961705587611455,42.4,0.41257604016806226,14.982499122619629
-198.01055497028307,14.962089897860075,42.6,0.408411420385562,14.982499122619629
-194.98862825583203,15.109633572255536,42.8,-2.5922736273861346,14.982847213745117
-191.9963527020803,14.961377768758503,43.0,0.42965308706487804,14.982847213745117
-188.97431770842334,15.110174968284522,43.2,0.3959276642541454,14.981719970703125
-185.98218746535898,14.960651215322184,43.4,0.42162476728611864,14.981719970703125
-182.98997814172554,14.961046618166945,43.6,0.4173713433582975,14.981903076171875
-179.9679963972285,15.109908722485635,43.8,0.38376279589795104,15.129087448120117
-176.97593102451623,14.960326863561058,44.0,0.4095897552387555,14.980794906616211
-173.98378603080783,14.960724968541783,44.2,0.40545456642757927,14.980986595153809
-170.9915622864336,14.961118721871458,44.4,0.40136848103441025,14.981176376342773
-167.99926050074873,14.961508928424177,44.6,0.3973153699399177,14.981364250183105
-165.0068815284235,14.961894861626455,44.8,0.3933097825778873,14.981550216674805
-162.01442606329505,14.962277325642013,45.0,0.389335605489066,14.981734275817871
-159.0218947539411,14.962656546769558,45.2,0.38540740362532233,14.981917381286621
-155.9995943478646,15.111502030382875,45.4,0.3521208418855508,15.129100799560547
-152.97750252832273,15.110459097709096,45.6,0.34884751749331144,15.127894401550293
-149.9556175516025,15.109424883601495,45.8,0.3456097471914177,14.978266716003418
-146.96368077796342,14.959683868195206,46.0,0.3718282200053977,14.978266716003418
-143.94192242753897,15.108791752122048,46.2,0.3386185092694518,15.125716209411621
-140.95012422462878,14.958991014551293,46.4,0.3649239788344971,14.977229118347168
-137.9288378479695,15.10643188329613,46.6,-2.634305650286535,14.977681159973145
-134.8164270528018,15.256915662586769,46.804,-2.6985295275334806,15.125171661376953
-131.8559471292148,15.104489406056327,47.0,0.4138812676341672,14.973637580871582
-128.83555320647017,15.101969613722964,47.2,-2.555875625185024,14.976887702941895
-125.84481751065597,14.953678479071282,47.4,0.4645182975595503,14.976887702941895
-122.85398889029844,14.954143101787453,47.6,0.4598316300925376,14.977118492126465
-119.86306853836648,14.954601759660111,47.8,0.45520736959070973,14.977346420288086
-116.87205714072994,14.955056988182507,48.0,0.45061380550703234,14.977572441101074
-113.88095537647133,14.955508821292785,48.2,0.44605025197171244,14.97779655456543
-110.88976441326768,14.95595481601859,48.4,0.4415465474803,14.978017807006836
-107.89848521649603,14.956395983858098,48.6,0.4371015243557963,14.97823715209961
-104.90711843737901,14.956833895585415,48.8,0.4326836996430643,14.97845458984375
-101.91566502530358,14.95726706037693,49.0,0.42832293969757984,14.978670120239258
-98.89439065734234,15.106371839806018,49.2,0.39456883224175954,15.126090049743652
-95.90306638397918,14.956621366816126,49.4,0.4202987666092781,14.97762393951416
-92.91165535077317,14.957055166029825,49.6,0.4160786063786759,14.9778470993042
-89.92015788986792,14.957487304526602,49.8,0.4118536532565713,14.978068351745605
-86.89883231335858,15.106627882546471,50.0,0.3782656649430578,15.125532150268555
-83.90746488908698,14.956837121357815,50.2,0.40416887817116276,14.977034568786621
-80.91601089987589,14.957269946055812,50.4,0.40008342158336063,14.977263450622559
-77.9244712854576,14.957698072091196,50.6,0.3960540123569558,14.977490425109863
-74.93284667154165,14.958123069580076,50.8,0.39204919318154907,14.977715492248535
-71.91139069719155,15.107279871750308,51.0,0.3586188754568411,15.125203132629395
-68.89013601199831,15.106273425965998,51.2,0.35526405879130607,14.97545051574707
-65.89885838084163,14.956388155783701,51.4,0.38143207406267265,14.97545051574707
-62.87771869344134,15.10569843700124,51.6,0.3480820196725176,15.123095512390137
-59.88656678611387,14.95575953663767,51.8,0.3743486601977679,14.974468231201172
-56.86554040868523,15.10513188714299,52.0,0.3410559874471346,14.973504066467285
-53.8745118675318,14.955142705766931,52.2,0.36739242346953915,15.121277809143066
-50.85359665738848,15.10457605071694,52.4,0.33415949001357603,15.121277809143066
-47.86268897922772,14.954538390803599,52.6,0.3605678642193766,14.972558975219727
-44.87169000529604,14.954994869658728,52.8,0.35690767128642165,14.972832679748535
-41.85079648859164,15.104467583521759,53.0,0.3237672409211996,15.120650291442871
-38.859917628675795,14.954394299579013,53.2,0.3502759920006042,14.971900939941406
-35.86894756213043,14.954850332727156,53.4,0.34673956871330347,14.972457885742188
-32.877886666102185,14.955304480141022,53.6,0.34320279932120457,14.972457885742188
-29.886736114362222,14.955752758700125,53.8,0.3397263418337957,14.972732543945312
-26.866106664845375,15.103147247584022,54.0,-2.658380918926241,14.973273277282715
-23.87507291100262,14.955168769213577,54.2,0.362248530590648,14.973273277282715
-20.88394893219312,14.95561989404781,54.4,0.3585618254489873,14.973540306091309
-17.892735895970688,14.956065181111954,54.6,0.35493482769601314,14.973804473876953
-14.90143484421969,14.956505258755305,54.8,0.3513358521996679,14.974064826965332
-11.910046236243844,14.95694303987902,55.0,0.3477638570756767,14.974324226379395
-8.918571403807867,14.957374162179674,55.2,0.34424890059841573,14.974579811096191
-5.927010979133097,14.957802123374169,55.4,0.3407591334250242,14.97508430480957
-2.9353657788868888,14.95822600123083,55.6,0.3372939233341299,14.97508430480957
0.05636327429399035,14.958645265904714,55.8,0.33388297123661914,14.975333213806152
3.077561320930078,15.105990233180222,56.0,-2.6646833857387833,14.975822448730469
6.069162173765605,14.958004264177426,56.2,0.3565146608973464,14.975822448730469
9.060847316038757,14.958425711366077,56.4,0.3529067734984892,14.97606372833252
12.082383032442113,15.107678582016568,56.6,0.3198726774903662,15.123666763305664
15.103716102684228,15.106665351210891,56.8,0.3169027786593688,15.122505187988281
18.095052386816747,14.956681420662386,57.0,0.3434543547608655,14.973847389221191
21.11586790285723,15.104077580202194,57.2,-2.6548944197003834,14.974366188049316
24.107083561835832,14.95607829489334,57.4,0.3659210963401165,14.974366188049316
27.098387472747145,14.956519554556357,57.6,0.36220267328747013,14.974621772766113
30.119562761255406,15.10587644254163,57.8,0.329031486542533,15.122322082519531
33.11074034417313,14.955887914588422,58.0,0.3554863160663899,14.973654747009277
36.10200656398026,14.956331099035442,58.2,0.35188240484347943,14.973917961120605
39.12275831661998,15.103758763198897,58.4,-2.6465669515212653,14.974435806274414
42.113905375259876,14.955735293199258,58.6,0.3741848011184743,14.974435806274414
45.105141177901636,14.956179013209118,58.8,0.3703977777271348,14.974690437316895
48.09646506741988,14.956619447590992,59.0,0.3666384631814026,14.974943161010742
51.08787620248308,14.957055675315798,59.2,0.36290620035589427,14.97519302368164
54.07937344534746,14.95748621432221,59.4,0.3592306654971935,14.97544002532959
57.070955860312495,14.957912074824968,59.6,0.3556107208615913,14.975685119628906
60.12177215973373,15.254081497106503,59.8,-2.6727043251108853,15.123539924621582
63.14270082582391,15.104643330450667,60.0,0.37811197431034316,15.123539924621582
66.13364967419878,14.954744241874172,60.2,0.40404552321302845,14.974935531616211
69.12468919715715,14.95519761479222,60.4,0.3999687368222453,14.97518539428711
72.14559593178234,15.104533673125712,60.6,0.3664416093900513,15.122847557067871
75.13651446367514,14.954592659464323,60.8,0.39250581471833357,14.974207878112793
78.12752428359595,14.955049099603807,61.0,0.3885207821580252,14.974465370178223
81.11862421376492,14.95549965084462,61.2,0.38459652004758027,14.974720001220703
84.1098133928296,14.955945895323728,61.4,0.3807013330290374,14.974971771240234
87.10109115873632,14.956388829533454,61.6,0.3768343597499779,14.975221633911133
90.1222334327624,15.105711370130726,61.8,0.34354547526606893,15.122881889343262
93.11338529876812,14.955759330028426,62.0,0.36984521999528397,14.9742431640625
96.10462593868338,14.956203199576102,62.2,0.3660935215478389,14.974499702453613
99.09595469504345,14.95664378180061,62.4,0.3623695618537681,14.975006103515625
102.08737042139892,14.95707863177714,62.6,0.35870320102634423,14.975006103515625
105.10925620549152,15.10942892046337,62.8,0.26509695472554995,15.1226806640625
108.09993447782249,14.953391361654614,63.0,0.3526565669431534,14.971016883850098
111.09130943917582,14.956874806766434,63.2,0.3484617923991209,14.97429084777832
114.08277064704541,14.957306039348278,63.4,0.3449637068774223,14.974547386169434
117.10410265322888,15.106660030917165,63.6,0.31194981709080594,15.122252464294434
120.09543429055724,14.956658186642116,63.8,0.3385918818680125,14.973845481872559
123.08685352572476,14.957096175837393,64.0,0.3351115074776203,14.973845481872559
126.10815132545652,15.10648899865857,64.2,0.30223875045766135,14.972893714904785
129.09944156783706,14.95645121190251,64.4,0.3289686790956239,14.972893714904785
132.0908191390822,14.956887856226661,64.6,0.3256300152261815,14.973163604736328
135.1120842561627,15.10632558540213,64.8,0.292776629440084,15.120960235595703
138.1033344222371,14.956250830371928,65.0,0.3195959457393087,14.972225189208984
141.09467243521638,14.956690064896106,65.2,0.31633927587625976,14.972501754760742
144.1154719471639,15.103997559737495,65.4,-2.681458453332027,14.973048210144043
147.10668948053745,14.956087666868497,65.6,0.3393410586155028,14.973048210144043
150.09799529494035,14.956529072014181,65.8,0.33586865058282456,14.973316192626953
153.08938812787602,14.956964164678125,66.0,0.3324845235794669,14.973846435546875
156.08086733908266,14.957396056032906,66.2,0.3291263799526405,14.973846435546875
159.10179307955107,15.104628702341891,66.4,-2.6983153072782216,14.972894668579102
162.09314702768523,14.956769740671646,66.6,0.3226104331901638,14.972894668579102
165.08458766965012,14.957203209824272,66.8,0.3193354750743538,14.973164558410645
168.0761143683293,14.957633493395704,67.0,0.31608617563296093,14.973432540893555
171.06772611147903,14.958058715748436,67.2,0.3128618977496558,14.9736967086792
174.05942227841615,14.958480834685387,67.4,0.30966162918065265,14.973958969116211
177.05120164485893,14.958896832214842,67.6,0.30654578439902025,14.97421932220459
180.10219022087318,15.254942880071066,67.8,-2.7501977983769734,15.120798110961914
183.12334284209683,15.105763106118062,68.0,0.3007907776373031,14.972055435180664
186.11448012350507,14.955686407041012,68.2,0.32749759807967393,14.972055435180664
189.1355192135878,15.105195450413417,68.4,0.294648063081695,15.11992359161377
192.1559141686844,15.101974775483937,68.6,-2.672838237460553,14.971426963806152
195.14672539303837,14.954056121769609,68.8,0.34755671763599594,14.971426963806152
198.137628539474,14.954515732177983,69.0,0.3440442115212363,14.971711158752441
201.12862291885787,14.954971896919105,69.2,0.340562592331878,14.971993446350098
204.1197076581747,14.955423696583933,69.4,0.33711117093452003,14.972272872924805
207.14069245994045,15.104924008829732,69.6,0.3041480586887815,15.120126724243164
210.1614788319607,15.103931860100937,69.8,0.30132914951707335,14.970165252685547
213.15223208961788,14.953766288285747,70.0,0.32809696684984146,14.970165252685547
216.17246082778007,15.101143690810682,70.2,-2.6693699903367474,14.970757484436035
219.16310517619266,14.9532217420627,70.4,0.35085874782544124,14.970757484436035
222.1836701724217,15.102824981146128,70.6,0.3177604204567501,15.118707656860352
225.17420162350095,14.952657255395975,70.8,0.34430686199829097,14.969865798950195
228.16482798620882,14.953131813539114,71.0,0.3408197583900687,14.970166206359863
231.15554835078882,14.953601822899795,71.2,0.33736653125419025,14.970463752746582
234.14636162580507,14.954066375081018,71.4,0.3339462708341898,14.970757484436035
237.13726772184822,14.954530480216658,71.6,0.33049685053794065,14.971049308776855
240.12826494954672,14.954986138492322,71.8,0.32714025126858814,14.97133731842041
243.1193526275171,14.955438389851592,72.0,0.32381374849836675,14.971623420715332
246.11052989042113,14.95588631452008,72.2,0.3205166608436798,14.972186088562012
249.13117279222126,15.103214509000466,72.4,-2.6771976778147177,14.972463607788086
252.15162754109286,15.102273744358861,72.6,-2.651122647108366,14.972738265991211
255.17189499378813,15.10133726347616,72.8,-2.6252357693305157,14.973010063171387
258.1625487431305,14.953268746711823,73.0,0.3950316833647207,14.973278999328613
261.1532965793457,14.953739181075754,73.2,0.3909954913008846,14.973278999328613
264.1441369920395,14.954202063468626,73.4,0.38705338610981244,14.97354507446289
267.1350692859918,14.954661469762287,73.6,0.38314282224109775,14.973809242248535
270.1260925821502,14.9551164807918,73.8,0.37926310447465994,14.97407054901123
273.1172060102009,14.955567140253237,74.0,0.37541335375806284,14.974328994750977
276.1378219749603,15.103079823796612,74.2,-2.6234024174099773,14.974838256835938
279.12881957859634,14.954988018180208,74.4,0.39721354734939496,14.974838256835938
282.119907448997,14.955439352004191,74.6,0.39321603379795533,14.975090026855469
285.14050869890525,15.103006249541002,74.8,-2.605869435645104,14.975584030151367
288.1314805629881,14.954859320413993,75.0,0.41473181426312067,14.975584030151367
291.1225432472438,14.955313421278323,75.2,0.410525455689708,14.975828170776367
294.1434650248616,15.10460888808884,75.4,0.3769299368204315,15.123446464538574
297.16419035212294,15.103626636307482,75.6,0.3733766167819681,15.122286796569824
300.18472047033214,15.102650591045803,75.8,0.3698709870120638,15.121135711669922
303.2050569898205,15.101682597441576,76.0,0.36641428881500815,15.1199951171875
306.22520192360514,15.100724668922929,76.2,0.3629470973658613,15.118864059448242
309.2153189263452,14.950585013700103,76.4,0.38907347646301105,14.9700288772583
312.20553477693926,14.951079252971143,76.6,0.3851719245155891,14.970623970031738
315.19584894550593,14.951570842833233,76.8,0.38124715010962973,14.970623970031738
318.1862604887149,14.952057716044626,77.0,0.3773596585200494,14.970916748046875
321.20618261370873,15.09961062496919,77.2,-2.620754188896001,14.971492767333984
324.2259222443571,15.09869815324167,77.4,-2.5951557943708963,14.971776962280273
327.2160343479564,14.950560517997255,77.6,0.42458383627746343,14.971776962280273
330.2062459780748,14.951058150591765,77.8,0.4202501390955149,14.972058296203613
333.19655576127207,14.951548915986328,78.0,0.4160159684326459,14.97233772277832
336.18696317486433,14.95203706796119,78.2,0.4117578805361859,14.972613334655762
339.1774666734526,14.952517492941244,78.4,0.4075974230347015,14.972886085510254
342.1680655270464,14.952994267969874,78.6,0.4034720153729836,14.973156929016113
345.15875863142537,14.95346552189453,78.8,0.39938092756051446,14.973423957824707
348.14954466541724,14.95393016995916,79.0,0.3953840905332413,14.973689079284668
351.169849430668,15.101523826253635,79.2,-2.6035149340686417,14.974211692810059
354.1605262826468,14.953384259893697,79.4,0.4167898311821432,14.974211692810059
357.1810847604748,15.102792389140747,79.6,0.3831136558171693,15.121938705444336
360.17164706728545,14.952811534053227,79.8,0.4090432273951592,14.973252296447754
363.1623045972638,14.95328764989158,80.0,0.40485455764331846,15.121292114257812
366.18285191390214,15.102736583191438,80.2,0.37128113059043244,15.121292114257812
369.1733956340371,14.95271860067441,80.4,0.397321611291261,14.972574234008789
372.16403408303194,14.953192244975135,80.6,0.3932974603324624,14.972846984863281
375.1841911400098,15.10078528488904,80.8,-2.605382938328944,14.97338581085205
378.17472293791576,14.95265898952982,81.0,0.4147741186488929,14.97338581085205
381.1653500708668,14.95313566475505,81.2,0.41055493999238024,14.973651885986328
384.18586617195564,15.102580505444116,81.4,0.37689008075591346,15.121416091918945
387.20618884979604,15.101613389202802,81.6,0.37335833028225807,15.120272636413574
390.19649763163847,14.951543909211804,81.8,0.3994183128101554,14.971504211425781
393.18690394801075,14.952031581861329,82.0,0.39534232902758504,14.97178840637207
396.17740625416593,14.952511530775812,82.2,0.39136387977487175,14.9723482131958
399.16800423955016,14.952989926920889,82.4,0.3873593499925505,14.9723482131958
402.1586963778113,14.95346069130637,82.6,0.38345049943927734,14.972623825073242
405.149481767214,14.953926947013434,82.8,0.3795747666066518,14.972896575927734
408.1701633217982,15.103407772920662,83.0,0.346190234134383,15.120710372924805
411.1608329498111,14.95334814006413,83.2,0.3724870230935835,14.971963882446289
414.1809861808409,15.100766155148746,83.4,-2.655031825456035,14.971048355102539
417.2009555635073,15.099846913332913,83.6,-2.6291412897387545,14.97133731842041
420.2207423031495,15.098933698210859,83.8,-2.603495637541073,14.971622467041016
423.240347986832,15.098028418412122,84.0,-2.578093663523873,14.971905708312988
426.23031687489794,14.949844440329677,84.2,0.4415120201585978,14.971905708312988
429.22038652186404,14.950348234830427,84.4,0.4370351074433074,14.972186088562012
432.2105551608324,14.950843194842786,84.6,0.4326589536281631,14.97246265411377
435.20082264234713,14.951337407573224,84.8,0.4282597215027977,14.972737312316895
438.1911880184615,14.951826880571618,85.0,0.42389829676750423,14.97300910949707
441.18164993209007,14.952309568142688,85.2,0.41963476663187294,14.973278999328613
444.20200659822365,15.101783330667757,85.4,0.38586572322918755,15.12106704711914
447.19235870267664,14.951760522265687,85.6,0.41177658858151744,14.97233772277832
450.1828074071589,14.952243522411196,85.8,0.4076218570970127,14.972613334655762
453.1733519765344,14.952722846876982,86.0,0.40350269048553855,14.97288703918457
456.1639919108665,14.953199671660451,86.2,0.3993573184547472,14.973424911499023
459.1547252684954,14.953666788144044,86.4,0.395368346536884,14.973424911499023
462.1455517645036,14.954132480041798,86.6,0.3913507276032533,14.973690032958984
465.1364705073967,14.954593714465425,86.8,0.3873652118926998,14.973952293395996
468.1274800050841,14.955047488436813,87.0,0.383471943067093,14.974469184875488
471.11858018996077,14.955500924382973,87.2,0.37954735872324363,14.974469184875488
474.1097695853957,14.9559469771746,87.4,0.37571346156863683,14.974723815917969
477.10104733892194,14.95638876763192,87.6,0.3719077398160948,14.9749755859375
480.1221925500716,15.105726055747967,87.8,0.3386493605298142,15.122652053833008
483.11334472117284,14.955760855506037,88.0,0.3649825599607084,14.97400188446045
486.13437676144946,15.10516020138303,88.2,0.3317817037182067,15.121743202209473
489.1254052858052,14.95514262177841,88.4,0.35824587290107957,14.973047256469727
492.1463256892866,15.104602017407965,88.6,0.3251044753818064,15.120851516723633
495.1372334960459,14.95453903379643,88.8,0.3515790780819543,14.972110748291016
498.15763067926844,15.101985916112618,89.0,-2.6465267870337357,14.972664833068848
501.1484266829222,14.95398001826857,89.2,0.37387039618880635,14.972664833068848
504.1393147125418,14.954440148097813,89.4,0.37009852874882654,14.972936630249023
507.1302940782159,14.954896828371451,89.6,0.3663576521184382,15.121000289916992
510.1511643070895,15.10435114436787,89.8,0.33310606076128124,15.121000289916992
513.1420241714342,14.954299321723115,90.0,0.35953048885363614,14.972268104553223
516.1329755812451,14.954757049054226,90.2,0.3558835172607928,14.972543716430664
519.153418774096,15.102215964254647,90.4,-2.6423618502720387,14.973089218139648
522.1442576047695,14.95419415336788,90.6,0.37808134257892334,14.973089218139648
525.164989400163,15.103658976967454,90.8,0.3447502513773202,15.120889663696289
528.1851236353363,15.100671175866259,91.0,-2.6234095547916354,14.972429275512695
531.1756443236817,14.952603441726858,91.2,0.3967246803816238,14.972429275512695
534.1662605432443,14.953081097812925,91.4,0.39267749763331494,14.972704887390137
537.1569705784979,14.953550176268317,91.6,0.3887258461022043,14.972976684570312
540.147774140578,14.954017810400442,91.8,0.38474593994948236,14.973245620727539
543.138669915318,14.954478873699836,92.0,0.380859560623378,14.973512649536133
546.1296570203292,14.954935525055854,92.2,0.3770043588008889,14.973776817321777
549.1207345819959,14.955387808333192,92.4,0.3731794520933249,14.974038124084473
552.1413132006663,15.102893093353055,92.6,-2.625489079990018,14.974554061889648
555.1322751721012,14.954809857174428,92.8,0.3950895386804518,14.974554061889648
558.1233281482163,14.95526488057483,93.0,0.391056392927851,14.974807739257812
561.1144706493917,14.955712505876809,93.2,0.38711425185539383,14.975058555603027
564.1057020108774,14.956156807428446,93.4,0.3832006006870756,14.97530746459961
567.0970213837886,14.956596864556984,93.6,0.3793147746727641,14.975553512573242
570.0884281184166,14.95703367313943,93.8,0.37545592492773494,14.975797653198242
573.0799207712608,14.957463264220916,94.0,0.37168443689944297,14.976038932800293
576.071498713413,14.957889710760602,94.2,0.367937831931215,14.976278305053711
579.0631611314795,14.958312090332369,94.4,0.364215481114627,14.97651481628418
582.0549074108948,14.958731397077118,94.6,0.3605165710561664,14.976749420166016
585.0467367524678,14.959146707865285,94.8,0.3568404871901407,14.977210998535156
588.0386479461055,14.959555968187825,95.0,0.3532474654819566,14.977210998535156
591.0306404033337,14.959962286140652,95.2,0.34967526068209054,14.977438926696777
594.0227133507966,14.960364737314286,95.4,0.3461232843165476,14.97766399383545
597.0148660228388,14.960763360211704,95.6,0.34259076302947733,14.977886199951172
600.0070974332497,14.961157052054405,95.8,0.33913796632162985,14.978107452392578
602.9994068337992,14.961547002747217,96.0,0.33570287282628897,14.978325843811035
605.9917930647678,14.96193115484274,96.2,0.33234576946955485,14.978755950927734
608.9842560066086,14.962314709203921,96.4,0.3289434262193822,14.978755950927734
612.0061541640125,15.10949078702065,96.6,-2.6993455850648047,14.97770881652832
614.9984715197436,14.961586778655036,96.8,0.32255257233913426,14.97770881652832
617.9908663547241,14.961974174902037,97.0,0.31926445932020897,14.978151321411133
620.9833371326846,14.962353889802582,97.2,0.3160538255506822,14.978151321411133
624.005625989366,15.111444283406506,97.4,0.28337811913621636,15.125609397888184
626.9979472454345,14.961606280343435,97.6,0.31030564769258717,14.977116584777832
630.0197164414587,15.10884598012124,97.8,-2.6884619634263913,14.977570533752441
633.0412855533264,15.107845559337916,98.0,-2.6621761658396395,14.977794647216797
636.0332520998563,14.95983273264948,98.2,0.359392946027981,14.977794647216797
639.0252992396091,14.960235698763933,98.4,0.35575402380794685,14.978015899658203
642.0174270063126,14.96063883351826,98.6,0.35207362449824586,14.978235244750977
645.0393736490619,15.109733213746269,98.8,0.31917697713919324,15.125686645507812
648.0313583427657,14.959923468518767,99.0,0.34564022145099216,14.977198600769043
651.0234233770705,14.96032517152394,99.2,0.3421415167172768,14.977425575256348
654.0453193798131,15.109480013713288,99.4,0.30918213695957775,15.124934196472168
657.0670097848174,15.1084520250225,99.6,0.3062978662647424,15.123762130737305
660.0587151106225,14.958526629025622,99.8,0.33299315408152097,14.975417137145996
663.0505039179557,14.958944036665573,100.0,0.32958129238664924,14.975417137145996
666.0423751829206,14.959356324824485,100.2,0.32625291221978614,14.975663185119629
669.0637082474332,15.106665322562693,100.4,-2.6722322681277433,14.97614574432373
672.0848468121658,15.105692823664027,100.6,-2.646260531740211,14.976384162902832
675.0763766195278,14.95764903680969,100.8,0.37487803299239886,14.976384162902832
678.0679905813372,14.958069809047151,101.0,0.371168582541884,14.976619720458984
681.0596886957912,14.9584905722699,101.2,0.36742121622631885,14.976853370666504
684.1412799731447,15.105839594870512,101.404,-2.6610222708821425,14.975842475891113
687.0724259504957,14.954826415056287,101.6,0.42056900647133943,14.975842475891113
690.0640782343855,14.958261419448997,101.8,0.356597796322319,14.976083755493164
693.0558152457966,14.958685057055156,102.0,0.35288875208715353,14.976322174072266
696.047634538771,14.95909646487192,102.2,0.3493865056856862,14.976558685302734
699.0395359393718,14.959507003003788,102.4,0.3458444705351553,14.976792335510254
702.0612774894583,15.108707750433622,102.6,0.3128435273859509,15.124344825744629
705.0530407835663,14.95881647053969,102.8,0.33946788997246813,14.975783348083496
708.0448870536142,14.959231350239069,103.0,0.33599192626792274,14.976024627685547
711.0368150901005,14.959640182431237,103.2,0.33259893850328126,14.976263999938965
714.0288235048066,14.960042073530571,103.4,0.3292877171771238,14.97673511505127
717.020912333462,14.960444143277803,103.6,0.3259348037582299,14.97673511505127
720.0130816114596,14.960846389987967,103.8,0.322540233976099,14.976967811584473
723.0347068176576,15.108126030989615,104.0,-2.6761352145887827,14.977424621582031
726.0267382160299,14.960156991861114,104.2,0.3454899916092131,14.977424621582031
729.0188505170803,14.960561505251691,104.4,0.34191592123153214,14.97765064239502
732.0110411220694,14.960953024946404,104.6,0.33854482384441553,14.977873802185059
735.0033111160675,14.96134996999034,104.8,0.3350078897710205,14.978094100952148
738.0250446113347,15.108667476335997,105.0,-2.6640551240433865,14.97852897644043
741.0171751474358,14.960652680505058,105.2,0.3576783712238125,14.97852897644043
744.038786200896,15.108055267300749,105.4,-2.6417682411126293,14.97895622253418
747.0307808430233,14.959973210637527,105.6,0.3798428123475901,14.97895622253418
750.02285472251,14.960369397433233,105.8,0.3761099154124281,14.979373931884766
753.044421217122,15.107832473059512,106.0,-2.623637494163347,14.97957992553711
756.0363600112642,14.959693970710205,106.2,0.39792900044864155,14.97957992553711
759.0283798883737,14.960099385547606,106.4,0.3938961149032707,14.97978401184082
762.0204794679263,14.960497897763917,106.6,0.38994431232532634,14.979985237121582
765.0126589834512,14.960897577623992,106.8,0.3859501418779132,14.980185508728027
768.0343358526342,15.108384345915066,107.0,-2.6140578425972194,14.980579376220703
771.0263777936876,14.960209705266807,107.2,0.40761902658579174,14.980579376220703
774.0479105555511,15.10766380931701,107.4,-2.6218234073607505,14.979496002197266
777.0398147897722,14.959521171106543,107.6,0.3997093545027042,14.979496002197266
780.0317994233923,14.959923168100305,107.8,0.39576397934882834,14.979701042175293
783.0535881554939,15.108943660508093,108.0,0.36223591765639185,15.127047538757324
786.0751725751301,15.107922098180435,108.2,0.3588781653830324,15.125858306884766
789.0668004530928,14.958139389813246,108.4,0.3849791865816883,14.977378845214844
792.058512033906,14.95855790406689,108.6,0.38112366610693016,14.977604866027832
795.0503071296256,14.958975478597566,108.8,0.3772297781701468,14.977828025817871
798.0715762498547,15.106345601145375,109.0,-2.651360868297786,14.976799011230469
801.0632386558362,14.958312029907324,109.2,0.36990825193134924,14.976799011230469
804.0549843495475,14.958728468555933,109.4,0.36620932978786414,14.977030754089355
807.0468131471006,14.959143987766488,109.6,0.3624716250615734,14.977486610412598
810.0681288074696,15.10657830184495,109.8,-2.636788444572801,14.97771167755127
813.0892487268829,15.105599597066531,110.0,-2.611078252953746,14.977933883666992
816.0807373834745,14.957443282957353,110.2,0.41004166645956275,14.977933883666992
819.0723111994919,14.957869080086924,110.4,0.4059248543010767,14.978154182434082
822.0639689446176,14.95828872562969,110.6,0.40189320156849817,14.978372573852539
825.0557104287602,14.958707420712841,110.8,0.3978234076317335,14.978588104248047
828.0772720179766,15.107807946081575,111.0,0.3642963370868415,15.126014709472656
831.0688790206664,14.958035013448344,111.2,0.3903745278657311,14.977543830871582
834.0605695515766,14.958452654550896,111.4,0.38649813211799255,14.977767944335938
837.0523436152539,14.958870318387323,111.6,0.3825831942781974,14.97799015045166
840.0735957854207,15.106260850833602,111.8,-2.6461505545444766,14.976957321166992
843.0946534994338,15.10528857006521,112.0,-2.6203817828151728,14.977188110351562
846.0860865049826,14.957165027744187,112.2,0.40067593119789535,14.977188110351562
849.0776053450556,14.957594200364763,112.4,0.3966255383092516,14.977415084838867
852.0986138146397,15.105042347921646,112.6,-2.6321192934927353,14.976393699645996
855.0900056220753,14.956959037177512,112.8,0.38888917609136797,14.976393699645996
858.081484176866,14.957392773953048,113.0,0.38491965540191586,14.976629257202148
861.0730482325371,14.957820278355305,113.2,0.38103688206757624,15.124410629272461
864.0944535537059,15.107026605843727,113.4,0.34782066430119585,15.124410629272461
867.1156577145314,15.106020804128487,113.6,0.3445677823449955,15.123242378234863
870.1068761897163,14.956092375924337,113.8,0.37077682598300044,14.97462272644043
873.0981831154489,14.956534628663006,114.0,0.3670001839804513,14.974876403808594
876.0895768464956,14.95696865523316,114.2,0.3633119925255528,14.975126266479492
879.0810575453024,14.957403494034068,114.4,0.3595885360721809,14.97562026977539
882.0726235813482,14.957830180229987,114.6,0.3559520473790485,14.97562026977539
885.0940466776226,15.107115481371341,114.8,0.322859880299859,15.123252868652344
888.0854808336885,14.957170780329363,115.0,0.34940992969922036,14.974634170532227
891.1067842944718,15.106517303916092,115.2,0.31643002326512715,14.97366714477539
894.0980892426339,14.956524740810597,115.4,0.3429825074859423,14.97366714477539
897.0894822823637,14.956965198649872,115.6,0.3394144087730524,14.973929405212402
900.0809609338062,14.957393257211939,115.8,0.3360564719403669,14.974189758300781
903.1019129551241,15.104760106589616,116.0,-2.662333040679698,14.974701881408691
906.0932686781796,14.95677861527729,116.2,0.3586189806382549,14.974701881408691
909.0847112936225,14.95721307721435,116.4,0.35497958650620376,14.974954605102539
912.106019949499,15.106543279383184,116.6,0.32188606913661033,15.122632026672363
915.0973331022424,14.95656576371647,116.8,0.3484437484506202,14.97424030303955
918.1181291828303,15.103980402939289,117.0,-2.6499891925560064,14.97449779510498
921.1093223715405,14.955965943551112,117.2,0.37080688803195017,14.97449779510498
924.1006042633146,14.956409458870171,117.4,0.36700495955466295,14.974751472473145
927.0919735918804,14.956846642829802,117.6,0.36329173414122806,14.975003242492676
930.0834291035306,14.957277558250636,117.8,0.3596659455195663,14.975500106811523
933.0749705854222,14.957707409457607,118.0,0.35600426966976784,14.975500106811523
936.0665966076679,14.95813011122805,118.2,0.35242856406131295,14.975744247436523
939.0583071645409,14.958552784364791,118.4,0.3488153284944815,14.97598648071289
942.0501008404063,14.958968379327777,118.6,0.34528662755502637,14.976225852966309
945.041977643712,14.959384016528025,118.8,0.34171897529546413,14.976463317871094
948.0339349534901,14.959786548890346,119.0,0.3383565207886363,14.97669792175293
951.0553618863926,15.107134664512326,119.2,-2.660530895995805,14.977160453796387
954.0471865828085,14.959123482079537,119.4,0.3608960369066949,14.977160453796387
957.0390934047457,14.959534109686595,119.6,0.35723733488515563,14.977388381958008
960.0310823706385,14.959944829463927,119.8,0.3535386880723195,14.977614402770996
963.0231508696039,14.960342494827046,120.0,0.35004425552762086,14.977837562561035
966.044673914087,15.107615222414985,120.2,-2.67839505800697,14.976808547973633
969.0366056898097,14.959658878613105,120.4,0.3431279864760768,14.976808547973633
972.0583757164321,15.108850133113041,120.6,0.31027948876129585,15.124359130859375
975.0501686082581,14.958964459129541,120.8,0.33681025757124416,14.975798606872559
978.0420429616489,14.959371766953968,121.0,0.33348596189722457,14.97603988647461
981.0637670318932,15.10862035122112,121.2,0.3005800418505373,15.123644828796387
984.0852868825451,15.107599253259322,121.4,0.2977679792823551,15.122483253479004
987.0768075531248,14.957603352899012,121.6,0.32453685337173965,14.974084854125977
990.0684125637201,14.958025052976542,121.8,0.3213065473889287,14.974084854125977
993.089480465735,15.105339510074355,122.0,-2.6769566060782495,14.974599838256836
996.080960678021,14.957401061429518,122.2,0.34411129593667056,14.974599838256836
999.1023101279035,15.10674724941216,122.4,0.3111774457226488,15.12230110168457
1002.0936602152177,14.956750436571843,122.6,0.33777591904259907,14.9736328125
1005.0850969158636,14.957183503228826,122.8,0.3343750297943302,14.974156379699707
1008.1060062643932,15.104546742647795,123.0,-2.6639343633098065,14.974413871765137
1011.0973208044459,14.956572700263159,123.2,0.3569749852197788,14.974413871765137
1014.088722001652,14.957005986030133,123.4,0.3534164783974916,14.974922180175781
1017.0802096383987,14.957438183734661,123.6,0.349822558416065,14.974922180175781
1020.1015634494688,15.10676905535024,123.8,0.3167740623503619,15.122602462768555
1023.0929209158979,14.956787332145506,124.0,0.34337689685793293,14.97420883178711
1026.0843653770178,14.957222305599087,124.2,0.33986131641205475,14.97420883178711
1029.0758955832341,14.957651031081838,124.4,0.3364327306568953,14.974466323852539
1032.096899113401,15.105017650835398,124.6,-2.6620272975017656,14.974973678588867
1035.0883056279674,14.957032572831958,124.8,0.35897623266504297,14.974973678588867
1038.109578343867,15.106363579498119,125.0,0.3258466144190493,15.122650146484375
1041.130650431606,15.105360438694232,125.2,0.3228273381311624,15.121496200561523
1044.1217154981628,14.955325332783563,125.4,0.34939258993262,14.972787857055664
1047.1422664537695,15.102754778035008,125.6,-2.6488001560106227,14.97332763671875
1050.1332161846865,14.954748654585119,125.8,0.3717507995961,14.97332763671875
1053.1242570911368,14.955204532251711,126.0,0.36794955395060924,14.973593711853027
1056.1451837021898,15.10463305526474,126.2,0.33469846821338933,15.12136173248291
1059.1655103167834,15.10163307296751,126.4,-2.6335106629210827,14.972919464111328
1062.1562279781997,14.953588307082496,126.6,0.38681595167253136,14.972919464111328
1065.1768422728094,15.103071473048056,126.8,0.35336369121381495,15.120732307434082
1068.1674453261473,14.953015266689832,127.0,0.37959322019850106,14.971985816955566
1071.1581420280245,14.9534835093852,127.2,0.37581150791146456,14.972541809082031
1074.1489320911337,14.953950315545875,127.4,0.37200137385110565,14.97281551361084
1077.1398152310503,14.954415699583995,127.6,0.3681625307103218,14.97281551361084
1080.1307899471199,14.954873580347748,127.8,0.3644167643769265,14.9730863571167
1083.1516564935246,15.10433273202297,128.0,0.3312215585714853,15.120887756347656
1086.1425109547629,14.954272306192133,128.2,0.3577033393511897,14.972149848937988
1089.1334573973757,14.954732213062309,128.4,0.3540509646520036,14.972427368164062
1092.1244943314155,14.955184670199472,128.6,0.3504905713272706,14.972702026367188
1095.1156216917095,14.955636801469234,128.8,0.34689859911708254,14.97297477722168
1098.1068378130142,14.956080606523633,129.0,0.3433970531611408,14.973243713378906
1101.098142647409,14.956524171975786,129.2,0.33986219790330097,15.121284484863281
1104.1193305373686,15.10593944979587,129.4,0.3069971104231968,15.121284484863281
1107.110508123764,14.955887931977836,129.6,0.33367816444518894,14.972565650939941
1110.1017749262608,14.956334012482548,129.8,0.33022684459064067,14.97283935546875
1113.0931294822303,14.956772779848324,130.0,0.3268647408373795,14.97311019897461
1116.0845703435896,14.95720430679696,130.2,0.3235903905569444,14.97337818145752
1119.0760972961098,14.957634762599957,130.4,0.32028027535369574,14.97364330291748
1122.097063894763,15.104832993267959,130.6,-2.706991600251115,14.972695350646973
1125.088464246227,14.957001757318421,130.8,0.313974998402216,14.972695350646973
1128.0799514019286,14.95743577850943,131.0,0.3107464436160967,14.972968101501465
1131.0715239230892,14.957862605803511,131.2,0.30760469306773075,14.973237991333008
1134.0631814140845,14.958287454975444,131.4,0.30442623766583665,14.97376823425293
1137.054922645131,14.958706155232974,131.6,0.30133275209863086,14.97376823425293
1140.0467463986797,14.95911876774251,131.8,0.29832300658262056,14.974030494689941
1143.068014249743,15.106339255317634,132.0,-2.6995993336186643,14.9745454788208
1146.059707769315,14.958467597861267,132.2,0.3216685174447207,14.9745454788208
1149.051485006548,14.958886186163552,132.4,0.3183669198292023,14.974799156188965
1152.0433447443186,14.95929868885336,132.6,0.31514903987471143,14.975050926208496
1155.0352868063876,14.959710310344345,132.8,0.3118915901451942,14.975299835205078
1158.027309798752,14.960114961822098,133.0,0.3087164647142231,14.975545883178711
1161.019412532016,14.960513666321093,133.2,0.30562226957857774,14.975790023803711
1164.0115948574673,14.960911627254566,133.4,0.30248574503019654,14.976031303405762
1167.0038555990207,14.961303707767154,133.6,0.29942881266896393,14.97627067565918
1169.9961934015587,14.961689012689247,133.8,0.2964502964097733,14.976507186889648
1172.9886083338424,14.962074661419171,134.0,0.2934267708228049,14.976741790771484
1175.981100463965,14.962460650614494,134.2,0.29035830466904144,14.976974487304688
1178.9736672292322,14.962833826334611,134.4,0.28748910666666916,14.977431297302246
1181.966308531879,14.963206513234299,134.6,0.28457247349632553,14.977431297302246
1185.0181042933918,15.258978807563823,134.8,-2.7434161066694855,15.12514877319336
1188.0396706958982,15.107832012532356,135.0,-2.6868596029690366,14.976631164550781
1191.0316511101446,14.959902071232731,135.2,0.33470679953728677,14.976631164550781
1194.0237118353698,14.960303626125297,135.4,0.331325885658714,14.976863861083984
1197.0158529080045,14.960705363173954,135.6,0.3279032124464152,14.977094650268555
1200.0378275772082,15.109873346017288,135.8,0.29514194133111005,15.124626159667969
1203.0298259029832,14.959991628876201,136.0,0.32187735272231066,14.976079940795898
1206.05167196773,15.109230323735302,136.2,0.28909540505986797,15.12368106842041
1209.0435304160274,14.959292241485253,136.4,0.3159463526191644,14.97508430480957
1212.0354699818317,14.959697829023096,136.6,0.3128096837289718,14.975333213806152
1215.02749050269,14.960102604289766,136.8,0.3096320620333586,14.975579261779785
1218.049364211432,15.109368543711165,137.0,0.27699437976656327,15.123214721679688
1221.0412452399241,14.959405142461598,137.2,0.303872971321141,14.974594116210938
1224.0332067059992,14.959807330373957,137.4,0.30088095293825745,14.974846839904785
1227.025249864304,14.96021579152503,137.6,0.29772523151331143,14.97509765625
1230.0471514624628,15.10950799079232,137.8,0.26523225700560715,15.122766494750977
1233.0390528760486,14.959507067929152,138.0,0.29238287860192713,14.974122047424316
1236.031035479248,14.959913015997412,138.2,0.28941124531269224,14.974379539489746
1239.023099299574,14.960319101628876,138.4,0.2863987313245957,14.974888801574707
1242.015243144556,14.96071922491205,138.6,0.28346743446303435,14.974888801574707
1245.0074654521256,14.961111537846472,138.8,0.2806161622576724,14.975138664245605
1247.9997662770088,14.961504124416347,139.0,0.27772128232726345,14.975386619567871
1250.992144453621,14.961890883061457,139.2,0.27490491971042275,14.975632667541504
1254.0139447403183,15.10900143348472,139.4,-2.7230733489898853,14.976116180419922
1257.006181595299,14.961184274904163,139.6,0.2987269377073858,14.976116180419922
1259.9984961315156,14.961572681080952,139.8,0.2957245348756601,14.976354598999023
1262.9908882208056,14.961960446450913,140.0,0.29267774296721427,14.976590156555176
1265.9833567073622,14.962342432784245,140.2,0.28970850413219296,14.976823806762695
1269.0056594063083,15.111513494728866,140.4,0.25727464693881075,15.124374389648438
1272.0273333808407,15.10836987266242,140.6,-2.7107790994276115,14.976056098937988
1275.0194366531482,14.960516361536847,140.8,0.3108948751047933,14.976056098937988
1278.011618939039,14.960911429455129,141.0,0.30775888959982467,14.97629451751709
1281.0038802878164,14.961306743887839,141.2,0.30457984736557364,14.976531028747559
1283.996219528715,14.961696204491854,141.4,0.3014798680180206,14.976765632629395
1286.9886353118802,14.962078915826769,141.6,0.2984577807916935,14.976997375488281
1290.0104895000568,15.10927094088187,141.8,-2.7000932329181637,14.97745418548584
1293.0027638375398,14.961371687415996,142.0,0.3217609552584122,14.97745418548584
1295.9951152461892,14.961757043248749,142.2,0.3185518943038801,14.977679252624512
1299.0169189391909,15.109018465007154,142.4,-2.6803076345466366,14.97812271118164
1302.0091298477275,14.96105454268399,142.6,0.3414960584549931,14.97812271118164
1305.031161570059,15.11015861165674,142.8,0.3085604826166559,15.125581741333008
1308.0526169970879,15.107277135145047,143.0,-2.660252521614268,14.977315902709961
1311.044469718598,14.959263607551541,143.2,0.36120290541447275,14.977315902709961
1314.0364039041867,14.959670927942584,143.4,0.35757222848718584,14.977766036987305
1317.0578207670608,15.107084314371258,143.6,-2.6417045234241527,14.977988243103027
1320.0496231161512,14.95901174545118,143.8,0.37971233944989535,14.977988243103027
1323.0415075019564,14.959421929026531,144.0,0.3759092197903442,14.978208541870117
1326.0334737531396,14.959831255916905,144.2,0.3720660665330229,14.978425979614258
1329.0255204810492,14.960233639546853,144.4,0.3683047786536804,14.97864055633545
1332.0473823551172,15.109309370340466,144.6,0.3352050221882905,15.126063346862793
1335.039288570829,14.959531078557738,144.8,0.36146142750629906,14.977596282958984
1338.0606787426982,15.10695085934693,145.0,-2.637721223969322,14.97804069519043
1341.0524520737088,14.95886665505364,145.2,0.383668947899821,14.97804069519043
1344.044308758266,14.959283422784338,145.4,0.3797147398478842,14.978260040283203
1347.0659878007568,15.10839521245525,145.6,0.34642494003009006,14.977222442626953
1350.057706588039,14.95859393640942,145.8,0.37274265439594956,14.977222442626953
1353.0789199243434,15.106066681521993,146.0,-2.626627425509298,14.97767448425293
1356.0999374007279,15.105087381923699,146.2,-2.6008974876424986,14.977897644042969
1359.0913181996227,14.956903994472928,146.4,0.4201199887419875,14.977897644042969
1362.11253115514,15.106064777587523,146.6,0.3863543032618395,15.125372886657715
1365.1037847733178,14.956268090887054,146.8,0.4122059306541246,14.976866722106934
1368.1248838973365,15.105495620094368,147.0,0.37855720508190416,15.124414443969727
1371.1160120674647,14.955640850642054,147.2,0.40453914160065096,14.97585678100586
1374.1369995302368,15.10493731385898,147.4,0.37088703829130054,15.123473167419434
1377.1577890880183,15.103947788908282,147.6,0.3674604385634552,15.122312545776367
1380.1485851696157,14.953980407986283,147.8,0.3934990197823822,14.973908424377441
1383.1394733824218,14.954441064031576,148.0,0.3895441248172915,14.973908424377441
1386.130453454395,14.95490035986645,148.2,0.3855592907484038,14.97442626953125
1389.1215238972977,14.955352214512589,148.4,0.3816663158465303,14.974681854248047
1392.1126834283937,14.955797655480588,148.6,0.3778637118743404,14.974933624267578
1395.103931615195,14.956240934005628,148.8,0.374028125782786,14.974933624267578
1398.0952686017533,14.956684932791736,149.0,0.3701591250841716,14.975431442260742
1401.086691520363,14.957114593049514,149.2,0.36650099445495243,14.975431442260742
1404.0782003514414,14.957544155390858,149.4,0.362806725564667,14.975676536560059
1407.0697950756191,14.957973620889277,149.6,0.35907629883053005,14.975919723510742
1410.061474073108,14.958394987443453,149.8,0.35543176519576036,14.97615909576416
1413.0532363124244,14.95881119658242,150.0,0.35187150487212193,14.976397514343262
1416.0450816100686,14.959226488222278,150.2,0.34827241606348025,14.976633071899414
1419.0370085651405,14.959634775357765,150.4,0.3447563855826843,14.976865768432617
1422.029017200679,14.960043177693318,150.6,0.34119994221708794,14.977096557617188
1425.0211051008916,14.96043950106248,150.8,0.33784724963055623,14.977325439453125
1428.04266086504,15.107778820742679,151.0,-2.6611537173442343,14.977775573730469
1431.034613518924,14.959763269420492,151.2,0.360402046804154,14.977775573730469
1434.0266470952533,14.960167881645585,151.4,0.3567492319381813,14.977997779846191
1437.0485049400818,15.109289224142591,151.6,0.3236363238924582,14.976964950561523
1440.0403980318818,14.959465458998269,151.8,0.3501328405959043,14.976964950561523
1443.0621290579847,15.108655130515366,152.0,0.3171235886458703,15.124505996704102
1446.053884876572,14.958779092937199,152.2,0.34361535693636824,14.975953102111816
1449.1355397337977,15.10615126090902,152.404,-2.655107340101324,14.97642993927002
1452.0667423695531,14.955115488547833,152.6,0.4265475171243338,14.976665496826172
1455.0584531662032,14.958553983249322,152.8,0.36238882475475975,14.976665496826172
1458.0502469600558,14.958968969264125,153.0,0.35873829327982776,14.977128982543945
1461.04212254167,14.959377908071932,153.2,0.35517075900742157,14.977128982543945
1464.0340797420722,14.959786002009473,153.4,0.35156294218421635,14.977356910705566
1467.0261185847314,14.960194213296615,153.6,0.34791467383632835,14.977582931518555
1470.0182366543916,14.960590348299418,153.8,0.34447011805804095,14.97780704498291
1473.0398270660048,15.107952058066617,154.0,-2.654744820094322,14.97824764251709
1476.0318097833242,14.959913586597335,154.2,0.36684559151893836,14.97824764251709
1479.0238719767415,14.960310967085194,154.4,0.3632228400883264,14.978464126586914
1482.0160138818646,14.960709525616869,154.6,0.35955749444309504,14.978679656982422
1485.0376378024619,15.108119602984763,154.8,-2.6399998191837426,14.979103088378906
1488.0296440306638,14.960031141010548,155.0,0.3816241014134789,14.979103088378906
1491.0217304082537,14.960431887950556,155.2,0.3777807202404233,14.9793119430542
1494.0138955637674,14.960825777567615,155.4,0.37401748845530847,14.979517936706543
1497.0061397398576,14.961220880452347,155.6,0.3702109642815117,14.97972297668457
1499.998461576246,14.96160918194047,155.8,0.36648346068426463,14.980125427246094
1502.9908599168966,14.961991703254318,156.0,0.36283361738509257,14.980125427246094
1505.9833348363786,14.962374597410594,156.2,0.3591382080357448,14.980323791503906
1508.9758851893803,14.962751765007095,156.4,0.3555193775177372,14.980520248413086
1511.9685110611517,14.963129358857776,156.6,0.3518539102068985,14.980714797973633
1515.0202949567847,15.25891947816323,156.8,-2.6772487336466497,15.128166198730469
1518.0418885723166,15.107968077660008,157.0,-2.62143651770117,14.979818344116211
1521.033852804642,14.959821161628454,157.2,0.40015709783068587,14.979818344116211
1524.055325803249,15.107364993033059,157.4,-2.599944099531342,14.980219841003418
1527.0471569773536,14.959155870523903,157.6,0.4215288990755539,14.980219841003418
1530.0687860852672,15.10814553956721,157.8,0.3878473778676721,14.979144096374512
1533.06048099304,14.958474538865177,158.0,0.4136268764063402,14.979144096374512
1536.0522589577386,14.95888982349304,158.2,0.4094721748041934,14.979351997375488
1539.0441199887975,14.959305155293166,158.4,0.40527845981517885,14.979557991027832
1542.0657872072866,15.108336092446313,158.6,0.3717488658741672,14.978495597839355
1545.0575103178655,14.95861555289392,158.8,0.39781061561319575,14.978710174560547
1548.049316325403,14.959030037688478,159.0,0.3938061871296554,14.978921890258789
1551.041205050094,14.95944362345681,159.2,0.3897625852920896,14.978921890258789
1554.0635124847552,15.111537173304155,159.4,0.29583588029566954,15.126324653625488
1557.0846559661563,15.105717407006715,159.6,-2.641085200668215,14.97665023803711
1560.0761872598084,14.957656468259001,159.8,0.38005828073295334,14.97665023803711
1563.0678035291314,14.958081346615895,160.0,0.37622824626004103,14.976883888244629
1566.0595045734553,14.958505221620952,160.2,0.37236111714554454,14.9771146774292
1569.081043131021,15.107692787827649,160.4,0.33915981771946235,15.12464427947998
1572.1023788178356,15.106678434074256,160.6,0.33604017216015336,15.12347412109375
1575.0937299692573,14.95675575710668,160.8,0.36238074178726265,14.97486686706543
1578.0851676762734,14.95718853508077,161.0,0.3587367760214306,14.975117683410645
1581.0766917223305,14.957620230286192,161.2,0.355057295537506,14.97536563873291
1584.068300864594,14.958045711316739,161.4,0.35146415409457177,14.975611686706543
1587.0599936818319,14.958464086190217,161.6,0.34795610885811357,14.975854873657227
1590.0517701769284,14.9588824754815,161.8,0.34440966828350383,14.976096153259277
1593.0733963896857,15.108131063787335,162.0,0.31140588994247764,15.123696327209473
1596.0650374102684,14.958205102914352,162.2,0.3380369855123604,14.97510051727295
1599.0567627443,14.958626670156919,162.4,0.33456081859498,14.975348472595215
1602.077956989183,15.105971224415697,162.6,-2.663948222373449,14.975837707519531
1605.0695535894672,14.957983001420795,162.8,0.3572460225095142,14.976078987121582
1608.0612348262687,14.958406184008407,163.0,0.35360336498132483,14.976078987121582
1611.0827670936576,15.107661336945098,163.2,0.32050432834529374,15.12368106842041
1614.0743149323937,14.957739193679245,163.4,0.3470414785467142,14.97508430480957
1617.0659467939038,14.958159307551322,163.6,0.3435942000953105,14.975332260131836
1620.0576626775699,14.958579418329343,163.8,0.3401088741053968,14.975578308105469
1623.0494625827973,14.958999526137813,164.0,0.33658549995897147,14.975822448730469
1626.0413450989322,14.959412580675385,164.2,0.3331461473739523,14.97606372833252
1629.033308829346,14.959818652067694,164.4,0.3297894056963173,14.976302146911621
1632.0547369906133,15.107140806337597,164.6,-2.6689695201399104,14.976773262023926
1635.0465685153792,14.959157623828638,164.8,0.35245864112738445,14.977005004882812
1638.0384816433736,14.959565639973123,165.0,0.34892883776836925,14.977005004882812
1641.0304749882011,14.959966724138603,165.2,0.34548063763776327,14.97723388671875
1644.052301461244,15.10913236521273,165.4,0.3125716387152693,15.124755859375
1647.0739246315786,15.108115851673663,165.6,0.30949576800816203,15.12358570098877
1650.0655600823711,14.958177253960741,165.8,0.3362458914677404,14.974983215332031
1653.0572802841345,14.958601008818432,166.0,0.3327641547602411,14.97523307800293
1656.0490838188794,14.959017673725114,166.2,0.32936716902366925,14.975480079650879
1659.0409694734506,14.95942827285467,166.4,0.32605351626847323,14.975725173950195
1662.0627075330435,15.108690297965655,166.6,0.29328096771467926,15.123350143432617
1665.0544544092902,14.958734381232253,166.8,0.32014598043264186,14.974736213684082
1668.0462853084948,14.959154496024416,167.0,0.31677566917932154,14.974987983703613
1671.0381965714957,14.95955631500515,167.2,0.3137335215089365,14.975237846374512
1674.0301892628577,14.959963456808685,167.4,0.310527597009866,14.975729942321777
1677.0222621882328,14.960364626876938,167.6,0.30740310087179523,14.975729942321777
1680.044188123571,15.109629676689941,167.8,0.274573682496964,15.1233549118042
1683.0361209686582,14.959664225437141,168.0,0.3016265709601953,14.974740982055664
1686.0574987607258,15.106888960338496,168.2,-2.6964308183276557,14.975242614746094
1689.0492989571658,14.959000982199003,168.4,0.32494697373994086,14.975242614746094
1692.0709590904394,15.108300666368626,168.6,0.2920889670548945,15.12290096282959
1695.062624048508,14.958324790342576,168.8,0.31887605345349357,14.974263191223145
1698.0837478012168,15.105618763544106,169.0,-2.6792050822278384,14.974774360656738
1701.0752848184588,14.957685086211521,169.2,0.3419186704808794,14.974774360656738
1704.0669079500215,14.958115657811266,169.4,0.3383385002229602,14.97502613067627
1707.0883931816054,15.107426157920878,169.6,0.30554756928557936,14.974051475524902
1710.0798831002057,14.957449593000785,169.8,0.33215975399451736,14.974051475524902
1713.071458502316,14.957877010552664,170.0,0.3287766257198541,14.974309921264648
1716.0631181532883,14.958298254861555,170.2,0.3254789809552108,14.974566459655762
1719.0846456694906,15.107637581009616,170.4,0.29272456942743474,15.122269630432129
1722.076173042095,14.957636863022854,170.6,0.31937903875467555,14.973600387573242
1725.0677840415492,14.958054997270239,170.8,0.3162775051090989,14.97386360168457
1728.0594798905558,14.958479245033773,171.0,0.31301545768832284,14.974124908447266
1731.0512589791592,14.958895443017905,171.2,0.30983825981996915,14.974382400512695
1734.0431200949015,14.959305578709833,171.4,0.3067443015483491,14.974637985229492
1737.0350642858054,14.959720954520627,171.6,0.3034882297906165,14.97489070892334
1740.027087901838,14.9601180801618,171.8,0.3005593738195671,14.975141525268555
1743.0191920170064,14.96052057584276,172.0,0.29746580235217834,14.975634574890137
1746.0113752553812,14.9609161918742,172.2,0.29445273002050953,14.975634574890137
1749.033409511656,15.110171281372716,172.4,0.2619777652702737,15.12326717376709
1752.0552358069558,15.109131476499984,172.6,0.25959795904503835,15.122108459472656
1755.0470547662378,14.959094796408452,172.8,0.2867953480949268,14.973695755004883
1758.0389572658469,14.95951249804649,173.0,0.2837412605019267,14.973958015441895
1761.0309394598814,14.959910970174219,173.2,0.2810148538609951,14.973958015441895
1764.0230024197447,14.960314799314961,173.4,0.2781240010205579,14.974217414855957
1767.0151449573837,14.960712688196026,173.6,0.275313914008791,14.974474906921387
1770.0073681454369,14.961115940265074,173.8,0.27233926414777443,14.974729537963867
1772.9996681666282,14.961500105958116,174.0,0.26968940532600527,14.974981307983398
1776.051145620336,15.257387268539778,174.2,-2.7577859641076543,15.12289047241211
1779.0727876440403,15.108210118520711,174.4,0.29369148960012126,15.12289047241211
1782.0942237544668,15.107180552133505,174.6,0.29116359142943793,14.973038673400879
1785.085652852377,14.95714548955004,174.8,0.31797079560595876,14.973038673400879
1788.0771677035957,14.957574256094416,175.0,0.31477098726617214,14.973307609558105
1791.0981413235381,15.104868099712805,175.2,-2.6832161146401745,14.973836898803711
1794.118923958288,15.103913173747845,175.4,-2.6571155415727503,14.974098205566406
1797.1101085308328,14.955922862725627,175.6,0.3636670931770709,14.974098205566406
1800.1013814382884,14.956364537276304,175.8,0.35997861884692384,14.974355697631836
1803.1225290523817,15.105738070466733,176.0,0.3268374638025193,15.122074127197266
1806.1136758393902,14.955733935044206,176.2,0.35335617164577116,14.97365951538086
1809.1049128672905,14.95618513950002,176.4,0.34962991177934555,14.973922729492188
1812.0962364157674,14.956617742385706,176.6,0.34623803342964266,14.973922729492188
1815.087647297028,14.957054406301502,176.8,0.3426885350315274,14.97418212890625
1818.0791442581399,14.957484805559979,177.0,0.3392263694171902,14.97443962097168
1821.1001167092354,15.104862255479027,177.2,-2.659266903846003,14.974946975708008
1824.1208978740747,15.103905824195316,177.4,-2.633411640250472,14.975196838378906
1827.112065482902,14.955838044136774,177.6,0.3873695245887916,14.975196838378906
1830.1330975319545,15.105160245261194,177.8,0.3541230709160459,15.122859001159668
1833.1241404077473,14.955214378965163,178.0,0.3802820730936105,14.97421932220459
1836.1152730288825,14.955663105677164,178.2,0.37645190201141077,14.97447681427002
1839.1064961753355,14.956115732263925,178.4,0.37246733564660417,14.974730491638184
1842.0978063154357,14.95655070050233,178.6,0.368817435224571,14.974983215332031
1845.0892042566027,14.956989705832997,178.8,0.36501038782483874,14.975232124328613
1848.0806887415558,14.95742242476665,179.0,0.3612911414917903,14.975479125976562
1851.1020331873854,15.106722229148016,179.2,0.3281174233199522,15.123122215270996
1854.093387962087,14.95677387350726,179.4,0.3545888222744793,14.974495887756348
1857.084828801956,14.957204199345501,179.6,0.35107055010115573,14.974750518798828
1860.0763567145036,14.957639562737024,179.8,0.34739420247018415,14.97500228881836
1863.09774804043,15.10695662963254,180.0,0.3145080525177377,15.122676849365234
1866.0891446252663,14.956982924182848,180.2,0.34102633156902584,14.974027633666992
1869.080627814617,14.95741594675164,180.4,0.3375498695303918,14.974287033081055
1872.1019844219863,15.10678303684827,180.6,0.30461899638106615,15.12200927734375
1875.1231394918766,15.105775349450033,180.8,0.3018056818754644,15.120861053466797
1878.1142793524405,14.955699302820229,181.0,0.32857598614072003,14.972122192382812
1881.105507131237,14.956138893983542,181.2,0.3253310810795824,14.972399711608887
1884.0968238173512,14.956583430570552,181.4,0.32192995362601096,14.972947120666504
1887.088228141885,14.957021622670378,181.6,0.3186177334902709,14.972947120666504
1890.0797186578197,14.95745257967176,181.8,0.3153931517742308,14.973217010498047
1893.1006689716098,15.104751568951047,182.0,-2.6826182854161402,14.973748207092285
1896.0920365830996,14.956838057449598,182.2,0.33833202837394083,14.973748207092285
1899.0834892226799,14.957263197899872,182.4,0.33507073361369066,14.974010467529297
1902.1048192146757,15.10664995998009,182.6,0.30210931069399294,14.973055839538574
1905.0961434630988,14.956621242114673,182.8,0.32881039643979193,14.973055839538574
1908.0875543192508,14.957054280760817,183.0,0.3255057386128897,14.973323822021484
1911.0790505371938,14.95748108971526,183.2,0.32228768851490486,14.973589897155762
1914.0706331315637,14.957912971848623,183.4,0.3189108595828998,14.97385311126709
1917.062300858712,14.958338635741828,183.6,0.3156204070778017,14.974371910095215
1920.0540521058847,14.958756235862342,183.8,0.31241508735109846,14.974371910095215
1923.0458856578505,14.95916775982984,184.0,0.3092932876488135,14.974627494812012
1926.0378003114654,14.959573268075763,184.2,0.3062537927395965,14.974881172180176
1929.0297971239831,14.959984062587132,184.4,0.30305125885450934,14.97513198852539
1932.0218747029683,14.960387894926988,184.6,0.2999308838722641,14.975379943847656
1935.0140316698473,14.960784834393875,184.8,0.2968912753573818,14.975625038146973
1938.0062668505038,14.961175903283731,185.0,0.2939310547364471,14.975868225097656
1940.9985815218486,14.961573356724005,185.2,0.2908049072679546,14.976109504699707
1943.9909718786116,14.961951783813824,185.4,0.2880023911126841,14.976347923278809
1947.0132037165508,15.11115918969692,185.6,0.2554904041257373,15.123930931091309
1950.005447921897,14.96122102672914,185.8,0.28260505456495366,14.975592613220215
1952.9977698532232,14.961609656632092,186.0,0.27973207241115006,14.975592613220215
1955.9901685435923,14.961993451846437,186.2,0.2769368162373098,14.975836753845215
1958.9826426542188,14.962370553131029,186.4,0.27421831910641004,14.976078033447266
1961.9751932992635,14.9627532252241,186.6,0.2713311016079274,14.976316452026367
1964.9975817935037,15.11194247119925,186.8,0.2392235435276575,15.1239013671875
1967.9899806852331,14.961994458647965,187.0,0.26649485026786124,14.975316047668457
1970.98245614115,14.962377279584429,187.2,0.26377655449726944,14.975563049316406
1974.0340940023398,15.258189305948465,187.4,-2.7635233802109838,15.12342643737793
1977.055898941953,15.109024698067541,187.6,0.2881144809788907,15.12342643737793
1980.077089505271,15.105952816588243,187.8,-2.6800708137828337,14.975068092346191
1983.0686932487495,14.958018717393223,188.0,0.341119749535153,14.975068092346191
1986.0603816773,14.958442142753134,188.2,0.3376063055135887,14.975316047668457
1989.0819301794943,15.107742510970072,188.4,0.304636530939149,15.122969627380371
1992.102871715251,15.104707678784921,188.6,-2.663561060616587,14.974592208862305
1995.0942178729929,14.956730788707706,188.8,0.3573804751401326,14.974592208862305
1998.115052312428,15.104172197176078,189.0,-2.6412636014929944,14.975096702575684
2001.1062777663901,14.956127269811875,189.2,0.3795708379420262,14.975096702575684
2004.0981958381853,14.959590358975351,189.4,0.37519082315424157,14.978341102600098
2007.089589864402,14.956970131083489,189.6,0.3719917074494674,14.975561141967773
2010.081069708662,14.957399221299267,189.8,0.3682685461660071,14.975804328918457
2013.0726367623736,14.957835268559359,190.0,0.3643870623010912,14.976046562194824
2016.0642869544997,14.958250960631432,190.2,0.3608369285126969,14.976284980773926
2019.0560215124485,14.958672789742382,190.4,0.35712579251384113,14.976521492004395
2022.0478392131263,14.959088503389335,190.6,0.35349902233764396,14.97675609588623
2025.0397386548475,14.959497208604722,190.8,0.34995539489040084,14.976987838745117
2028.031718640589,14.959899928708369,191.0,0.346493508486617,14.977217674255371
2031.0237802330191,14.960307962152138,191.2,0.3428680254780261,14.977444648742676
2034.0159222364405,14.960710017105878,191.4,0.3393241491582444,14.977669715881348
2037.0378897925593,15.109837780594598,191.6,0.3065638088295941,15.125161170959473
2040.029888036862,14.959991221512102,191.8,0.3331700368234465,14.976643562316895
2043.0219666051157,14.960392841268835,192.0,0.3298069530011958,14.977108001708984
2046.0141241234771,14.960787591807792,192.2,0.32652419312984193,14.977335929870605
2049.0357409214434,15.108083989829767,192.4,-2.6722850853837485,14.977561950683594
2052.0277614147567,14.960102466566855,192.6,0.34933171258256834,14.977561950683594
2055.049258373254,15.107484792484858,192.8,-2.6498587316041835,14.978008270263672
2058.041145355053,14.959434908996007,193.0,0.37163822689302606,14.978008270263672
2061.0331133399404,14.959839924439336,193.2,0.36791973994189675,14.978227615356445
2064.0251635766776,14.960251183683857,193.4,0.364038115454548,14.978445053100586
2067.0466982788344,15.10767351078348,193.6,-2.6353667259332383,14.978873252868652
2070.0386131680875,14.959574446264414,193.8,0.38616797622347576,14.978873252868652
2073.0306094989223,14.959981654175202,194.0,0.3822332561016424,14.979084014892578
2076.0520797152344,15.107351081561228,194.2,-2.646522366188549,14.97803020477295
2079.04393803378,14.959291592725393,194.4,0.37494785012353304,14.97803020477295
2082.0358800787862,14.959710225033207,194.6,0.3709565592939157,14.978249549865723
2085.027902195709,14.960110584612499,194.8,0.36729313555036924,14.978466987609863
2088.0200054518473,14.960516280692062,195.0,0.36346564309809537,14.978681564331055
2091.0121862182036,14.96090383178291,195.2,0.35996343048640256,14.978894233703613
2094.00444577838,14.961297800880471,195.4,0.3562945874677439,14.979104995727539
2096.9967829649045,14.961685932621993,195.6,0.35270453826927906,14.979313850402832
2100.0185956560044,15.109063455499028,195.8,-2.646901634581411,14.979724884033203
2103.0107932778205,14.96098810908224,196.0,0.37491105651855605,14.979724884033203
2106.032457898908,15.108323105437922,196.2,-2.6538874154153405,14.978658676147461
2109.02451351937,14.9602781023092,196.4,0.36777720567209826,14.978658676147461
2112.0166495628505,14.960680217404132,196.6,0.3639832167590953,14.97887134552002
2115.0088648457395,14.96107641444311,196.8,0.36026965086460905,14.979082107543945
2118.0011581961708,14.961466752156557,197.0,0.3566353243786011,14.979290962219238
2120.993528453912,14.961851288707859,197.2,0.35307906543488343,14.979497909545898
2123.985976908679,14.962242273832315,197.4,0.34935557317606936,14.979702949523926
2126.9784997697075,14.9626143051431,197.6,0.34595441856794196,14.979905128479004
2129.971098542417,14.962993863547464,197.8,0.3423835295965887,14.980106353759766
2132.9637718972285,14.96336677405857,198.0,0.3388885523062868,14.980304718017578
2135.956518708517,14.963734056441723,198.2,0.33546815711764566,14.980501174926758
2138.949337861841,14.964095766618609,198.4,0.33212121840591635,14.980695724487305
2141.9719396475884,15.11300892873983,198.6,0.2993056061049515,15.127969741821289
2144.9939837262114,15.11022039311359,198.8,-2.6697918268974377,14.979814529418945
2147.9864255657894,14.962209197892276,199.0,0.35225225172547425,14.979814529418945
2151.0086665433405,15.111204887757081,199.2,0.3190593256785519,15.127152442932129
2154.0009602542495,14.961468554543012,199.4,0.345694834479616,14.97874641418457
2156.993332015991,14.961858808708971,199.6,0.3421389360136686,14.978959083557129
2159.9857804776116,14.962242308101176,199.8,0.33866108838032005,14.979168891906738
2162.9783044923206,14.962620073547097,200.0,0.33525994062569,14.979376792907715
2166.000630906662,15.11163207170724,200.2,0.3023933303347235,15.126747131347656
2168.9930044038174,14.961867485774457,200.4,0.32911427592620157,14.978317260742188
2171.985455921679,14.962257589310045,200.6,0.32563816370651466,14.978533744812012
2174.977981861296,14.96262969808311,200.8,0.32248421281832407,14.978748321533203
2178.0003167326963,15.111674357002544,201.0,0.28986366806014985,15.126163482666016
2180.992692096742,14.961876820227847,201.2,0.3165930707104394,14.977701187133789
2183.9851441710325,14.962260371452109,201.4,0.31336296600596825,14.977923393249512
2187.007043127564,15.1094947826588,201.6,-2.685395897203364,14.978362083435059
2189.999351783206,14.96154327820877,201.8,0.3365030593280949,14.978362083435059
2193.021127035756,15.108876262750487,202.0,-2.6628875037800412,14.978792190551758
2196.0132981364145,14.960855503294706,202.2,0.3588877487699733,14.978792190551758
2199.0055458801185,14.961238718519445,202.4,0.3554533806786253,14.97900390625
2201.9978713684027,14.96162744142126,202.6,0.3518515150075814,14.979212760925293
2204.9902736349404,14.962011332688531,202.8,0.34832739391680434,14.97942066192627
2208.012478726534,15.111025457969335,203.0,0.3153390354545422,15.126787185668945
2211.0047351457733,14.961282096197705,203.2,0.3416945176731474,14.978360176086426
2213.997068313632,14.961665839292797,203.4,0.3383454681624585,14.97857666015625
2216.9894793307067,14.962055085373484,203.6,0.3348290266462186,14.978790283203125
2219.981964599992,14.96242634642392,203.8,0.3316345749707921,14.979001998901367
2222.9745254377467,14.962804188773795,204.0,0.3282702348810176,14.979418754577637
2225.996543866093,15.110092141731363,204.2,-2.6711122867391737,14.97962474822998
2228.9889611939097,14.962086639082699,204.4,0.3509061416070267,14.97962474822998
2231.98145342925,14.962461176702988,204.6,0.34747386004886494,14.979827880859375
2234.974021881793,14.962842262713789,204.8,0.3438723453891157,14.980029106140137
2237.996382735008,15.111804266075874,205.0,0.3110501729319708,15.127351760864258
2240.9887998376425,14.962085513174365,205.2,0.3375614167720755,14.978957176208496
2243.9812933790627,14.962467707099497,205.4,0.3341289100316658,14.979167938232422
2246.9738620242965,14.962843226170888,205.6,0.33077284207678304,14.979375839233398
2249.966504642386,14.96321309044676,205.8,0.3274918779356426,14.979581832885742
2252.959222361721,14.963588596676026,206.0,0.3240407460252186,14.979784965515137
2255.9520118032015,14.963947207402041,206.2,0.32090885598512386,14.979987144470215
2258.974594496452,15.112913466250713,206.4,0.288063531840578,14.97891616821289
2261.996603511144,15.110045073460784,206.6,-2.6808088530338523,14.9791259765625
2264.98901802828,14.962072585679353,206.8,0.3412001616579232,14.9791259765625
2268.0108774899263,15.109297308232035,207.0,-2.687381414955837,14.978072166442871
2271.0031483895204,14.961354497972033,207.2,0.33447804669043535,14.978072166442871
2273.9954962761826,14.96173943330958,207.4,0.3311434775345674,14.978290557861328
2276.987922438919,14.962130813683014,207.6,0.32764175482174096,14.978507041931152
2279.980423276285,14.962504186827276,207.8,0.3244624488083332,14.978721618652344
2282.9730001003772,14.962884120462,208.0,0.3211136767990297,15.126336097717285
2285.995382680272,15.111912899474586,208.2,0.28854401651636863,15.126336097717285
2288.9878071814182,14.962122505728555,208.4,0.3153211276612069,14.978104591369629
2291.9803077114393,14.962502650105066,208.6,0.31214016005736767,14.978322982788086
2294.9728853782767,14.962888334186284,208.8,0.3087910807034291,14.978322982788086
2297.995277399509,15.111960106163107,209.0,0.27622226316583465,15.125767707824707
2300.987702685491,14.962126429910764,209.2,0.3032529562732975,14.97728443145752
2303.980204948541,14.962511315249476,209.4,0.30007277350517825,14.977510452270508
2307.0021225094747,15.109587804668303,209.6,-2.7276886353197938,14.97648811340332
2309.9944786916585,14.961780910918495,209.8,0.2942289256138224,14.97648811340332
2312.9869118203414,14.96216564341623,210.0,0.29122377967263446,14.976722717285156
2315.979420555019,14.962543673388154,210.2,0.28829558023056734,14.976954460144043
2318.9720037592706,14.962916021258549,210.4,0.28544298678292535,14.977184295654297
2321.994014072466,15.110051565979143,210.6,-2.712940605840288,14.97763729095459
2324.986451817328,14.962188724307525,210.8,0.3090697073552633,14.97763729095459
2328.008715232418,15.111317075451705,211.0,0.27636096784220854,15.125131607055664
2331.001005949429,14.961453585055073,211.2,0.30326305480724614,14.976612091064453
2333.9933740746546,14.961840626128236,211.4,0.3001924436929926,14.976845741271973
2336.9858182630564,14.962220942010442,211.6,0.29719924079375915,14.977076530456543
2339.9783373737237,14.962595553335623,211.8,0.2942821010705643,14.97730541229248
2343.000685755991,15.111741911337129,212.0,0.2616547273627816,15.124821662902832
2345.9930548870243,14.961845655166938,212.2,0.2888859221301914,14.976285934448242
2348.985501217575,14.962231652751756,212.4,0.28589372503842014,14.976522445678711
2351.9780235953062,14.96261188865742,212.6,0.28297872746401254,14.976757049560547
2354.9706206886194,14.962985466564719,212.8,0.2801397770703602,14.976988792419434
2357.963291369914,14.963353406471715,213.0,0.27737554225853955,14.977445602416992
2360.95603677165,14.96372700868162,213.2,0.2744407548029244,14.977445602416992
2363.948855766177,14.964094972635618,213.4,0.2715806877890259,14.977670669555664
2366.9417472370724,14.964457354477315,213.6,0.2687942135661956,14.977893829345703
